== run-all start 2026-09-29T22:47:33Z
== main / hot  ram=31G file=1024MB sfDocs=1000000 drop=false  2026-09-29T22:47:33Z
   jar=/opt/bench/main/lucene-benchmark-jmh-11.0.0-SNAPSHOT.jar
openjdk version "25.0.4.1" 2026-08-18 LTS
   priming: drop caches, sequential read of /data/pread-bench-1024mb.dat
WARNING: A terminally deprecated method in sun.misc.Unsafe has been called
WARNING: sun.misc.Unsafe::objectFieldOffset has been called by org.openjdk.jmh.util.Utils (file:/opt/bench/main/jmh-core-1.37.jar)
WARNING: Please consider reporting this to the maintainers of class org.openjdk.jmh.util.Utils
WARNING: sun.misc.Unsafe::objectFieldOffset will be removed in a future release
# JMH version: 1.37
# VM version: JDK 25.0.4.1, OpenJDK 64-Bit Server VM, 25.0.4.1+1-LTS
# VM invoker: /opt/jdk-25/bin/java
# VM options: --enable-native-access=ALL-UNNAMED -Xms2g -Xmx2g -Dbench.file=/data/pread-bench-1024mb.dat -Dbench.fileSizeMB=1024 -Dbench.dropPageCache=false
# Blackhole mode: compiler (auto-detected, use -Djmh.blackhole.autoDetect=false to disable)
# Warmup: 2 iterations, 3 s each
# Measurement: 3 iterations, 5 s each
# Timeout: 10 min per iteration
# Threads: 1 thread, will synchronize iterations
# Benchmark mode: Throughput, ops/time
# Benchmark: org.apache.lucene.benchmark.jmh.RandomReadIOBenchmark.mmapBatchedPrefetch_T01
# Parameters: (readSize = 16384, readsPerOp = 16)

# Run progress: 0.00% complete, ETA 00:11:12
# Fork: 1 of 2
WARNING: A terminally deprecated method in sun.misc.Unsafe has been called
WARNING: sun.misc.Unsafe::objectFieldOffset has been called by org.openjdk.jmh.util.Utils (file:/opt/bench/main/jmh-core-1.37.jar)
WARNING: Please consider reporting this to the maintainers of class org.openjdk.jmh.util.Utils
WARNING: sun.misc.Unsafe::objectFieldOffset will be removed in a future release
# Warmup Iteration   1: 43.326 ops/ms
# Warmup Iteration   2: 44.544 ops/ms
Iteration   1: 43.821 ops/ms
Iteration   2: 43.845 ops/ms
Iteration   3: 44.091 ops/ms

# Run progress: 3.13% complete, ETA 00:11:04
# Fork: 2 of 2
WARNING: A terminally deprecated method in sun.misc.Unsafe has been called
WARNING: sun.misc.Unsafe::objectFieldOffset has been called by org.openjdk.jmh.util.Utils (file:/opt/bench/main/jmh-core-1.37.jar)
WARNING: Please consider reporting this to the maintainers of class org.openjdk.jmh.util.Utils
WARNING: sun.misc.Unsafe::objectFieldOffset will be removed in a future release
# Warmup Iteration   1: 43.071 ops/ms
# Warmup Iteration   2: 44.109 ops/ms
Iteration   1: 44.316 ops/ms
Iteration   2: 44.095 ops/ms
Iteration   3: 44.464 ops/ms


Result "org.apache.lucene.benchmark.jmh.RandomReadIOBenchmark.mmapBatchedPrefetch_T01":
  44.105 ±(99.9%) 0.712 ops/ms [Average]
  (min, avg, max) = (43.821, 44.105, 44.464), stdev = 0.254
  CI (99.9%): [43.394, 44.817] (assumes normal distribution)


# JMH version: 1.37
# VM version: JDK 25.0.4.1, OpenJDK 64-Bit Server VM, 25.0.4.1+1-LTS
# VM invoker: /opt/jdk-25/bin/java
# VM options: --enable-native-access=ALL-UNNAMED -Xms2g -Xmx2g -Dbench.file=/data/pread-bench-1024mb.dat -Dbench.fileSizeMB=1024 -Dbench.dropPageCache=false
# Blackhole mode: compiler (auto-detected, use -Djmh.blackhole.autoDetect=false to disable)
# Warmup: 2 iterations, 3 s each
# Measurement: 3 iterations, 5 s each
# Timeout: 10 min per iteration
# Threads: 4 threads, will synchronize iterations
# Benchmark mode: Throughput, ops/time
# Benchmark: org.apache.lucene.benchmark.jmh.RandomReadIOBenchmark.mmapBatchedPrefetch_T04
# Parameters: (readSize = 16384, readsPerOp = 16)

# Run progress: 6.25% complete, ETA 00:10:41
# Fork: 1 of 2
WARNING: A terminally deprecated method in sun.misc.Unsafe has been called
WARNING: sun.misc.Unsafe::objectFieldOffset has been called by org.openjdk.jmh.util.Utils (file:/opt/bench/main/jmh-core-1.37.jar)
WARNING: Please consider reporting this to the maintainers of class org.openjdk.jmh.util.Utils
WARNING: sun.misc.Unsafe::objectFieldOffset will be removed in a future release
# Warmup Iteration   1: 176.508 ops/ms
# Warmup Iteration   2: 178.511 ops/ms
Iteration   1: 177.759 ops/ms
Iteration   2: 176.904 ops/ms
Iteration   3: 177.210 ops/ms

# Run progress: 9.38% complete, ETA 00:10:29
# Fork: 2 of 2
WARNING: A terminally deprecated method in sun.misc.Unsafe has been called
WARNING: sun.misc.Unsafe::objectFieldOffset has been called by org.openjdk.jmh.util.Utils (file:/opt/bench/main/jmh-core-1.37.jar)
WARNING: Please consider reporting this to the maintainers of class org.openjdk.jmh.util.Utils
WARNING: sun.misc.Unsafe::objectFieldOffset will be removed in a future release
# Warmup Iteration   1: 176.513 ops/ms
# Warmup Iteration   2: 176.216 ops/ms
Iteration   1: 177.584 ops/ms
Iteration   2: 176.971 ops/ms
Iteration   3: 178.168 ops/ms


Result "org.apache.lucene.benchmark.jmh.RandomReadIOBenchmark.mmapBatchedPrefetch_T04":
  177.433 ±(99.9%) 1.380 ops/ms [Average]
  (min, avg, max) = (176.904, 177.433, 178.168), stdev = 0.492
  CI (99.9%): [176.052, 178.813] (assumes normal distribution)


# JMH version: 1.37
# VM version: JDK 25.0.4.1, OpenJDK 64-Bit Server VM, 25.0.4.1+1-LTS
# VM invoker: /opt/jdk-25/bin/java
# VM options: --enable-native-access=ALL-UNNAMED -Xms2g -Xmx2g -Dbench.file=/data/pread-bench-1024mb.dat -Dbench.fileSizeMB=1024 -Dbench.dropPageCache=false
# Blackhole mode: compiler (auto-detected, use -Djmh.blackhole.autoDetect=false to disable)
# Warmup: 2 iterations, 3 s each
# Measurement: 3 iterations, 5 s each
# Timeout: 10 min per iteration
# Threads: 8 threads, will synchronize iterations
# Benchmark mode: Throughput, ops/time
# Benchmark: org.apache.lucene.benchmark.jmh.RandomReadIOBenchmark.mmapBatchedPrefetch_T08
# Parameters: (readSize = 16384, readsPerOp = 16)

# Run progress: 12.50% complete, ETA 00:10:12
# Fork: 1 of 2
WARNING: A terminally deprecated method in sun.misc.Unsafe has been called
WARNING: sun.misc.Unsafe::objectFieldOffset has been called by org.openjdk.jmh.util.Utils (file:/opt/bench/main/jmh-core-1.37.jar)
WARNING: Please consider reporting this to the maintainers of class org.openjdk.jmh.util.Utils
WARNING: sun.misc.Unsafe::objectFieldOffset will be removed in a future release
# Warmup Iteration   1: 321.837 ops/ms
# Warmup Iteration   2: 326.780 ops/ms
Iteration   1: 327.807 ops/ms
Iteration   2: 327.143 ops/ms
Iteration   3: 328.134 ops/ms

# Run progress: 15.63% complete, ETA 00:09:52
# Fork: 2 of 2
WARNING: A terminally deprecated method in sun.misc.Unsafe has been called
WARNING: sun.misc.Unsafe::objectFieldOffset has been called by org.openjdk.jmh.util.Utils (file:/opt/bench/main/jmh-core-1.37.jar)
WARNING: Please consider reporting this to the maintainers of class org.openjdk.jmh.util.Utils
WARNING: sun.misc.Unsafe::objectFieldOffset will be removed in a future release
# Warmup Iteration   1: 325.795 ops/ms
# Warmup Iteration   2: 327.700 ops/ms
Iteration   1: 328.295 ops/ms
Iteration   2: 329.323 ops/ms
Iteration   3: 328.672 ops/ms


Result "org.apache.lucene.benchmark.jmh.RandomReadIOBenchmark.mmapBatchedPrefetch_T08":
  328.229 ±(99.9%) 2.085 ops/ms [Average]
  (min, avg, max) = (327.143, 328.229, 329.323), stdev = 0.744
  CI (99.9%): [326.144, 330.314] (assumes normal distribution)


# JMH version: 1.37
# VM version: JDK 25.0.4.1, OpenJDK 64-Bit Server VM, 25.0.4.1+1-LTS
# VM invoker: /opt/jdk-25/bin/java
# VM options: --enable-native-access=ALL-UNNAMED -Xms2g -Xmx2g -Dbench.file=/data/pread-bench-1024mb.dat -Dbench.fileSizeMB=1024 -Dbench.dropPageCache=false
# Blackhole mode: compiler (auto-detected, use -Djmh.blackhole.autoDetect=false to disable)
# Warmup: 2 iterations, 3 s each
# Measurement: 3 iterations, 5 s each
# Timeout: 10 min per iteration
# Threads: 16 threads, will synchronize iterations
# Benchmark mode: Throughput, ops/time
# Benchmark: org.apache.lucene.benchmark.jmh.RandomReadIOBenchmark.mmapBatchedPrefetch_T16
# Parameters: (readSize = 16384, readsPerOp = 16)

# Run progress: 18.75% complete, ETA 00:09:32
# Fork: 1 of 2
WARNING: A terminally deprecated method in sun.misc.Unsafe has been called
WARNING: sun.misc.Unsafe::objectFieldOffset has been called by org.openjdk.jmh.util.Utils (file:/opt/bench/main/jmh-core-1.37.jar)
WARNING: Please consider reporting this to the maintainers of class org.openjdk.jmh.util.Utils
WARNING: sun.misc.Unsafe::objectFieldOffset will be removed in a future release
# Warmup Iteration   1: 338.981 ops/ms
# Warmup Iteration   2: 342.883 ops/ms
Iteration   1: 340.773 ops/ms
Iteration   2: 343.397 ops/ms
Iteration   3: 343.179 ops/ms

# Run progress: 21.88% complete, ETA 00:09:11
# Fork: 2 of 2
WARNING: A terminally deprecated method in sun.misc.Unsafe has been called
WARNING: sun.misc.Unsafe::objectFieldOffset has been called by org.openjdk.jmh.util.Utils (file:/opt/bench/main/jmh-core-1.37.jar)
WARNING: Please consider reporting this to the maintainers of class org.openjdk.jmh.util.Utils
WARNING: sun.misc.Unsafe::objectFieldOffset will be removed in a future release
# Warmup Iteration   1: 335.336 ops/ms
# Warmup Iteration   2: 343.820 ops/ms
Iteration   1: 342.491 ops/ms
Iteration   2: 342.833 ops/ms
Iteration   3: 342.757 ops/ms


Result "org.apache.lucene.benchmark.jmh.RandomReadIOBenchmark.mmapBatchedPrefetch_T16":
  342.572 ±(99.9%) 2.628 ops/ms [Average]
  (min, avg, max) = (340.773, 342.572, 343.397), stdev = 0.937
  CI (99.9%): [339.944, 345.200] (assumes normal distribution)


# JMH version: 1.37
# VM version: JDK 25.0.4.1, OpenJDK 64-Bit Server VM, 25.0.4.1+1-LTS
# VM invoker: /opt/jdk-25/bin/java
# VM options: --enable-native-access=ALL-UNNAMED -Xms2g -Xmx2g -Dbench.file=/data/pread-bench-1024mb.dat -Dbench.fileSizeMB=1024 -Dbench.dropPageCache=false
# Blackhole mode: compiler (auto-detected, use -Djmh.blackhole.autoDetect=false to disable)
# Warmup: 2 iterations, 3 s each
# Measurement: 3 iterations, 5 s each
# Timeout: 10 min per iteration
# Threads: 1 thread, will synchronize iterations
# Benchmark mode: Throughput, ops/time
# Benchmark: org.apache.lucene.benchmark.jmh.RandomReadIOBenchmark.mmapRandomBatchedPrefetch_T01
# Parameters: (readSize = 16384, readsPerOp = 16)

# Run progress: 25.00% complete, ETA 00:08:50
# Fork: 1 of 2
WARNING: A terminally deprecated method in sun.misc.Unsafe has been called
WARNING: sun.misc.Unsafe::objectFieldOffset has been called by org.openjdk.jmh.util.Utils (file:/opt/bench/main/jmh-core-1.37.jar)
WARNING: Please consider reporting this to the maintainers of class org.openjdk.jmh.util.Utils
WARNING: sun.misc.Unsafe::objectFieldOffset will be removed in a future release
# Warmup Iteration   1: 43.938 ops/ms
# Warmup Iteration   2: 44.368 ops/ms
Iteration   1: 43.860 ops/ms
Iteration   2: 45.055 ops/ms
Iteration   3: 45.260 ops/ms

# Run progress: 28.13% complete, ETA 00:08:26
# Fork: 2 of 2
WARNING: A terminally deprecated method in sun.misc.Unsafe has been called
WARNING: sun.misc.Unsafe::objectFieldOffset has been called by org.openjdk.jmh.util.Utils (file:/opt/bench/main/jmh-core-1.37.jar)
WARNING: Please consider reporting this to the maintainers of class org.openjdk.jmh.util.Utils
WARNING: sun.misc.Unsafe::objectFieldOffset will be removed in a future release
# Warmup Iteration   1: 43.012 ops/ms
# Warmup Iteration   2: 44.627 ops/ms
Iteration   1: 44.059 ops/ms
Iteration   2: 43.947 ops/ms
Iteration   3: 44.337 ops/ms


Result "org.apache.lucene.benchmark.jmh.RandomReadIOBenchmark.mmapRandomBatchedPrefetch_T01":
  44.420 ±(99.9%) 1.675 ops/ms [Average]
  (min, avg, max) = (43.860, 44.420, 45.260), stdev = 0.597
  CI (99.9%): [42.745, 46.094] (assumes normal distribution)


# JMH version: 1.37
# VM version: JDK 25.0.4.1, OpenJDK 64-Bit Server VM, 25.0.4.1+1-LTS
# VM invoker: /opt/jdk-25/bin/java
# VM options: --enable-native-access=ALL-UNNAMED -Xms2g -Xmx2g -Dbench.file=/data/pread-bench-1024mb.dat -Dbench.fileSizeMB=1024 -Dbench.dropPageCache=false
# Blackhole mode: compiler (auto-detected, use -Djmh.blackhole.autoDetect=false to disable)
# Warmup: 2 iterations, 3 s each
# Measurement: 3 iterations, 5 s each
# Timeout: 10 min per iteration
# Threads: 4 threads, will synchronize iterations
# Benchmark mode: Throughput, ops/time
# Benchmark: org.apache.lucene.benchmark.jmh.RandomReadIOBenchmark.mmapRandomBatchedPrefetch_T04
# Parameters: (readSize = 16384, readsPerOp = 16)

# Run progress: 31.25% complete, ETA 00:08:02
# Fork: 1 of 2
WARNING: A terminally deprecated method in sun.misc.Unsafe has been called
WARNING: sun.misc.Unsafe::objectFieldOffset has been called by org.openjdk.jmh.util.Utils (file:/opt/bench/main/jmh-core-1.37.jar)
WARNING: Please consider reporting this to the maintainers of class org.openjdk.jmh.util.Utils
WARNING: sun.misc.Unsafe::objectFieldOffset will be removed in a future release
# Warmup Iteration   1: 176.544 ops/ms
# Warmup Iteration   2: 177.739 ops/ms
Iteration   1: 178.035 ops/ms
Iteration   2: 178.635 ops/ms
Iteration   3: 177.258 ops/ms

# Run progress: 34.38% complete, ETA 00:07:41
# Fork: 2 of 2
WARNING: A terminally deprecated method in sun.misc.Unsafe has been called
WARNING: sun.misc.Unsafe::objectFieldOffset has been called by org.openjdk.jmh.util.Utils (file:/opt/bench/main/jmh-core-1.37.jar)
WARNING: Please consider reporting this to the maintainers of class org.openjdk.jmh.util.Utils
WARNING: sun.misc.Unsafe::objectFieldOffset will be removed in a future release
# Warmup Iteration   1: 175.751 ops/ms
# Warmup Iteration   2: 175.631 ops/ms
Iteration   1: 177.797 ops/ms
Iteration   2: 177.471 ops/ms
Iteration   3: 177.628 ops/ms


Result "org.apache.lucene.benchmark.jmh.RandomReadIOBenchmark.mmapRandomBatchedPrefetch_T04":
  177.804 ±(99.9%) 1.364 ops/ms [Average]
  (min, avg, max) = (177.258, 177.804, 178.635), stdev = 0.487
  CI (99.9%): [176.439, 179.168] (assumes normal distribution)


# JMH version: 1.37
# VM version: JDK 25.0.4.1, OpenJDK 64-Bit Server VM, 25.0.4.1+1-LTS
# VM invoker: /opt/jdk-25/bin/java
# VM options: --enable-native-access=ALL-UNNAMED -Xms2g -Xmx2g -Dbench.file=/data/pread-bench-1024mb.dat -Dbench.fileSizeMB=1024 -Dbench.dropPageCache=false
# Blackhole mode: compiler (auto-detected, use -Djmh.blackhole.autoDetect=false to disable)
# Warmup: 2 iterations, 3 s each
# Measurement: 3 iterations, 5 s each
# Timeout: 10 min per iteration
# Threads: 8 threads, will synchronize iterations
# Benchmark mode: Throughput, ops/time
# Benchmark: org.apache.lucene.benchmark.jmh.RandomReadIOBenchmark.mmapRandomBatchedPrefetch_T08
# Parameters: (readSize = 16384, readsPerOp = 16)

# Run progress: 37.50% complete, ETA 00:07:20
# Fork: 1 of 2
WARNING: A terminally deprecated method in sun.misc.Unsafe has been called
WARNING: sun.misc.Unsafe::objectFieldOffset has been called by org.openjdk.jmh.util.Utils (file:/opt/bench/main/jmh-core-1.37.jar)
WARNING: Please consider reporting this to the maintainers of class org.openjdk.jmh.util.Utils
WARNING: sun.misc.Unsafe::objectFieldOffset will be removed in a future release
# Warmup Iteration   1: 325.047 ops/ms
# Warmup Iteration   2: 326.066 ops/ms
Iteration   1: 330.045 ops/ms
Iteration   2: 331.171 ops/ms
Iteration   3: 329.560 ops/ms

# Run progress: 40.63% complete, ETA 00:06:58
# Fork: 2 of 2
WARNING: A terminally deprecated method in sun.misc.Unsafe has been called
WARNING: sun.misc.Unsafe::objectFieldOffset has been called by org.openjdk.jmh.util.Utils (file:/opt/bench/main/jmh-core-1.37.jar)
WARNING: Please consider reporting this to the maintainers of class org.openjdk.jmh.util.Utils
WARNING: sun.misc.Unsafe::objectFieldOffset will be removed in a future release
# Warmup Iteration   1: 323.726 ops/ms
# Warmup Iteration   2: 328.527 ops/ms
Iteration   1: 329.846 ops/ms
Iteration   2: 328.893 ops/ms
Iteration   3: 327.747 ops/ms


Result "org.apache.lucene.benchmark.jmh.RandomReadIOBenchmark.mmapRandomBatchedPrefetch_T08":
  329.544 ±(99.9%) 3.233 ops/ms [Average]
  (min, avg, max) = (327.747, 329.544, 331.171), stdev = 1.153
  CI (99.9%): [326.311, 332.776] (assumes normal distribution)


# JMH version: 1.37
# VM version: JDK 25.0.4.1, OpenJDK 64-Bit Server VM, 25.0.4.1+1-LTS
# VM invoker: /opt/jdk-25/bin/java
# VM options: --enable-native-access=ALL-UNNAMED -Xms2g -Xmx2g -Dbench.file=/data/pread-bench-1024mb.dat -Dbench.fileSizeMB=1024 -Dbench.dropPageCache=false
# Blackhole mode: compiler (auto-detected, use -Djmh.blackhole.autoDetect=false to disable)
# Warmup: 2 iterations, 3 s each
# Measurement: 3 iterations, 5 s each
# Timeout: 10 min per iteration
# Threads: 16 threads, will synchronize iterations
# Benchmark mode: Throughput, ops/time
# Benchmark: org.apache.lucene.benchmark.jmh.RandomReadIOBenchmark.mmapRandomBatchedPrefetch_T16
# Parameters: (readSize = 16384, readsPerOp = 16)

# Run progress: 43.75% complete, ETA 00:06:36
# Fork: 1 of 2
WARNING: A terminally deprecated method in sun.misc.Unsafe has been called
WARNING: sun.misc.Unsafe::objectFieldOffset has been called by org.openjdk.jmh.util.Utils (file:/opt/bench/main/jmh-core-1.37.jar)
WARNING: Please consider reporting this to the maintainers of class org.openjdk.jmh.util.Utils
WARNING: sun.misc.Unsafe::objectFieldOffset will be removed in a future release
# Warmup Iteration   1: 339.259 ops/ms
# Warmup Iteration   2: 342.461 ops/ms
Iteration   1: 341.100 ops/ms
Iteration   2: 343.486 ops/ms
Iteration   3: 342.195 ops/ms

# Run progress: 46.88% complete, ETA 00:06:15
# Fork: 2 of 2
WARNING: A terminally deprecated method in sun.misc.Unsafe has been called
WARNING: sun.misc.Unsafe::objectFieldOffset has been called by org.openjdk.jmh.util.Utils (file:/opt/bench/main/jmh-core-1.37.jar)
WARNING: Please consider reporting this to the maintainers of class org.openjdk.jmh.util.Utils
WARNING: sun.misc.Unsafe::objectFieldOffset will be removed in a future release
# Warmup Iteration   1: 335.143 ops/ms
# Warmup Iteration   2: 340.622 ops/ms
Iteration   1: 341.346 ops/ms
Iteration   2: 342.143 ops/ms
Iteration   3: 339.852 ops/ms


Result "org.apache.lucene.benchmark.jmh.RandomReadIOBenchmark.mmapRandomBatchedPrefetch_T16":
  341.687 ±(99.9%) 3.441 ops/ms [Average]
  (min, avg, max) = (339.852, 341.687, 343.486), stdev = 1.227
  CI (99.9%): [338.246, 345.128] (assumes normal distribution)


# JMH version: 1.37
# VM version: JDK 25.0.4.1, OpenJDK 64-Bit Server VM, 25.0.4.1+1-LTS
# VM invoker: /opt/jdk-25/bin/java
# VM options: --enable-native-access=ALL-UNNAMED -Xms2g -Xmx2g -Dbench.file=/data/pread-bench-1024mb.dat -Dbench.fileSizeMB=1024 -Dbench.dropPageCache=false
# Blackhole mode: compiler (auto-detected, use -Djmh.blackhole.autoDetect=false to disable)
# Warmup: 2 iterations, 3 s each
# Measurement: 3 iterations, 5 s each
# Timeout: 10 min per iteration
# Threads: 1 thread, will synchronize iterations
# Benchmark mode: Throughput, ops/time
# Benchmark: org.apache.lucene.benchmark.jmh.RandomReadIOBenchmark.mmapRandom_T01
# Parameters: (readSize = 16384, readsPerOp = 16)

# Run progress: 50.00% complete, ETA 00:05:53
# Fork: 1 of 2
WARNING: A terminally deprecated method in sun.misc.Unsafe has been called
WARNING: sun.misc.Unsafe::objectFieldOffset has been called by org.openjdk.jmh.util.Utils (file:/opt/bench/main/jmh-core-1.37.jar)
WARNING: Please consider reporting this to the maintainers of class org.openjdk.jmh.util.Utils
WARNING: sun.misc.Unsafe::objectFieldOffset will be removed in a future release
# Warmup Iteration   1: 43.274 ops/ms
# Warmup Iteration   2: 45.110 ops/ms
Iteration   1: 44.602 ops/ms
Iteration   2: 44.423 ops/ms
Iteration   3: 45.394 ops/ms

# Run progress: 53.13% complete, ETA 00:05:30
# Fork: 2 of 2
WARNING: A terminally deprecated method in sun.misc.Unsafe has been called
WARNING: sun.misc.Unsafe::objectFieldOffset has been called by org.openjdk.jmh.util.Utils (file:/opt/bench/main/jmh-core-1.37.jar)
WARNING: Please consider reporting this to the maintainers of class org.openjdk.jmh.util.Utils
WARNING: sun.misc.Unsafe::objectFieldOffset will be removed in a future release
# Warmup Iteration   1: 44.428 ops/ms
# Warmup Iteration   2: 44.911 ops/ms
Iteration   1: 45.156 ops/ms
Iteration   2: 44.021 ops/ms
Iteration   3: 45.009 ops/ms


Result "org.apache.lucene.benchmark.jmh.RandomReadIOBenchmark.mmapRandom_T01":
  44.768 ±(99.9%) 1.432 ops/ms [Average]
  (min, avg, max) = (44.021, 44.768, 45.394), stdev = 0.511
  CI (99.9%): [43.335, 46.200] (assumes normal distribution)


# JMH version: 1.37
# VM version: JDK 25.0.4.1, OpenJDK 64-Bit Server VM, 25.0.4.1+1-LTS
# VM invoker: /opt/jdk-25/bin/java
# VM options: --enable-native-access=ALL-UNNAMED -Xms2g -Xmx2g -Dbench.file=/data/pread-bench-1024mb.dat -Dbench.fileSizeMB=1024 -Dbench.dropPageCache=false
# Blackhole mode: compiler (auto-detected, use -Djmh.blackhole.autoDetect=false to disable)
# Warmup: 2 iterations, 3 s each
# Measurement: 3 iterations, 5 s each
# Timeout: 10 min per iteration
# Threads: 4 threads, will synchronize iterations
# Benchmark mode: Throughput, ops/time
# Benchmark: org.apache.lucene.benchmark.jmh.RandomReadIOBenchmark.mmapRandom_T04
# Parameters: (readSize = 16384, readsPerOp = 16)

# Run progress: 56.25% complete, ETA 00:05:08
# Fork: 1 of 2
WARNING: A terminally deprecated method in sun.misc.Unsafe has been called
WARNING: sun.misc.Unsafe::objectFieldOffset has been called by org.openjdk.jmh.util.Utils (file:/opt/bench/main/jmh-core-1.37.jar)
WARNING: Please consider reporting this to the maintainers of class org.openjdk.jmh.util.Utils
WARNING: sun.misc.Unsafe::objectFieldOffset will be removed in a future release
# Warmup Iteration   1: 179.442 ops/ms
# Warmup Iteration   2: 181.327 ops/ms
Iteration   1: 180.383 ops/ms
Iteration   2: 181.102 ops/ms
Iteration   3: 181.266 ops/ms

# Run progress: 59.38% complete, ETA 00:04:46
# Fork: 2 of 2
WARNING: A terminally deprecated method in sun.misc.Unsafe has been called
WARNING: sun.misc.Unsafe::objectFieldOffset has been called by org.openjdk.jmh.util.Utils (file:/opt/bench/main/jmh-core-1.37.jar)
WARNING: Please consider reporting this to the maintainers of class org.openjdk.jmh.util.Utils
WARNING: sun.misc.Unsafe::objectFieldOffset will be removed in a future release
# Warmup Iteration   1: 179.129 ops/ms
# Warmup Iteration   2: 181.609 ops/ms
Iteration   1: 181.501 ops/ms
Iteration   2: 181.716 ops/ms
Iteration   3: 180.896 ops/ms


Result "org.apache.lucene.benchmark.jmh.RandomReadIOBenchmark.mmapRandom_T04":
  181.144 ±(99.9%) 1.322 ops/ms [Average]
  (min, avg, max) = (180.383, 181.144, 181.716), stdev = 0.471
  CI (99.9%): [179.822, 182.466] (assumes normal distribution)


# JMH version: 1.37
# VM version: JDK 25.0.4.1, OpenJDK 64-Bit Server VM, 25.0.4.1+1-LTS
# VM invoker: /opt/jdk-25/bin/java
# VM options: --enable-native-access=ALL-UNNAMED -Xms2g -Xmx2g -Dbench.file=/data/pread-bench-1024mb.dat -Dbench.fileSizeMB=1024 -Dbench.dropPageCache=false
# Blackhole mode: compiler (auto-detected, use -Djmh.blackhole.autoDetect=false to disable)
# Warmup: 2 iterations, 3 s each
# Measurement: 3 iterations, 5 s each
# Timeout: 10 min per iteration
# Threads: 8 threads, will synchronize iterations
# Benchmark mode: Throughput, ops/time
# Benchmark: org.apache.lucene.benchmark.jmh.RandomReadIOBenchmark.mmapRandom_T08
# Parameters: (readSize = 16384, readsPerOp = 16)

# Run progress: 62.50% complete, ETA 00:04:24
# Fork: 1 of 2
WARNING: A terminally deprecated method in sun.misc.Unsafe has been called
WARNING: sun.misc.Unsafe::objectFieldOffset has been called by org.openjdk.jmh.util.Utils (file:/opt/bench/main/jmh-core-1.37.jar)
WARNING: Please consider reporting this to the maintainers of class org.openjdk.jmh.util.Utils
WARNING: sun.misc.Unsafe::objectFieldOffset will be removed in a future release
# Warmup Iteration   1: 330.089 ops/ms
# Warmup Iteration   2: 334.378 ops/ms
Iteration   1: 338.187 ops/ms
Iteration   2: 335.696 ops/ms
Iteration   3: 335.944 ops/ms

# Run progress: 65.63% complete, ETA 00:04:02
# Fork: 2 of 2
WARNING: A terminally deprecated method in sun.misc.Unsafe has been called
WARNING: sun.misc.Unsafe::objectFieldOffset has been called by org.openjdk.jmh.util.Utils (file:/opt/bench/main/jmh-core-1.37.jar)
WARNING: Please consider reporting this to the maintainers of class org.openjdk.jmh.util.Utils
WARNING: sun.misc.Unsafe::objectFieldOffset will be removed in a future release
# Warmup Iteration   1: 332.633 ops/ms
# Warmup Iteration   2: 334.665 ops/ms
Iteration   1: 337.034 ops/ms
Iteration   2: 336.239 ops/ms
Iteration   3: 336.410 ops/ms


Result "org.apache.lucene.benchmark.jmh.RandomReadIOBenchmark.mmapRandom_T08":
  336.585 ±(99.9%) 2.545 ops/ms [Average]
  (min, avg, max) = (335.696, 336.585, 338.187), stdev = 0.908
  CI (99.9%): [334.040, 339.130] (assumes normal distribution)


# JMH version: 1.37
# VM version: JDK 25.0.4.1, OpenJDK 64-Bit Server VM, 25.0.4.1+1-LTS
# VM invoker: /opt/jdk-25/bin/java
# VM options: --enable-native-access=ALL-UNNAMED -Xms2g -Xmx2g -Dbench.file=/data/pread-bench-1024mb.dat -Dbench.fileSizeMB=1024 -Dbench.dropPageCache=false
# Blackhole mode: compiler (auto-detected, use -Djmh.blackhole.autoDetect=false to disable)
# Warmup: 2 iterations, 3 s each
# Measurement: 3 iterations, 5 s each
# Timeout: 10 min per iteration
# Threads: 16 threads, will synchronize iterations
# Benchmark mode: Throughput, ops/time
# Benchmark: org.apache.lucene.benchmark.jmh.RandomReadIOBenchmark.mmapRandom_T16
# Parameters: (readSize = 16384, readsPerOp = 16)

# Run progress: 68.75% complete, ETA 00:03:40
# Fork: 1 of 2
WARNING: A terminally deprecated method in sun.misc.Unsafe has been called
WARNING: sun.misc.Unsafe::objectFieldOffset has been called by org.openjdk.jmh.util.Utils (file:/opt/bench/main/jmh-core-1.37.jar)
WARNING: Please consider reporting this to the maintainers of class org.openjdk.jmh.util.Utils
WARNING: sun.misc.Unsafe::objectFieldOffset will be removed in a future release
# Warmup Iteration   1: 345.809 ops/ms
# Warmup Iteration   2: 347.922 ops/ms
Iteration   1: 347.634 ops/ms
Iteration   2: 349.368 ops/ms
Iteration   3: 349.783 ops/ms

# Run progress: 71.88% complete, ETA 00:03:18
# Fork: 2 of 2
WARNING: A terminally deprecated method in sun.misc.Unsafe has been called
WARNING: sun.misc.Unsafe::objectFieldOffset has been called by org.openjdk.jmh.util.Utils (file:/opt/bench/main/jmh-core-1.37.jar)
WARNING: Please consider reporting this to the maintainers of class org.openjdk.jmh.util.Utils
WARNING: sun.misc.Unsafe::objectFieldOffset will be removed in a future release
# Warmup Iteration   1: 346.834 ops/ms
# Warmup Iteration   2: 349.114 ops/ms
Iteration   1: 349.184 ops/ms
Iteration   2: 349.946 ops/ms
Iteration   3: 348.184 ops/ms


Result "org.apache.lucene.benchmark.jmh.RandomReadIOBenchmark.mmapRandom_T16":
  349.016 ±(99.9%) 2.573 ops/ms [Average]
  (min, avg, max) = (347.634, 349.016, 349.946), stdev = 0.917
  CI (99.9%): [346.444, 351.589] (assumes normal distribution)


# JMH version: 1.37
# VM version: JDK 25.0.4.1, OpenJDK 64-Bit Server VM, 25.0.4.1+1-LTS
# VM invoker: /opt/jdk-25/bin/java
# VM options: --enable-native-access=ALL-UNNAMED -Xms2g -Xmx2g -Dbench.file=/data/pread-bench-1024mb.dat -Dbench.fileSizeMB=1024 -Dbench.dropPageCache=false
# Blackhole mode: compiler (auto-detected, use -Djmh.blackhole.autoDetect=false to disable)
# Warmup: 2 iterations, 3 s each
# Measurement: 3 iterations, 5 s each
# Timeout: 10 min per iteration
# Threads: 1 thread, will synchronize iterations
# Benchmark mode: Throughput, ops/time
# Benchmark: org.apache.lucene.benchmark.jmh.RandomReadIOBenchmark.mmap_T01
# Parameters: (readSize = 16384, readsPerOp = 16)

# Run progress: 75.00% complete, ETA 00:02:56
# Fork: 1 of 2
WARNING: A terminally deprecated method in sun.misc.Unsafe has been called
WARNING: sun.misc.Unsafe::objectFieldOffset has been called by org.openjdk.jmh.util.Utils (file:/opt/bench/main/jmh-core-1.37.jar)
WARNING: Please consider reporting this to the maintainers of class org.openjdk.jmh.util.Utils
WARNING: sun.misc.Unsafe::objectFieldOffset will be removed in a future release
# Warmup Iteration   1: 44.196 ops/ms
# Warmup Iteration   2: 44.821 ops/ms
Iteration   1: 44.782 ops/ms
Iteration   2: 44.487 ops/ms
Iteration   3: 45.079 ops/ms

# Run progress: 78.13% complete, ETA 00:02:34
# Fork: 2 of 2
WARNING: A terminally deprecated method in sun.misc.Unsafe has been called
WARNING: sun.misc.Unsafe::objectFieldOffset has been called by org.openjdk.jmh.util.Utils (file:/opt/bench/main/jmh-core-1.37.jar)
WARNING: Please consider reporting this to the maintainers of class org.openjdk.jmh.util.Utils
WARNING: sun.misc.Unsafe::objectFieldOffset will be removed in a future release
# Warmup Iteration   1: 43.357 ops/ms
# Warmup Iteration   2: 44.962 ops/ms
Iteration   1: 45.560 ops/ms
Iteration   2: 44.919 ops/ms
Iteration   3: 43.514 ops/ms


Result "org.apache.lucene.benchmark.jmh.RandomReadIOBenchmark.mmap_T01":
  44.723 ±(99.9%) 1.937 ops/ms [Average]
  (min, avg, max) = (43.514, 44.723, 45.560), stdev = 0.691
  CI (99.9%): [42.786, 46.661] (assumes normal distribution)


# JMH version: 1.37
# VM version: JDK 25.0.4.1, OpenJDK 64-Bit Server VM, 25.0.4.1+1-LTS
# VM invoker: /opt/jdk-25/bin/java
# VM options: --enable-native-access=ALL-UNNAMED -Xms2g -Xmx2g -Dbench.file=/data/pread-bench-1024mb.dat -Dbench.fileSizeMB=1024 -Dbench.dropPageCache=false
# Blackhole mode: compiler (auto-detected, use -Djmh.blackhole.autoDetect=false to disable)
# Warmup: 2 iterations, 3 s each
# Measurement: 3 iterations, 5 s each
# Timeout: 10 min per iteration
# Threads: 4 threads, will synchronize iterations
# Benchmark mode: Throughput, ops/time
# Benchmark: org.apache.lucene.benchmark.jmh.RandomReadIOBenchmark.mmap_T04
# Parameters: (readSize = 16384, readsPerOp = 16)

# Run progress: 81.25% complete, ETA 00:02:12
# Fork: 1 of 2
WARNING: A terminally deprecated method in sun.misc.Unsafe has been called
WARNING: sun.misc.Unsafe::objectFieldOffset has been called by org.openjdk.jmh.util.Utils (file:/opt/bench/main/jmh-core-1.37.jar)
WARNING: Please consider reporting this to the maintainers of class org.openjdk.jmh.util.Utils
WARNING: sun.misc.Unsafe::objectFieldOffset will be removed in a future release
# Warmup Iteration   1: 174.910 ops/ms
# Warmup Iteration   2: 180.080 ops/ms
Iteration   1: 180.749 ops/ms
Iteration   2: 180.794 ops/ms
Iteration   3: 180.385 ops/ms

# Run progress: 84.38% complete, ETA 00:01:50
# Fork: 2 of 2
WARNING: A terminally deprecated method in sun.misc.Unsafe has been called
WARNING: sun.misc.Unsafe::objectFieldOffset has been called by org.openjdk.jmh.util.Utils (file:/opt/bench/main/jmh-core-1.37.jar)
WARNING: Please consider reporting this to the maintainers of class org.openjdk.jmh.util.Utils
WARNING: sun.misc.Unsafe::objectFieldOffset will be removed in a future release
# Warmup Iteration   1: 178.696 ops/ms
# Warmup Iteration   2: 180.363 ops/ms
Iteration   1: 180.231 ops/ms
Iteration   2: 179.466 ops/ms
Iteration   3: 179.932 ops/ms


Result "org.apache.lucene.benchmark.jmh.RandomReadIOBenchmark.mmap_T04":
  180.260 ±(99.9%) 1.418 ops/ms [Average]
  (min, avg, max) = (179.466, 180.260, 180.794), stdev = 0.506
  CI (99.9%): [178.842, 181.678] (assumes normal distribution)


# JMH version: 1.37
# VM version: JDK 25.0.4.1, OpenJDK 64-Bit Server VM, 25.0.4.1+1-LTS
# VM invoker: /opt/jdk-25/bin/java
# VM options: --enable-native-access=ALL-UNNAMED -Xms2g -Xmx2g -Dbench.file=/data/pread-bench-1024mb.dat -Dbench.fileSizeMB=1024 -Dbench.dropPageCache=false
# Blackhole mode: compiler (auto-detected, use -Djmh.blackhole.autoDetect=false to disable)
# Warmup: 2 iterations, 3 s each
# Measurement: 3 iterations, 5 s each
# Timeout: 10 min per iteration
# Threads: 8 threads, will synchronize iterations
# Benchmark mode: Throughput, ops/time
# Benchmark: org.apache.lucene.benchmark.jmh.RandomReadIOBenchmark.mmap_T08
# Parameters: (readSize = 16384, readsPerOp = 16)

# Run progress: 87.50% complete, ETA 00:01:28
# Fork: 1 of 2
WARNING: A terminally deprecated method in sun.misc.Unsafe has been called
WARNING: sun.misc.Unsafe::objectFieldOffset has been called by org.openjdk.jmh.util.Utils (file:/opt/bench/main/jmh-core-1.37.jar)
WARNING: Please consider reporting this to the maintainers of class org.openjdk.jmh.util.Utils
WARNING: sun.misc.Unsafe::objectFieldOffset will be removed in a future release
# Warmup Iteration   1: 330.542 ops/ms
# Warmup Iteration   2: 331.227 ops/ms
Iteration   1: 334.725 ops/ms
Iteration   2: 331.967 ops/ms
Iteration   3: 325.897 ops/ms

# Run progress: 90.63% complete, ETA 00:01:06
# Fork: 2 of 2
WARNING: A terminally deprecated method in sun.misc.Unsafe has been called
WARNING: sun.misc.Unsafe::objectFieldOffset has been called by org.openjdk.jmh.util.Utils (file:/opt/bench/main/jmh-core-1.37.jar)
WARNING: Please consider reporting this to the maintainers of class org.openjdk.jmh.util.Utils
WARNING: sun.misc.Unsafe::objectFieldOffset will be removed in a future release
# Warmup Iteration   1: 320.752 ops/ms
# Warmup Iteration   2: 325.707 ops/ms
Iteration   1: 323.932 ops/ms
Iteration   2: 323.413 ops/ms
Iteration   3: 324.751 ops/ms


Result "org.apache.lucene.benchmark.jmh.RandomReadIOBenchmark.mmap_T08":
  327.448 ±(99.9%) 13.253 ops/ms [Average]
  (min, avg, max) = (323.413, 327.448, 334.725), stdev = 4.726
  CI (99.9%): [314.194, 340.701] (assumes normal distribution)


# JMH version: 1.37
# VM version: JDK 25.0.4.1, OpenJDK 64-Bit Server VM, 25.0.4.1+1-LTS
# VM invoker: /opt/jdk-25/bin/java
# VM options: --enable-native-access=ALL-UNNAMED -Xms2g -Xmx2g -Dbench.file=/data/pread-bench-1024mb.dat -Dbench.fileSizeMB=1024 -Dbench.dropPageCache=false
# Blackhole mode: compiler (auto-detected, use -Djmh.blackhole.autoDetect=false to disable)
# Warmup: 2 iterations, 3 s each
# Measurement: 3 iterations, 5 s each
# Timeout: 10 min per iteration
# Threads: 16 threads, will synchronize iterations
# Benchmark mode: Throughput, ops/time
# Benchmark: org.apache.lucene.benchmark.jmh.RandomReadIOBenchmark.mmap_T16
# Parameters: (readSize = 16384, readsPerOp = 16)

# Run progress: 93.75% complete, ETA 00:00:44
# Fork: 1 of 2
WARNING: A terminally deprecated method in sun.misc.Unsafe has been called
WARNING: sun.misc.Unsafe::objectFieldOffset has been called by org.openjdk.jmh.util.Utils (file:/opt/bench/main/jmh-core-1.37.jar)
WARNING: Please consider reporting this to the maintainers of class org.openjdk.jmh.util.Utils
WARNING: sun.misc.Unsafe::objectFieldOffset will be removed in a future release
# Warmup Iteration   1: 333.801 ops/ms
# Warmup Iteration   2: 333.513 ops/ms
Iteration   1: 335.810 ops/ms
Iteration   2: 335.533 ops/ms
Iteration   3: 334.563 ops/ms

# Run progress: 96.88% complete, ETA 00:00:22
# Fork: 2 of 2
WARNING: A terminally deprecated method in sun.misc.Unsafe has been called
WARNING: sun.misc.Unsafe::objectFieldOffset has been called by org.openjdk.jmh.util.Utils (file:/opt/bench/main/jmh-core-1.37.jar)
WARNING: Please consider reporting this to the maintainers of class org.openjdk.jmh.util.Utils
WARNING: sun.misc.Unsafe::objectFieldOffset will be removed in a future release
# Warmup Iteration   1: 334.583 ops/ms
# Warmup Iteration   2: 337.390 ops/ms
Iteration   1: 337.853 ops/ms
Iteration   2: 336.948 ops/ms
Iteration   3: 336.016 ops/ms


Result "org.apache.lucene.benchmark.jmh.RandomReadIOBenchmark.mmap_T16":
  336.120 ±(99.9%) 3.213 ops/ms [Average]
  (min, avg, max) = (334.563, 336.120, 337.853), stdev = 1.146
  CI (99.9%): [332.907, 339.333] (assumes normal distribution)


# Run complete. Total time: 00:11:46

REMEMBER: The numbers below are just data. To gain reusable insights, you need to follow up on
why the numbers are the way they are. Use profilers (see -prof, -lprof), design factorial
experiments, perform baseline and negative tests that provide experimental control, make sure
the benchmarking environment is safe on JVM/OS/HW level, ask for reviews from the domain experts.
Do not assume the numbers tell you what you want them to tell.

NOTE: Current JVM experimentally supports Compiler Blackholes, and they are in use. Please exercise
extra caution when trusting the results, look into the generated code to check the benchmark still
works, and factor in a small probability of new VM bugs. Additionally, while comparisons between
different JVMs are already problematic, the performance difference caused by different Blackhole
modes can be very significant. Please make sure you use the consistent Blackhole mode for comparisons.

Benchmark                                            (readSize)  (readsPerOp)   Mode  Cnt    Score    Error   Units
RandomReadIOBenchmark.mmapBatchedPrefetch_T01             16384            16  thrpt    6   44.105 ±  0.712  ops/ms
RandomReadIOBenchmark.mmapBatchedPrefetch_T04             16384            16  thrpt    6  177.433 ±  1.380  ops/ms
RandomReadIOBenchmark.mmapBatchedPrefetch_T08             16384            16  thrpt    6  328.229 ±  2.085  ops/ms
RandomReadIOBenchmark.mmapBatchedPrefetch_T16             16384            16  thrpt    6  342.572 ±  2.628  ops/ms
RandomReadIOBenchmark.mmapRandomBatchedPrefetch_T01       16384            16  thrpt    6   44.420 ±  1.675  ops/ms
RandomReadIOBenchmark.mmapRandomBatchedPrefetch_T04       16384            16  thrpt    6  177.804 ±  1.364  ops/ms
RandomReadIOBenchmark.mmapRandomBatchedPrefetch_T08       16384            16  thrpt    6  329.544 ±  3.233  ops/ms
RandomReadIOBenchmark.mmapRandomBatchedPrefetch_T16       16384            16  thrpt    6  341.687 ±  3.441  ops/ms
RandomReadIOBenchmark.mmapRandom_T01                      16384            16  thrpt    6   44.768 ±  1.432  ops/ms
RandomReadIOBenchmark.mmapRandom_T04                      16384            16  thrpt    6  181.144 ±  1.322  ops/ms
RandomReadIOBenchmark.mmapRandom_T08                      16384            16  thrpt    6  336.585 ±  2.545  ops/ms
RandomReadIOBenchmark.mmapRandom_T16                      16384            16  thrpt    6  349.016 ±  2.573  ops/ms
RandomReadIOBenchmark.mmap_T01                            16384            16  thrpt    6   44.723 ±  1.937  ops/ms
RandomReadIOBenchmark.mmap_T04                            16384            16  thrpt    6  180.260 ±  1.418  ops/ms
RandomReadIOBenchmark.mmap_T08                            16384            16  thrpt    6  327.448 ± 13.253  ops/ms
RandomReadIOBenchmark.mmap_T16                            16384            16  thrpt    6  336.120 ±  3.213  ops/ms

Benchmark result is saved to /opt/bench/results/main-hot-randomread.json
   priming: drop caches, sequential read of /data/sf-index-1000000
WARNING: A terminally deprecated method in sun.misc.Unsafe has been called
WARNING: sun.misc.Unsafe::objectFieldOffset has been called by org.openjdk.jmh.util.Utils (file:/opt/bench/main/jmh-core-1.37.jar)
WARNING: Please consider reporting this to the maintainers of class org.openjdk.jmh.util.Utils
WARNING: sun.misc.Unsafe::objectFieldOffset will be removed in a future release
# JMH version: 1.37
# VM version: JDK 25.0.4.1, OpenJDK 64-Bit Server VM, 25.0.4.1+1-LTS
# VM invoker: /opt/jdk-25/bin/java
# VM options: --enable-native-access=ALL-UNNAMED -Xms2g -Xmx2g -Dbench.indexPath=/data/sf-index-1000000 -Dbench.numDocs=1000000 -Dbench.docSizeBytes=4096 -Dbench.readAdvice=RANDOM -Dbench.prefetchWindow=16 -Dbench.dropPageCache=false
# Blackhole mode: compiler (auto-detected, use -Djmh.blackhole.autoDetect=false to disable)
# Warmup: 2 iterations, 2 s each
# Measurement: 3 iterations, 3 s each
# Timeout: 10 min per iteration
# Threads: 1 thread, will synchronize iterations
# Benchmark mode: Throughput, ops/time
# Benchmark: org.apache.lucene.benchmark.jmh.StoredFieldsPrefetchBenchmark.prefetchOnly_T01
# Parameters: (topK = 10)

# Run progress: 0.00% complete, ETA 00:05:12
# Fork: 1 of 2
WARNING: A terminally deprecated method in sun.misc.Unsafe has been called
WARNING: sun.misc.Unsafe::objectFieldOffset has been called by org.openjdk.jmh.util.Utils (file:/opt/bench/main/jmh-core-1.37.jar)
WARNING: Please consider reporting this to the maintainers of class org.openjdk.jmh.util.Utils
WARNING: sun.misc.Unsafe::objectFieldOffset will be removed in a future release
# Warmup Iteration   1: Sep 29, 2026 10:59:25 PM org.apache.lucene.internal.vectorization.VectorizationProvider lookup
WARNING: Java vector incubator module is not readable. For optimal vector performance, pass '--add-modules jdk.incubator.vector' to enable Vector API.
396.996 ops/ms
# Warmup Iteration   2: 398.222 ops/ms
Iteration   1: 397.671 ops/ms
Iteration   2: 397.856 ops/ms
Iteration   3: 397.588 ops/ms

# Run progress: 4.17% complete, ETA 00:05:11
# Fork: 2 of 2
WARNING: A terminally deprecated method in sun.misc.Unsafe has been called
WARNING: sun.misc.Unsafe::objectFieldOffset has been called by org.openjdk.jmh.util.Utils (file:/opt/bench/main/jmh-core-1.37.jar)
WARNING: Please consider reporting this to the maintainers of class org.openjdk.jmh.util.Utils
WARNING: sun.misc.Unsafe::objectFieldOffset will be removed in a future release
# Warmup Iteration   1: Sep 29, 2026 10:59:38 PM org.apache.lucene.internal.vectorization.VectorizationProvider lookup
WARNING: Java vector incubator module is not readable. For optimal vector performance, pass '--add-modules jdk.incubator.vector' to enable Vector API.
420.259 ops/ms
# Warmup Iteration   2: 420.159 ops/ms
Iteration   1: 420.141 ops/ms
Iteration   2: 420.689 ops/ms
Iteration   3: 421.304 ops/ms


Result "org.apache.lucene.benchmark.jmh.StoredFieldsPrefetchBenchmark.prefetchOnly_T01":
  409.208 ±(99.9%) 35.352 ops/ms [Average]
  (min, avg, max) = (397.588, 409.208, 421.304), stdev = 12.607
  CI (99.9%): [373.856, 444.560] (assumes normal distribution)


# JMH version: 1.37
# VM version: JDK 25.0.4.1, OpenJDK 64-Bit Server VM, 25.0.4.1+1-LTS
# VM invoker: /opt/jdk-25/bin/java
# VM options: --enable-native-access=ALL-UNNAMED -Xms2g -Xmx2g -Dbench.indexPath=/data/sf-index-1000000 -Dbench.numDocs=1000000 -Dbench.docSizeBytes=4096 -Dbench.readAdvice=RANDOM -Dbench.prefetchWindow=16 -Dbench.dropPageCache=false
# Blackhole mode: compiler (auto-detected, use -Djmh.blackhole.autoDetect=false to disable)
# Warmup: 2 iterations, 2 s each
# Measurement: 3 iterations, 3 s each
# Timeout: 10 min per iteration
# Threads: 1 thread, will synchronize iterations
# Benchmark mode: Throughput, ops/time
# Benchmark: org.apache.lucene.benchmark.jmh.StoredFieldsPrefetchBenchmark.prefetchOnly_T01
# Parameters: (topK = 100)

# Run progress: 8.33% complete, ETA 00:04:56
# Fork: 1 of 2
WARNING: A terminally deprecated method in sun.misc.Unsafe has been called
WARNING: sun.misc.Unsafe::objectFieldOffset has been called by org.openjdk.jmh.util.Utils (file:/opt/bench/main/jmh-core-1.37.jar)
WARNING: Please consider reporting this to the maintainers of class org.openjdk.jmh.util.Utils
WARNING: sun.misc.Unsafe::objectFieldOffset will be removed in a future release
# Warmup Iteration   1: Sep 29, 2026 10:59:52 PM org.apache.lucene.internal.vectorization.VectorizationProvider lookup
WARNING: Java vector incubator module is not readable. For optimal vector performance, pass '--add-modules jdk.incubator.vector' to enable Vector API.
41.744 ops/ms
# Warmup Iteration   2: 41.906 ops/ms
Iteration   1: 42.039 ops/ms
Iteration   2: 42.006 ops/ms
Iteration   3: 42.022 ops/ms

# Run progress: 12.50% complete, ETA 00:04:42
# Fork: 2 of 2
WARNING: A terminally deprecated method in sun.misc.Unsafe has been called
WARNING: sun.misc.Unsafe::objectFieldOffset has been called by org.openjdk.jmh.util.Utils (file:/opt/bench/main/jmh-core-1.37.jar)
WARNING: Please consider reporting this to the maintainers of class org.openjdk.jmh.util.Utils
WARNING: sun.misc.Unsafe::objectFieldOffset will be removed in a future release
# Warmup Iteration   1: Sep 29, 2026 11:00:05 PM org.apache.lucene.internal.vectorization.VectorizationProvider lookup
WARNING: Java vector incubator module is not readable. For optimal vector performance, pass '--add-modules jdk.incubator.vector' to enable Vector API.
41.908 ops/ms
# Warmup Iteration   2: 42.142 ops/ms
Iteration   1: 42.266 ops/ms
Iteration   2: 42.264 ops/ms
Iteration   3: 42.323 ops/ms


Result "org.apache.lucene.benchmark.jmh.StoredFieldsPrefetchBenchmark.prefetchOnly_T01":
  42.153 ±(99.9%) 0.408 ops/ms [Average]
  (min, avg, max) = (42.006, 42.153, 42.323), stdev = 0.145
  CI (99.9%): [41.746, 42.561] (assumes normal distribution)


# JMH version: 1.37
# VM version: JDK 25.0.4.1, OpenJDK 64-Bit Server VM, 25.0.4.1+1-LTS
# VM invoker: /opt/jdk-25/bin/java
# VM options: --enable-native-access=ALL-UNNAMED -Xms2g -Xmx2g -Dbench.indexPath=/data/sf-index-1000000 -Dbench.numDocs=1000000 -Dbench.docSizeBytes=4096 -Dbench.readAdvice=RANDOM -Dbench.prefetchWindow=16 -Dbench.dropPageCache=false
# Blackhole mode: compiler (auto-detected, use -Djmh.blackhole.autoDetect=false to disable)
# Warmup: 2 iterations, 2 s each
# Measurement: 3 iterations, 3 s each
# Timeout: 10 min per iteration
# Threads: 8 threads, will synchronize iterations
# Benchmark mode: Throughput, ops/time
# Benchmark: org.apache.lucene.benchmark.jmh.StoredFieldsPrefetchBenchmark.prefetchOnly_T08
# Parameters: (topK = 10)

# Run progress: 16.67% complete, ETA 00:04:28
# Fork: 1 of 2
WARNING: A terminally deprecated method in sun.misc.Unsafe has been called
WARNING: sun.misc.Unsafe::objectFieldOffset has been called by org.openjdk.jmh.util.Utils (file:/opt/bench/main/jmh-core-1.37.jar)
WARNING: Please consider reporting this to the maintainers of class org.openjdk.jmh.util.Utils
WARNING: sun.misc.Unsafe::objectFieldOffset will be removed in a future release
# Warmup Iteration   1: Sep 29, 2026 11:00:19 PM org.apache.lucene.internal.vectorization.VectorizationProvider lookup
WARNING: Java vector incubator module is not readable. For optimal vector performance, pass '--add-modules jdk.incubator.vector' to enable Vector API.
1872.032 ops/ms
# Warmup Iteration   2: 1914.660 ops/ms
Iteration   1: 1917.318 ops/ms
Iteration   2: 1939.149 ops/ms
Iteration   3: 1943.559 ops/ms

# Run progress: 20.83% complete, ETA 00:04:14
# Fork: 2 of 2
WARNING: A terminally deprecated method in sun.misc.Unsafe has been called
WARNING: sun.misc.Unsafe::objectFieldOffset has been called by org.openjdk.jmh.util.Utils (file:/opt/bench/main/jmh-core-1.37.jar)
WARNING: Please consider reporting this to the maintainers of class org.openjdk.jmh.util.Utils
WARNING: sun.misc.Unsafe::objectFieldOffset will be removed in a future release
# Warmup Iteration   1: Sep 29, 2026 11:00:32 PM org.apache.lucene.internal.vectorization.VectorizationProvider lookup
WARNING: Java vector incubator module is not readable. For optimal vector performance, pass '--add-modules jdk.incubator.vector' to enable Vector API.
2042.102 ops/ms
# Warmup Iteration   2: 2191.049 ops/ms
Iteration   1: 2141.913 ops/ms
Iteration   2: 2028.374 ops/ms
Iteration   3: 2074.189 ops/ms


Result "org.apache.lucene.benchmark.jmh.StoredFieldsPrefetchBenchmark.prefetchOnly_T08":
  2007.417 ±(99.9%) 250.322 ops/ms [Average]
  (min, avg, max) = (1917.318, 2007.417, 2141.913), stdev = 89.267
  CI (99.9%): [1757.095, 2257.738] (assumes normal distribution)


# JMH version: 1.37
# VM version: JDK 25.0.4.1, OpenJDK 64-Bit Server VM, 25.0.4.1+1-LTS
# VM invoker: /opt/jdk-25/bin/java
# VM options: --enable-native-access=ALL-UNNAMED -Xms2g -Xmx2g -Dbench.indexPath=/data/sf-index-1000000 -Dbench.numDocs=1000000 -Dbench.docSizeBytes=4096 -Dbench.readAdvice=RANDOM -Dbench.prefetchWindow=16 -Dbench.dropPageCache=false
# Blackhole mode: compiler (auto-detected, use -Djmh.blackhole.autoDetect=false to disable)
# Warmup: 2 iterations, 2 s each
# Measurement: 3 iterations, 3 s each
# Timeout: 10 min per iteration
# Threads: 8 threads, will synchronize iterations
# Benchmark mode: Throughput, ops/time
# Benchmark: org.apache.lucene.benchmark.jmh.StoredFieldsPrefetchBenchmark.prefetchOnly_T08
# Parameters: (topK = 100)

# Run progress: 25.00% complete, ETA 00:04:01
# Fork: 1 of 2
WARNING: A terminally deprecated method in sun.misc.Unsafe has been called
WARNING: sun.misc.Unsafe::objectFieldOffset has been called by org.openjdk.jmh.util.Utils (file:/opt/bench/main/jmh-core-1.37.jar)
WARNING: Please consider reporting this to the maintainers of class org.openjdk.jmh.util.Utils
WARNING: sun.misc.Unsafe::objectFieldOffset will be removed in a future release
# Warmup Iteration   1: Sep 29, 2026 11:00:45 PM org.apache.lucene.internal.vectorization.VectorizationProvider lookup
WARNING: Java vector incubator module is not readable. For optimal vector performance, pass '--add-modules jdk.incubator.vector' to enable Vector API.
213.691 ops/ms
# Warmup Iteration   2: 212.226 ops/ms
Iteration   1: 206.308 ops/ms
Iteration   2: 217.584 ops/ms
Iteration   3: 211.336 ops/ms

# Run progress: 29.17% complete, ETA 00:03:47
# Fork: 2 of 2
WARNING: A terminally deprecated method in sun.misc.Unsafe has been called
WARNING: sun.misc.Unsafe::objectFieldOffset has been called by org.openjdk.jmh.util.Utils (file:/opt/bench/main/jmh-core-1.37.jar)
WARNING: Please consider reporting this to the maintainers of class org.openjdk.jmh.util.Utils
WARNING: sun.misc.Unsafe::objectFieldOffset will be removed in a future release
# Warmup Iteration   1: Sep 29, 2026 11:00:59 PM org.apache.lucene.internal.vectorization.VectorizationProvider lookup
WARNING: Java vector incubator module is not readable. For optimal vector performance, pass '--add-modules jdk.incubator.vector' to enable Vector API.
201.469 ops/ms
# Warmup Iteration   2: 197.870 ops/ms
Iteration   1: 205.813 ops/ms
Iteration   2: 208.510 ops/ms
Iteration   3: 213.252 ops/ms


Result "org.apache.lucene.benchmark.jmh.StoredFieldsPrefetchBenchmark.prefetchOnly_T08":
  210.467 ±(99.9%) 12.662 ops/ms [Average]
  (min, avg, max) = (205.813, 210.467, 217.584), stdev = 4.515
  CI (99.9%): [197.805, 223.129] (assumes normal distribution)


# JMH version: 1.37
# VM version: JDK 25.0.4.1, OpenJDK 64-Bit Server VM, 25.0.4.1+1-LTS
# VM invoker: /opt/jdk-25/bin/java
# VM options: --enable-native-access=ALL-UNNAMED -Xms2g -Xmx2g -Dbench.indexPath=/data/sf-index-1000000 -Dbench.numDocs=1000000 -Dbench.docSizeBytes=4096 -Dbench.readAdvice=RANDOM -Dbench.prefetchWindow=16 -Dbench.dropPageCache=false
# Blackhole mode: compiler (auto-detected, use -Djmh.blackhole.autoDetect=false to disable)
# Warmup: 2 iterations, 2 s each
# Measurement: 3 iterations, 3 s each
# Timeout: 10 min per iteration
# Threads: 1 thread, will synchronize iterations
# Benchmark mode: Throughput, ops/time
# Benchmark: org.apache.lucene.benchmark.jmh.StoredFieldsPrefetchBenchmark.retrieveNoPrefetch_T01
# Parameters: (topK = 10)

# Run progress: 33.33% complete, ETA 00:03:34
# Fork: 1 of 2
WARNING: A terminally deprecated method in sun.misc.Unsafe has been called
WARNING: sun.misc.Unsafe::objectFieldOffset has been called by org.openjdk.jmh.util.Utils (file:/opt/bench/main/jmh-core-1.37.jar)
WARNING: Please consider reporting this to the maintainers of class org.openjdk.jmh.util.Utils
WARNING: sun.misc.Unsafe::objectFieldOffset will be removed in a future release
# Warmup Iteration   1: Sep 29, 2026 11:01:12 PM org.apache.lucene.internal.vectorization.VectorizationProvider lookup
WARNING: Java vector incubator module is not readable. For optimal vector performance, pass '--add-modules jdk.incubator.vector' to enable Vector API.
22.113 ops/ms
# Warmup Iteration   2: 27.736 ops/ms
Iteration   1: 27.787 ops/ms
Iteration   2: 27.669 ops/ms
Iteration   3: 28.046 ops/ms

# Run progress: 37.50% complete, ETA 00:03:21
# Fork: 2 of 2
WARNING: A terminally deprecated method in sun.misc.Unsafe has been called
WARNING: sun.misc.Unsafe::objectFieldOffset has been called by org.openjdk.jmh.util.Utils (file:/opt/bench/main/jmh-core-1.37.jar)
WARNING: Please consider reporting this to the maintainers of class org.openjdk.jmh.util.Utils
WARNING: sun.misc.Unsafe::objectFieldOffset will be removed in a future release
# Warmup Iteration   1: Sep 29, 2026 11:01:26 PM org.apache.lucene.internal.vectorization.VectorizationProvider lookup
WARNING: Java vector incubator module is not readable. For optimal vector performance, pass '--add-modules jdk.incubator.vector' to enable Vector API.
22.168 ops/ms
# Warmup Iteration   2: 27.632 ops/ms
Iteration   1: 27.971 ops/ms
Iteration   2: 28.065 ops/ms
Iteration   3: 28.176 ops/ms


Result "org.apache.lucene.benchmark.jmh.StoredFieldsPrefetchBenchmark.retrieveNoPrefetch_T01":
  27.952 ±(99.9%) 0.532 ops/ms [Average]
  (min, avg, max) = (27.669, 27.952, 28.176), stdev = 0.190
  CI (99.9%): [27.421, 28.484] (assumes normal distribution)


# JMH version: 1.37
# VM version: JDK 25.0.4.1, OpenJDK 64-Bit Server VM, 25.0.4.1+1-LTS
# VM invoker: /opt/jdk-25/bin/java
# VM options: --enable-native-access=ALL-UNNAMED -Xms2g -Xmx2g -Dbench.indexPath=/data/sf-index-1000000 -Dbench.numDocs=1000000 -Dbench.docSizeBytes=4096 -Dbench.readAdvice=RANDOM -Dbench.prefetchWindow=16 -Dbench.dropPageCache=false
# Blackhole mode: compiler (auto-detected, use -Djmh.blackhole.autoDetect=false to disable)
# Warmup: 2 iterations, 2 s each
# Measurement: 3 iterations, 3 s each
# Timeout: 10 min per iteration
# Threads: 1 thread, will synchronize iterations
# Benchmark mode: Throughput, ops/time
# Benchmark: org.apache.lucene.benchmark.jmh.StoredFieldsPrefetchBenchmark.retrieveNoPrefetch_T01
# Parameters: (topK = 100)

# Run progress: 41.67% complete, ETA 00:03:07
# Fork: 1 of 2
WARNING: A terminally deprecated method in sun.misc.Unsafe has been called
WARNING: sun.misc.Unsafe::objectFieldOffset has been called by org.openjdk.jmh.util.Utils (file:/opt/bench/main/jmh-core-1.37.jar)
WARNING: Please consider reporting this to the maintainers of class org.openjdk.jmh.util.Utils
WARNING: sun.misc.Unsafe::objectFieldOffset will be removed in a future release
# Warmup Iteration   1: Sep 29, 2026 11:01:39 PM org.apache.lucene.internal.vectorization.VectorizationProvider lookup
WARNING: Java vector incubator module is not readable. For optimal vector performance, pass '--add-modules jdk.incubator.vector' to enable Vector API.
2.276 ops/ms
# Warmup Iteration   2: 2.811 ops/ms
Iteration   1: 2.791 ops/ms
Iteration   2: 2.791 ops/ms
Iteration   3: 2.815 ops/ms

# Run progress: 45.83% complete, ETA 00:02:54
# Fork: 2 of 2
WARNING: A terminally deprecated method in sun.misc.Unsafe has been called
WARNING: sun.misc.Unsafe::objectFieldOffset has been called by org.openjdk.jmh.util.Utils (file:/opt/bench/main/jmh-core-1.37.jar)
WARNING: Please consider reporting this to the maintainers of class org.openjdk.jmh.util.Utils
WARNING: sun.misc.Unsafe::objectFieldOffset will be removed in a future release
# Warmup Iteration   1: Sep 29, 2026 11:01:52 PM org.apache.lucene.internal.vectorization.VectorizationProvider lookup
WARNING: Java vector incubator module is not readable. For optimal vector performance, pass '--add-modules jdk.incubator.vector' to enable Vector API.
2.277 ops/ms
# Warmup Iteration   2: 2.829 ops/ms
Iteration   1: 2.804 ops/ms
Iteration   2: 2.816 ops/ms
Iteration   3: 2.801 ops/ms


Result "org.apache.lucene.benchmark.jmh.StoredFieldsPrefetchBenchmark.retrieveNoPrefetch_T01":
  2.803 ±(99.9%) 0.032 ops/ms [Average]
  (min, avg, max) = (2.791, 2.803, 2.816), stdev = 0.011
  CI (99.9%): [2.772, 2.835] (assumes normal distribution)


# JMH version: 1.37
# VM version: JDK 25.0.4.1, OpenJDK 64-Bit Server VM, 25.0.4.1+1-LTS
# VM invoker: /opt/jdk-25/bin/java
# VM options: --enable-native-access=ALL-UNNAMED -Xms2g -Xmx2g -Dbench.indexPath=/data/sf-index-1000000 -Dbench.numDocs=1000000 -Dbench.docSizeBytes=4096 -Dbench.readAdvice=RANDOM -Dbench.prefetchWindow=16 -Dbench.dropPageCache=false
# Blackhole mode: compiler (auto-detected, use -Djmh.blackhole.autoDetect=false to disable)
# Warmup: 2 iterations, 2 s each
# Measurement: 3 iterations, 3 s each
# Timeout: 10 min per iteration
# Threads: 8 threads, will synchronize iterations
# Benchmark mode: Throughput, ops/time
# Benchmark: org.apache.lucene.benchmark.jmh.StoredFieldsPrefetchBenchmark.retrieveNoPrefetch_T08
# Parameters: (topK = 10)

# Run progress: 50.00% complete, ETA 00:02:41
# Fork: 1 of 2
WARNING: A terminally deprecated method in sun.misc.Unsafe has been called
WARNING: sun.misc.Unsafe::objectFieldOffset has been called by org.openjdk.jmh.util.Utils (file:/opt/bench/main/jmh-core-1.37.jar)
WARNING: Please consider reporting this to the maintainers of class org.openjdk.jmh.util.Utils
WARNING: sun.misc.Unsafe::objectFieldOffset will be removed in a future release
# Warmup Iteration   1: Sep 29, 2026 11:02:06 PM org.apache.lucene.internal.vectorization.VectorizationProvider lookup
WARNING: Java vector incubator module is not readable. For optimal vector performance, pass '--add-modules jdk.incubator.vector' to enable Vector API.
151.622 ops/ms
# Warmup Iteration   2: 173.500 ops/ms
Iteration   1: 173.878 ops/ms
Iteration   2: 173.830 ops/ms
Iteration   3: 173.837 ops/ms

# Run progress: 54.17% complete, ETA 00:02:28
# Fork: 2 of 2
WARNING: A terminally deprecated method in sun.misc.Unsafe has been called
WARNING: sun.misc.Unsafe::objectFieldOffset has been called by org.openjdk.jmh.util.Utils (file:/opt/bench/main/jmh-core-1.37.jar)
WARNING: Please consider reporting this to the maintainers of class org.openjdk.jmh.util.Utils
WARNING: sun.misc.Unsafe::objectFieldOffset will be removed in a future release
# Warmup Iteration   1: Sep 29, 2026 11:02:20 PM org.apache.lucene.internal.vectorization.VectorizationProvider lookup
WARNING: Java vector incubator module is not readable. For optimal vector performance, pass '--add-modules jdk.incubator.vector' to enable Vector API.
152.069 ops/ms
# Warmup Iteration   2: 173.105 ops/ms
Iteration   1: 173.535 ops/ms
Iteration   2: 174.046 ops/ms
Iteration   3: 173.244 ops/ms


Result "org.apache.lucene.benchmark.jmh.StoredFieldsPrefetchBenchmark.retrieveNoPrefetch_T08":
  173.728 ±(99.9%) 0.810 ops/ms [Average]
  (min, avg, max) = (173.244, 173.728, 174.046), stdev = 0.289
  CI (99.9%): [172.918, 174.538] (assumes normal distribution)


# JMH version: 1.37
# VM version: JDK 25.0.4.1, OpenJDK 64-Bit Server VM, 25.0.4.1+1-LTS
# VM invoker: /opt/jdk-25/bin/java
# VM options: --enable-native-access=ALL-UNNAMED -Xms2g -Xmx2g -Dbench.indexPath=/data/sf-index-1000000 -Dbench.numDocs=1000000 -Dbench.docSizeBytes=4096 -Dbench.readAdvice=RANDOM -Dbench.prefetchWindow=16 -Dbench.dropPageCache=false
# Blackhole mode: compiler (auto-detected, use -Djmh.blackhole.autoDetect=false to disable)
# Warmup: 2 iterations, 2 s each
# Measurement: 3 iterations, 3 s each
# Timeout: 10 min per iteration
# Threads: 8 threads, will synchronize iterations
# Benchmark mode: Throughput, ops/time
# Benchmark: org.apache.lucene.benchmark.jmh.StoredFieldsPrefetchBenchmark.retrieveNoPrefetch_T08
# Parameters: (topK = 100)

# Run progress: 58.33% complete, ETA 00:02:15
# Fork: 1 of 2
WARNING: A terminally deprecated method in sun.misc.Unsafe has been called
WARNING: sun.misc.Unsafe::objectFieldOffset has been called by org.openjdk.jmh.util.Utils (file:/opt/bench/main/jmh-core-1.37.jar)
WARNING: Please consider reporting this to the maintainers of class org.openjdk.jmh.util.Utils
WARNING: sun.misc.Unsafe::objectFieldOffset will be removed in a future release
# Warmup Iteration   1: Sep 29, 2026 11:02:35 PM org.apache.lucene.internal.vectorization.VectorizationProvider lookup
WARNING: Java vector incubator module is not readable. For optimal vector performance, pass '--add-modules jdk.incubator.vector' to enable Vector API.
15.157 ops/ms
# Warmup Iteration   2: 17.310 ops/ms
Iteration   1: 17.326 ops/ms
Iteration   2: 17.370 ops/ms
Iteration   3: 17.355 ops/ms

# Run progress: 62.50% complete, ETA 00:02:02
# Fork: 2 of 2
WARNING: A terminally deprecated method in sun.misc.Unsafe has been called
WARNING: sun.misc.Unsafe::objectFieldOffset has been called by org.openjdk.jmh.util.Utils (file:/opt/bench/main/jmh-core-1.37.jar)
WARNING: Please consider reporting this to the maintainers of class org.openjdk.jmh.util.Utils
WARNING: sun.misc.Unsafe::objectFieldOffset will be removed in a future release
# Warmup Iteration   1: Sep 29, 2026 11:02:49 PM org.apache.lucene.internal.vectorization.VectorizationProvider lookup
WARNING: Java vector incubator module is not readable. For optimal vector performance, pass '--add-modules jdk.incubator.vector' to enable Vector API.
15.106 ops/ms
# Warmup Iteration   2: 17.358 ops/ms
Iteration   1: 17.365 ops/ms
Iteration   2: 17.425 ops/ms
Iteration   3: 17.325 ops/ms


Result "org.apache.lucene.benchmark.jmh.StoredFieldsPrefetchBenchmark.retrieveNoPrefetch_T08":
  17.361 ±(99.9%) 0.103 ops/ms [Average]
  (min, avg, max) = (17.325, 17.361, 17.425), stdev = 0.037
  CI (99.9%): [17.258, 17.464] (assumes normal distribution)


# JMH version: 1.37
# VM version: JDK 25.0.4.1, OpenJDK 64-Bit Server VM, 25.0.4.1+1-LTS
# VM invoker: /opt/jdk-25/bin/java
# VM options: --enable-native-access=ALL-UNNAMED -Xms2g -Xmx2g -Dbench.indexPath=/data/sf-index-1000000 -Dbench.numDocs=1000000 -Dbench.docSizeBytes=4096 -Dbench.readAdvice=RANDOM -Dbench.prefetchWindow=16 -Dbench.dropPageCache=false
# Blackhole mode: compiler (auto-detected, use -Djmh.blackhole.autoDetect=false to disable)
# Warmup: 2 iterations, 2 s each
# Measurement: 3 iterations, 3 s each
# Timeout: 10 min per iteration
# Threads: 1 thread, will synchronize iterations
# Benchmark mode: Throughput, ops/time
# Benchmark: org.apache.lucene.benchmark.jmh.StoredFieldsPrefetchBenchmark.retrievePrefetchThenRead_T01
# Parameters: (topK = 10)

# Run progress: 66.67% complete, ETA 00:01:49
# Fork: 1 of 2
WARNING: A terminally deprecated method in sun.misc.Unsafe has been called
WARNING: sun.misc.Unsafe::objectFieldOffset has been called by org.openjdk.jmh.util.Utils (file:/opt/bench/main/jmh-core-1.37.jar)
WARNING: Please consider reporting this to the maintainers of class org.openjdk.jmh.util.Utils
WARNING: sun.misc.Unsafe::objectFieldOffset will be removed in a future release
# Warmup Iteration   1: Sep 29, 2026 11:03:03 PM org.apache.lucene.internal.vectorization.VectorizationProvider lookup
WARNING: Java vector incubator module is not readable. For optimal vector performance, pass '--add-modules jdk.incubator.vector' to enable Vector API.
20.470 ops/ms
# Warmup Iteration   2: 25.805 ops/ms
Iteration   1: 25.741 ops/ms
Iteration   2: 26.140 ops/ms
Iteration   3: 26.250 ops/ms

# Run progress: 70.83% complete, ETA 00:01:35
# Fork: 2 of 2
WARNING: A terminally deprecated method in sun.misc.Unsafe has been called
WARNING: sun.misc.Unsafe::objectFieldOffset has been called by org.openjdk.jmh.util.Utils (file:/opt/bench/main/jmh-core-1.37.jar)
WARNING: Please consider reporting this to the maintainers of class org.openjdk.jmh.util.Utils
WARNING: sun.misc.Unsafe::objectFieldOffset will be removed in a future release
# Warmup Iteration   1: Sep 29, 2026 11:03:17 PM org.apache.lucene.internal.vectorization.VectorizationProvider lookup
WARNING: Java vector incubator module is not readable. For optimal vector performance, pass '--add-modules jdk.incubator.vector' to enable Vector API.
20.543 ops/ms
# Warmup Iteration   2: 26.068 ops/ms
Iteration   1: 26.201 ops/ms
Iteration   2: 26.395 ops/ms
Iteration   3: 26.381 ops/ms


Result "org.apache.lucene.benchmark.jmh.StoredFieldsPrefetchBenchmark.retrievePrefetchThenRead_T01":
  26.185 ±(99.9%) 0.671 ops/ms [Average]
  (min, avg, max) = (25.741, 26.185, 26.395), stdev = 0.239
  CI (99.9%): [25.514, 26.855] (assumes normal distribution)


# JMH version: 1.37
# VM version: JDK 25.0.4.1, OpenJDK 64-Bit Server VM, 25.0.4.1+1-LTS
# VM invoker: /opt/jdk-25/bin/java
# VM options: --enable-native-access=ALL-UNNAMED -Xms2g -Xmx2g -Dbench.indexPath=/data/sf-index-1000000 -Dbench.numDocs=1000000 -Dbench.docSizeBytes=4096 -Dbench.readAdvice=RANDOM -Dbench.prefetchWindow=16 -Dbench.dropPageCache=false
# Blackhole mode: compiler (auto-detected, use -Djmh.blackhole.autoDetect=false to disable)
# Warmup: 2 iterations, 2 s each
# Measurement: 3 iterations, 3 s each
# Timeout: 10 min per iteration
# Threads: 1 thread, will synchronize iterations
# Benchmark mode: Throughput, ops/time
# Benchmark: org.apache.lucene.benchmark.jmh.StoredFieldsPrefetchBenchmark.retrievePrefetchThenRead_T01
# Parameters: (topK = 100)

# Run progress: 75.00% complete, ETA 00:01:21
# Fork: 1 of 2
WARNING: A terminally deprecated method in sun.misc.Unsafe has been called
WARNING: sun.misc.Unsafe::objectFieldOffset has been called by org.openjdk.jmh.util.Utils (file:/opt/bench/main/jmh-core-1.37.jar)
WARNING: Please consider reporting this to the maintainers of class org.openjdk.jmh.util.Utils
WARNING: sun.misc.Unsafe::objectFieldOffset will be removed in a future release
# Warmup Iteration   1: Sep 29, 2026 11:03:30 PM org.apache.lucene.internal.vectorization.VectorizationProvider lookup
WARNING: Java vector incubator module is not readable. For optimal vector performance, pass '--add-modules jdk.incubator.vector' to enable Vector API.
2.068 ops/ms
# Warmup Iteration   2: 2.588 ops/ms
Iteration   1: 2.596 ops/ms
Iteration   2: 2.598 ops/ms
Iteration   3: 2.588 ops/ms

# Run progress: 79.17% complete, ETA 00:01:08
# Fork: 2 of 2
WARNING: A terminally deprecated method in sun.misc.Unsafe has been called
WARNING: sun.misc.Unsafe::objectFieldOffset has been called by org.openjdk.jmh.util.Utils (file:/opt/bench/main/jmh-core-1.37.jar)
WARNING: Please consider reporting this to the maintainers of class org.openjdk.jmh.util.Utils
WARNING: sun.misc.Unsafe::objectFieldOffset will be removed in a future release
# Warmup Iteration   1: Sep 29, 2026 11:03:44 PM org.apache.lucene.internal.vectorization.VectorizationProvider lookup
WARNING: Java vector incubator module is not readable. For optimal vector performance, pass '--add-modules jdk.incubator.vector' to enable Vector API.
2.086 ops/ms
# Warmup Iteration   2: 2.609 ops/ms
Iteration   1: 2.606 ops/ms
Iteration   2: 2.595 ops/ms
Iteration   3: 2.597 ops/ms


Result "org.apache.lucene.benchmark.jmh.StoredFieldsPrefetchBenchmark.retrievePrefetchThenRead_T01":
  2.597 ±(99.9%) 0.017 ops/ms [Average]
  (min, avg, max) = (2.588, 2.597, 2.606), stdev = 0.006
  CI (99.9%): [2.580, 2.613] (assumes normal distribution)


# JMH version: 1.37
# VM version: JDK 25.0.4.1, OpenJDK 64-Bit Server VM, 25.0.4.1+1-LTS
# VM invoker: /opt/jdk-25/bin/java
# VM options: --enable-native-access=ALL-UNNAMED -Xms2g -Xmx2g -Dbench.indexPath=/data/sf-index-1000000 -Dbench.numDocs=1000000 -Dbench.docSizeBytes=4096 -Dbench.readAdvice=RANDOM -Dbench.prefetchWindow=16 -Dbench.dropPageCache=false
# Blackhole mode: compiler (auto-detected, use -Djmh.blackhole.autoDetect=false to disable)
# Warmup: 2 iterations, 2 s each
# Measurement: 3 iterations, 3 s each
# Timeout: 10 min per iteration
# Threads: 8 threads, will synchronize iterations
# Benchmark mode: Throughput, ops/time
# Benchmark: org.apache.lucene.benchmark.jmh.StoredFieldsPrefetchBenchmark.retrievePrefetchThenRead_T08
# Parameters: (topK = 10)

# Run progress: 83.33% complete, ETA 00:00:54
# Fork: 1 of 2
WARNING: A terminally deprecated method in sun.misc.Unsafe has been called
WARNING: sun.misc.Unsafe::objectFieldOffset has been called by org.openjdk.jmh.util.Utils (file:/opt/bench/main/jmh-core-1.37.jar)
WARNING: Please consider reporting this to the maintainers of class org.openjdk.jmh.util.Utils
WARNING: sun.misc.Unsafe::objectFieldOffset will be removed in a future release
# Warmup Iteration   1: Sep 29, 2026 11:03:57 PM org.apache.lucene.internal.vectorization.VectorizationProvider lookup
WARNING: Java vector incubator module is not readable. For optimal vector performance, pass '--add-modules jdk.incubator.vector' to enable Vector API.
142.156 ops/ms
# Warmup Iteration   2: 163.531 ops/ms
Iteration   1: 164.340 ops/ms
Iteration   2: 163.945 ops/ms
Iteration   3: 163.912 ops/ms

# Run progress: 87.50% complete, ETA 00:00:40
# Fork: 2 of 2
WARNING: A terminally deprecated method in sun.misc.Unsafe has been called
WARNING: sun.misc.Unsafe::objectFieldOffset has been called by org.openjdk.jmh.util.Utils (file:/opt/bench/main/jmh-core-1.37.jar)
WARNING: Please consider reporting this to the maintainers of class org.openjdk.jmh.util.Utils
WARNING: sun.misc.Unsafe::objectFieldOffset will be removed in a future release
# Warmup Iteration   1: Sep 29, 2026 11:04:12 PM org.apache.lucene.internal.vectorization.VectorizationProvider lookup
WARNING: Java vector incubator module is not readable. For optimal vector performance, pass '--add-modules jdk.incubator.vector' to enable Vector API.
143.393 ops/ms
# Warmup Iteration   2: 164.640 ops/ms
Iteration   1: 163.483 ops/ms
Iteration   2: 164.250 ops/ms
Iteration   3: 165.094 ops/ms


Result "org.apache.lucene.benchmark.jmh.StoredFieldsPrefetchBenchmark.retrievePrefetchThenRead_T08":
  164.171 ±(99.9%) 1.525 ops/ms [Average]
  (min, avg, max) = (163.483, 164.171, 165.094), stdev = 0.544
  CI (99.9%): [162.645, 165.696] (assumes normal distribution)


# JMH version: 1.37
# VM version: JDK 25.0.4.1, OpenJDK 64-Bit Server VM, 25.0.4.1+1-LTS
# VM invoker: /opt/jdk-25/bin/java
# VM options: --enable-native-access=ALL-UNNAMED -Xms2g -Xmx2g -Dbench.indexPath=/data/sf-index-1000000 -Dbench.numDocs=1000000 -Dbench.docSizeBytes=4096 -Dbench.readAdvice=RANDOM -Dbench.prefetchWindow=16 -Dbench.dropPageCache=false
# Blackhole mode: compiler (auto-detected, use -Djmh.blackhole.autoDetect=false to disable)
# Warmup: 2 iterations, 2 s each
# Measurement: 3 iterations, 3 s each
# Timeout: 10 min per iteration
# Threads: 8 threads, will synchronize iterations
# Benchmark mode: Throughput, ops/time
# Benchmark: org.apache.lucene.benchmark.jmh.StoredFieldsPrefetchBenchmark.retrievePrefetchThenRead_T08
# Parameters: (topK = 100)

# Run progress: 91.67% complete, ETA 00:00:27
# Fork: 1 of 2
WARNING: A terminally deprecated method in sun.misc.Unsafe has been called
WARNING: sun.misc.Unsafe::objectFieldOffset has been called by org.openjdk.jmh.util.Utils (file:/opt/bench/main/jmh-core-1.37.jar)
WARNING: Please consider reporting this to the maintainers of class org.openjdk.jmh.util.Utils
WARNING: sun.misc.Unsafe::objectFieldOffset will be removed in a future release
# Warmup Iteration   1: Sep 29, 2026 11:04:26 PM org.apache.lucene.internal.vectorization.VectorizationProvider lookup
WARNING: Java vector incubator module is not readable. For optimal vector performance, pass '--add-modules jdk.incubator.vector' to enable Vector API.
14.771 ops/ms
# Warmup Iteration   2: 16.680 ops/ms
Iteration   1: 16.708 ops/ms
Iteration   2: 16.542 ops/ms
Iteration   3: 16.695 ops/ms

# Run progress: 95.83% complete, ETA 00:00:13
# Fork: 2 of 2
WARNING: A terminally deprecated method in sun.misc.Unsafe has been called
WARNING: sun.misc.Unsafe::objectFieldOffset has been called by org.openjdk.jmh.util.Utils (file:/opt/bench/main/jmh-core-1.37.jar)
WARNING: Please consider reporting this to the maintainers of class org.openjdk.jmh.util.Utils
WARNING: sun.misc.Unsafe::objectFieldOffset will be removed in a future release
# Warmup Iteration   1: Sep 29, 2026 11:04:40 PM org.apache.lucene.internal.vectorization.VectorizationProvider lookup
WARNING: Java vector incubator module is not readable. For optimal vector performance, pass '--add-modules jdk.incubator.vector' to enable Vector API.
14.616 ops/ms
# Warmup Iteration   2: 16.603 ops/ms
Iteration   1: 16.682 ops/ms
Iteration   2: 16.197 ops/ms
Iteration   3: 16.554 ops/ms


Result "org.apache.lucene.benchmark.jmh.StoredFieldsPrefetchBenchmark.retrievePrefetchThenRead_T08":
  16.563 ±(99.9%) 0.542 ops/ms [Average]
  (min, avg, max) = (16.197, 16.563, 16.708), stdev = 0.193
  CI (99.9%): [16.021, 17.105] (assumes normal distribution)


# Run complete. Total time: 00:05:30

REMEMBER: The numbers below are just data. To gain reusable insights, you need to follow up on
why the numbers are the way they are. Use profilers (see -prof, -lprof), design factorial
experiments, perform baseline and negative tests that provide experimental control, make sure
the benchmarking environment is safe on JVM/OS/HW level, ask for reviews from the domain experts.
Do not assume the numbers tell you what you want them to tell.

NOTE: Current JVM experimentally supports Compiler Blackholes, and they are in use. Please exercise
extra caution when trusting the results, look into the generated code to check the benchmark still
works, and factor in a small probability of new VM bugs. Additionally, while comparisons between
different JVMs are already problematic, the performance difference caused by different Blackhole
modes can be very significant. Please make sure you use the consistent Blackhole mode for comparisons.

Benchmark                                                   (topK)   Mode  Cnt     Score     Error   Units
StoredFieldsPrefetchBenchmark.prefetchOnly_T01                  10  thrpt    6   409.208 ±  35.352  ops/ms
StoredFieldsPrefetchBenchmark.prefetchOnly_T01                 100  thrpt    6    42.153 ±   0.408  ops/ms
StoredFieldsPrefetchBenchmark.prefetchOnly_T08                  10  thrpt    6  2007.417 ± 250.322  ops/ms
StoredFieldsPrefetchBenchmark.prefetchOnly_T08                 100  thrpt    6   210.467 ±  12.662  ops/ms
StoredFieldsPrefetchBenchmark.retrieveNoPrefetch_T01            10  thrpt    6    27.952 ±   0.532  ops/ms
StoredFieldsPrefetchBenchmark.retrieveNoPrefetch_T01           100  thrpt    6     2.803 ±   0.032  ops/ms
StoredFieldsPrefetchBenchmark.retrieveNoPrefetch_T08            10  thrpt    6   173.728 ±   0.810  ops/ms
StoredFieldsPrefetchBenchmark.retrieveNoPrefetch_T08           100  thrpt    6    17.361 ±   0.103  ops/ms
StoredFieldsPrefetchBenchmark.retrievePrefetchThenRead_T01      10  thrpt    6    26.185 ±   0.671  ops/ms
StoredFieldsPrefetchBenchmark.retrievePrefetchThenRead_T01     100  thrpt    6     2.597 ±   0.017  ops/ms
StoredFieldsPrefetchBenchmark.retrievePrefetchThenRead_T08      10  thrpt    6   164.171 ±   1.525  ops/ms
StoredFieldsPrefetchBenchmark.retrievePrefetchThenRead_T08     100  thrpt    6    16.563 ±   0.542  ops/ms

Benchmark result is saved to /opt/bench/results/main-hot-storedfields.json
== done main / hot  2026-09-29T23:04:55Z
== branch / hot  ram=31G file=1024MB sfDocs=1000000 drop=false  2026-09-29T23:04:55Z
   jar=/opt/bench/branch/lucene-benchmark-jmh-11.0.0-SNAPSHOT.jar
openjdk version "25.0.4.1" 2026-08-18 LTS
   priming: drop caches, sequential read of /data/pread-bench-1024mb.dat
WARNING: A terminally deprecated method in sun.misc.Unsafe has been called
WARNING: sun.misc.Unsafe::objectFieldOffset has been called by org.openjdk.jmh.util.Utils (file:/opt/bench/branch/jmh-core-1.37.jar)
WARNING: Please consider reporting this to the maintainers of class org.openjdk.jmh.util.Utils
WARNING: sun.misc.Unsafe::objectFieldOffset will be removed in a future release
# JMH version: 1.37
# VM version: JDK 25.0.4.1, OpenJDK 64-Bit Server VM, 25.0.4.1+1-LTS
# VM invoker: /opt/jdk-25/bin/java
# VM options: --enable-native-access=ALL-UNNAMED -Xms2g -Xmx2g -Dbench.file=/data/pread-bench-1024mb.dat -Dbench.fileSizeMB=1024 -Dbench.dropPageCache=false
# Blackhole mode: compiler (auto-detected, use -Djmh.blackhole.autoDetect=false to disable)
# Warmup: 2 iterations, 3 s each
# Measurement: 3 iterations, 5 s each
# Timeout: 10 min per iteration
# Threads: 1 thread, will synchronize iterations
# Benchmark mode: Throughput, ops/time
# Benchmark: org.apache.lucene.benchmark.jmh.RandomReadIOBenchmark.mmapBatchedPrefetch_T01
# Parameters: (readSize = 16384, readsPerOp = 16)

# Run progress: 0.00% complete, ETA 00:11:12
# Fork: 1 of 2
WARNING: A terminally deprecated method in sun.misc.Unsafe has been called
WARNING: sun.misc.Unsafe::objectFieldOffset has been called by org.openjdk.jmh.util.Utils (file:/opt/bench/branch/jmh-core-1.37.jar)
WARNING: Please consider reporting this to the maintainers of class org.openjdk.jmh.util.Utils
WARNING: sun.misc.Unsafe::objectFieldOffset will be removed in a future release
# Warmup Iteration   1: 43.725 ops/ms
# Warmup Iteration   2: 43.240 ops/ms
Iteration   1: 41.897 ops/ms
Iteration   2: 41.435 ops/ms
Iteration   3: 42.224 ops/ms

# Run progress: 3.13% complete, ETA 00:11:04
# Fork: 2 of 2
WARNING: A terminally deprecated method in sun.misc.Unsafe has been called
WARNING: sun.misc.Unsafe::objectFieldOffset has been called by org.openjdk.jmh.util.Utils (file:/opt/bench/branch/jmh-core-1.37.jar)
WARNING: Please consider reporting this to the maintainers of class org.openjdk.jmh.util.Utils
WARNING: sun.misc.Unsafe::objectFieldOffset will be removed in a future release
# Warmup Iteration   1: 41.532 ops/ms
# Warmup Iteration   2: 43.655 ops/ms
Iteration   1: 44.016 ops/ms
Iteration   2: 42.435 ops/ms
Iteration   3: 42.889 ops/ms


Result "org.apache.lucene.benchmark.jmh.RandomReadIOBenchmark.mmapBatchedPrefetch_T01":
  42.483 ±(99.9%) 2.516 ops/ms [Average]
  (min, avg, max) = (41.435, 42.483, 44.016), stdev = 0.897
  CI (99.9%): [39.967, 44.999] (assumes normal distribution)


# JMH version: 1.37
# VM version: JDK 25.0.4.1, OpenJDK 64-Bit Server VM, 25.0.4.1+1-LTS
# VM invoker: /opt/jdk-25/bin/java
# VM options: --enable-native-access=ALL-UNNAMED -Xms2g -Xmx2g -Dbench.file=/data/pread-bench-1024mb.dat -Dbench.fileSizeMB=1024 -Dbench.dropPageCache=false
# Blackhole mode: compiler (auto-detected, use -Djmh.blackhole.autoDetect=false to disable)
# Warmup: 2 iterations, 3 s each
# Measurement: 3 iterations, 5 s each
# Timeout: 10 min per iteration
# Threads: 4 threads, will synchronize iterations
# Benchmark mode: Throughput, ops/time
# Benchmark: org.apache.lucene.benchmark.jmh.RandomReadIOBenchmark.mmapBatchedPrefetch_T04
# Parameters: (readSize = 16384, readsPerOp = 16)

# Run progress: 6.25% complete, ETA 00:10:41
# Fork: 1 of 2
WARNING: A terminally deprecated method in sun.misc.Unsafe has been called
WARNING: sun.misc.Unsafe::objectFieldOffset has been called by org.openjdk.jmh.util.Utils (file:/opt/bench/branch/jmh-core-1.37.jar)
WARNING: Please consider reporting this to the maintainers of class org.openjdk.jmh.util.Utils
WARNING: sun.misc.Unsafe::objectFieldOffset will be removed in a future release
# Warmup Iteration   1: 170.333 ops/ms
# Warmup Iteration   2: 172.916 ops/ms
Iteration   1: 174.805 ops/ms
Iteration   2: 176.413 ops/ms
Iteration   3: 176.905 ops/ms

# Run progress: 9.38% complete, ETA 00:10:29
# Fork: 2 of 2
WARNING: A terminally deprecated method in sun.misc.Unsafe has been called
WARNING: sun.misc.Unsafe::objectFieldOffset has been called by org.openjdk.jmh.util.Utils (file:/opt/bench/branch/jmh-core-1.37.jar)
WARNING: Please consider reporting this to the maintainers of class org.openjdk.jmh.util.Utils
WARNING: sun.misc.Unsafe::objectFieldOffset will be removed in a future release
# Warmup Iteration   1: 177.163 ops/ms
# Warmup Iteration   2: 178.029 ops/ms
Iteration   1: 177.426 ops/ms
Iteration   2: 178.061 ops/ms
Iteration   3: 178.916 ops/ms


Result "org.apache.lucene.benchmark.jmh.RandomReadIOBenchmark.mmapBatchedPrefetch_T04":
  177.088 ±(99.9%) 3.987 ops/ms [Average]
  (min, avg, max) = (174.805, 177.088, 178.916), stdev = 1.422
  CI (99.9%): [173.101, 181.074] (assumes normal distribution)


# JMH version: 1.37
# VM version: JDK 25.0.4.1, OpenJDK 64-Bit Server VM, 25.0.4.1+1-LTS
# VM invoker: /opt/jdk-25/bin/java
# VM options: --enable-native-access=ALL-UNNAMED -Xms2g -Xmx2g -Dbench.file=/data/pread-bench-1024mb.dat -Dbench.fileSizeMB=1024 -Dbench.dropPageCache=false
# Blackhole mode: compiler (auto-detected, use -Djmh.blackhole.autoDetect=false to disable)
# Warmup: 2 iterations, 3 s each
# Measurement: 3 iterations, 5 s each
# Timeout: 10 min per iteration
# Threads: 8 threads, will synchronize iterations
# Benchmark mode: Throughput, ops/time
# Benchmark: org.apache.lucene.benchmark.jmh.RandomReadIOBenchmark.mmapBatchedPrefetch_T08
# Parameters: (readSize = 16384, readsPerOp = 16)

# Run progress: 12.50% complete, ETA 00:10:12
# Fork: 1 of 2
WARNING: A terminally deprecated method in sun.misc.Unsafe has been called
WARNING: sun.misc.Unsafe::objectFieldOffset has been called by org.openjdk.jmh.util.Utils (file:/opt/bench/branch/jmh-core-1.37.jar)
WARNING: Please consider reporting this to the maintainers of class org.openjdk.jmh.util.Utils
WARNING: sun.misc.Unsafe::objectFieldOffset will be removed in a future release
# Warmup Iteration   1: 326.031 ops/ms
# Warmup Iteration   2: 331.416 ops/ms
Iteration   1: 332.133 ops/ms
Iteration   2: 332.332 ops/ms
Iteration   3: 327.195 ops/ms

# Run progress: 15.63% complete, ETA 00:09:52
# Fork: 2 of 2
WARNING: A terminally deprecated method in sun.misc.Unsafe has been called
WARNING: sun.misc.Unsafe::objectFieldOffset has been called by org.openjdk.jmh.util.Utils (file:/opt/bench/branch/jmh-core-1.37.jar)
WARNING: Please consider reporting this to the maintainers of class org.openjdk.jmh.util.Utils
WARNING: sun.misc.Unsafe::objectFieldOffset will be removed in a future release
# Warmup Iteration   1: 321.805 ops/ms
# Warmup Iteration   2: 322.238 ops/ms
Iteration   1: 323.759 ops/ms
Iteration   2: 331.885 ops/ms
Iteration   3: 330.758 ops/ms


Result "org.apache.lucene.benchmark.jmh.RandomReadIOBenchmark.mmapBatchedPrefetch_T08":
  329.677 ±(99.9%) 9.739 ops/ms [Average]
  (min, avg, max) = (323.759, 329.677, 332.332), stdev = 3.473
  CI (99.9%): [319.938, 339.416] (assumes normal distribution)


# JMH version: 1.37
# VM version: JDK 25.0.4.1, OpenJDK 64-Bit Server VM, 25.0.4.1+1-LTS
# VM invoker: /opt/jdk-25/bin/java
# VM options: --enable-native-access=ALL-UNNAMED -Xms2g -Xmx2g -Dbench.file=/data/pread-bench-1024mb.dat -Dbench.fileSizeMB=1024 -Dbench.dropPageCache=false
# Blackhole mode: compiler (auto-detected, use -Djmh.blackhole.autoDetect=false to disable)
# Warmup: 2 iterations, 3 s each
# Measurement: 3 iterations, 5 s each
# Timeout: 10 min per iteration
# Threads: 16 threads, will synchronize iterations
# Benchmark mode: Throughput, ops/time
# Benchmark: org.apache.lucene.benchmark.jmh.RandomReadIOBenchmark.mmapBatchedPrefetch_T16
# Parameters: (readSize = 16384, readsPerOp = 16)

# Run progress: 18.75% complete, ETA 00:09:32
# Fork: 1 of 2
WARNING: A terminally deprecated method in sun.misc.Unsafe has been called
WARNING: sun.misc.Unsafe::objectFieldOffset has been called by org.openjdk.jmh.util.Utils (file:/opt/bench/branch/jmh-core-1.37.jar)
WARNING: Please consider reporting this to the maintainers of class org.openjdk.jmh.util.Utils
WARNING: sun.misc.Unsafe::objectFieldOffset will be removed in a future release
# Warmup Iteration   1: 334.606 ops/ms
# Warmup Iteration   2: 341.092 ops/ms
Iteration   1: 340.441 ops/ms
Iteration   2: 338.198 ops/ms
Iteration   3: 344.342 ops/ms

# Run progress: 21.88% complete, ETA 00:09:11
# Fork: 2 of 2
WARNING: A terminally deprecated method in sun.misc.Unsafe has been called
WARNING: sun.misc.Unsafe::objectFieldOffset has been called by org.openjdk.jmh.util.Utils (file:/opt/bench/branch/jmh-core-1.37.jar)
WARNING: Please consider reporting this to the maintainers of class org.openjdk.jmh.util.Utils
WARNING: sun.misc.Unsafe::objectFieldOffset will be removed in a future release
# Warmup Iteration   1: 339.740 ops/ms
# Warmup Iteration   2: 337.169 ops/ms
Iteration   1: 338.214 ops/ms
Iteration   2: 344.832 ops/ms
Iteration   3: 343.780 ops/ms


Result "org.apache.lucene.benchmark.jmh.RandomReadIOBenchmark.mmapBatchedPrefetch_T16":
  341.634 ±(99.9%) 8.606 ops/ms [Average]
  (min, avg, max) = (338.198, 341.634, 344.832), stdev = 3.069
  CI (99.9%): [333.029, 350.240] (assumes normal distribution)


# JMH version: 1.37
# VM version: JDK 25.0.4.1, OpenJDK 64-Bit Server VM, 25.0.4.1+1-LTS
# VM invoker: /opt/jdk-25/bin/java
# VM options: --enable-native-access=ALL-UNNAMED -Xms2g -Xmx2g -Dbench.file=/data/pread-bench-1024mb.dat -Dbench.fileSizeMB=1024 -Dbench.dropPageCache=false
# Blackhole mode: compiler (auto-detected, use -Djmh.blackhole.autoDetect=false to disable)
# Warmup: 2 iterations, 3 s each
# Measurement: 3 iterations, 5 s each
# Timeout: 10 min per iteration
# Threads: 1 thread, will synchronize iterations
# Benchmark mode: Throughput, ops/time
# Benchmark: org.apache.lucene.benchmark.jmh.RandomReadIOBenchmark.mmapRandomBatchedPrefetch_T01
# Parameters: (readSize = 16384, readsPerOp = 16)

# Run progress: 25.00% complete, ETA 00:08:50
# Fork: 1 of 2
WARNING: A terminally deprecated method in sun.misc.Unsafe has been called
WARNING: sun.misc.Unsafe::objectFieldOffset has been called by org.openjdk.jmh.util.Utils (file:/opt/bench/branch/jmh-core-1.37.jar)
WARNING: Please consider reporting this to the maintainers of class org.openjdk.jmh.util.Utils
WARNING: sun.misc.Unsafe::objectFieldOffset will be removed in a future release
# Warmup Iteration   1: 43.781 ops/ms
# Warmup Iteration   2: 45.570 ops/ms
Iteration   1: 44.926 ops/ms
Iteration   2: 44.556 ops/ms
Iteration   3: 44.830 ops/ms

# Run progress: 28.13% complete, ETA 00:08:26
# Fork: 2 of 2
WARNING: A terminally deprecated method in sun.misc.Unsafe has been called
WARNING: sun.misc.Unsafe::objectFieldOffset has been called by org.openjdk.jmh.util.Utils (file:/opt/bench/branch/jmh-core-1.37.jar)
WARNING: Please consider reporting this to the maintainers of class org.openjdk.jmh.util.Utils
WARNING: sun.misc.Unsafe::objectFieldOffset will be removed in a future release
# Warmup Iteration   1: 43.201 ops/ms
# Warmup Iteration   2: 44.204 ops/ms
Iteration   1: 44.908 ops/ms
Iteration   2: 44.228 ops/ms
Iteration   3: 44.326 ops/ms


Result "org.apache.lucene.benchmark.jmh.RandomReadIOBenchmark.mmapRandomBatchedPrefetch_T01":
  44.629 ±(99.9%) 0.855 ops/ms [Average]
  (min, avg, max) = (44.228, 44.629, 44.926), stdev = 0.305
  CI (99.9%): [43.774, 45.484] (assumes normal distribution)


# JMH version: 1.37
# VM version: JDK 25.0.4.1, OpenJDK 64-Bit Server VM, 25.0.4.1+1-LTS
# VM invoker: /opt/jdk-25/bin/java
# VM options: --enable-native-access=ALL-UNNAMED -Xms2g -Xmx2g -Dbench.file=/data/pread-bench-1024mb.dat -Dbench.fileSizeMB=1024 -Dbench.dropPageCache=false
# Blackhole mode: compiler (auto-detected, use -Djmh.blackhole.autoDetect=false to disable)
# Warmup: 2 iterations, 3 s each
# Measurement: 3 iterations, 5 s each
# Timeout: 10 min per iteration
# Threads: 4 threads, will synchronize iterations
# Benchmark mode: Throughput, ops/time
# Benchmark: org.apache.lucene.benchmark.jmh.RandomReadIOBenchmark.mmapRandomBatchedPrefetch_T04
# Parameters: (readSize = 16384, readsPerOp = 16)

# Run progress: 31.25% complete, ETA 00:08:02
# Fork: 1 of 2
WARNING: A terminally deprecated method in sun.misc.Unsafe has been called
WARNING: sun.misc.Unsafe::objectFieldOffset has been called by org.openjdk.jmh.util.Utils (file:/opt/bench/branch/jmh-core-1.37.jar)
WARNING: Please consider reporting this to the maintainers of class org.openjdk.jmh.util.Utils
WARNING: sun.misc.Unsafe::objectFieldOffset will be removed in a future release
# Warmup Iteration   1: 176.188 ops/ms
# Warmup Iteration   2: 176.174 ops/ms
Iteration   1: 178.344 ops/ms
Iteration   2: 178.398 ops/ms
Iteration   3: 178.135 ops/ms

# Run progress: 34.38% complete, ETA 00:07:41
# Fork: 2 of 2
WARNING: A terminally deprecated method in sun.misc.Unsafe has been called
WARNING: sun.misc.Unsafe::objectFieldOffset has been called by org.openjdk.jmh.util.Utils (file:/opt/bench/branch/jmh-core-1.37.jar)
WARNING: Please consider reporting this to the maintainers of class org.openjdk.jmh.util.Utils
WARNING: sun.misc.Unsafe::objectFieldOffset will be removed in a future release
# Warmup Iteration   1: 174.798 ops/ms
# Warmup Iteration   2: 175.645 ops/ms
Iteration   1: 163.557 ops/ms
Iteration   2: 144.456 ops/ms
Iteration   3: 155.795 ops/ms


Result "org.apache.lucene.benchmark.jmh.RandomReadIOBenchmark.mmapRandomBatchedPrefetch_T04":
  166.447 ±(99.9%) 40.177 ops/ms [Average]
  (min, avg, max) = (144.456, 166.447, 178.398), stdev = 14.327
  CI (99.9%): [126.271, 206.624] (assumes normal distribution)


# JMH version: 1.37
# VM version: JDK 25.0.4.1, OpenJDK 64-Bit Server VM, 25.0.4.1+1-LTS
# VM invoker: /opt/jdk-25/bin/java
# VM options: --enable-native-access=ALL-UNNAMED -Xms2g -Xmx2g -Dbench.file=/data/pread-bench-1024mb.dat -Dbench.fileSizeMB=1024 -Dbench.dropPageCache=false
# Blackhole mode: compiler (auto-detected, use -Djmh.blackhole.autoDetect=false to disable)
# Warmup: 2 iterations, 3 s each
# Measurement: 3 iterations, 5 s each
# Timeout: 10 min per iteration
# Threads: 8 threads, will synchronize iterations
# Benchmark mode: Throughput, ops/time
# Benchmark: org.apache.lucene.benchmark.jmh.RandomReadIOBenchmark.mmapRandomBatchedPrefetch_T08
# Parameters: (readSize = 16384, readsPerOp = 16)

# Run progress: 37.50% complete, ETA 00:07:20
# Fork: 1 of 2
WARNING: A terminally deprecated method in sun.misc.Unsafe has been called
WARNING: sun.misc.Unsafe::objectFieldOffset has been called by org.openjdk.jmh.util.Utils (file:/opt/bench/branch/jmh-core-1.37.jar)
WARNING: Please consider reporting this to the maintainers of class org.openjdk.jmh.util.Utils
WARNING: sun.misc.Unsafe::objectFieldOffset will be removed in a future release
# Warmup Iteration   1: 244.381 ops/ms
# Warmup Iteration   2: 244.416 ops/ms
Iteration   1: 259.405 ops/ms
Iteration   2: 274.294 ops/ms
Iteration   3: 312.645 ops/ms

# Run progress: 40.63% complete, ETA 00:06:58
# Fork: 2 of 2
WARNING: A terminally deprecated method in sun.misc.Unsafe has been called
WARNING: sun.misc.Unsafe::objectFieldOffset has been called by org.openjdk.jmh.util.Utils (file:/opt/bench/branch/jmh-core-1.37.jar)
WARNING: Please consider reporting this to the maintainers of class org.openjdk.jmh.util.Utils
WARNING: sun.misc.Unsafe::objectFieldOffset will be removed in a future release
# Warmup Iteration   1: 308.968 ops/ms
# Warmup Iteration   2: 301.736 ops/ms
Iteration   1: 296.278 ops/ms
Iteration   2: 297.231 ops/ms
Iteration   3: 293.027 ops/ms


Result "org.apache.lucene.benchmark.jmh.RandomReadIOBenchmark.mmapRandomBatchedPrefetch_T08":
  288.813 ±(99.9%) 53.027 ops/ms [Average]
  (min, avg, max) = (259.405, 288.813, 312.645), stdev = 18.910
  CI (99.9%): [235.786, 341.840] (assumes normal distribution)


# JMH version: 1.37
# VM version: JDK 25.0.4.1, OpenJDK 64-Bit Server VM, 25.0.4.1+1-LTS
# VM invoker: /opt/jdk-25/bin/java
# VM options: --enable-native-access=ALL-UNNAMED -Xms2g -Xmx2g -Dbench.file=/data/pread-bench-1024mb.dat -Dbench.fileSizeMB=1024 -Dbench.dropPageCache=false
# Blackhole mode: compiler (auto-detected, use -Djmh.blackhole.autoDetect=false to disable)
# Warmup: 2 iterations, 3 s each
# Measurement: 3 iterations, 5 s each
# Timeout: 10 min per iteration
# Threads: 16 threads, will synchronize iterations
# Benchmark mode: Throughput, ops/time
# Benchmark: org.apache.lucene.benchmark.jmh.RandomReadIOBenchmark.mmapRandomBatchedPrefetch_T16
# Parameters: (readSize = 16384, readsPerOp = 16)

# Run progress: 43.75% complete, ETA 00:06:36
# Fork: 1 of 2
WARNING: A terminally deprecated method in sun.misc.Unsafe has been called
WARNING: sun.misc.Unsafe::objectFieldOffset has been called by org.openjdk.jmh.util.Utils (file:/opt/bench/branch/jmh-core-1.37.jar)
WARNING: Please consider reporting this to the maintainers of class org.openjdk.jmh.util.Utils
WARNING: sun.misc.Unsafe::objectFieldOffset will be removed in a future release
# Warmup Iteration   1: 301.420 ops/ms
# Warmup Iteration   2: 306.696 ops/ms
Iteration   1: 333.044 ops/ms
Iteration   2: 340.452 ops/ms
Iteration   3: 338.914 ops/ms

# Run progress: 46.88% complete, ETA 00:06:15
# Fork: 2 of 2
WARNING: A terminally deprecated method in sun.misc.Unsafe has been called
WARNING: sun.misc.Unsafe::objectFieldOffset has been called by org.openjdk.jmh.util.Utils (file:/opt/bench/branch/jmh-core-1.37.jar)
WARNING: Please consider reporting this to the maintainers of class org.openjdk.jmh.util.Utils
WARNING: sun.misc.Unsafe::objectFieldOffset will be removed in a future release
# Warmup Iteration   1: 338.734 ops/ms
# Warmup Iteration   2: 341.696 ops/ms
Iteration   1: 338.616 ops/ms
Iteration   2: 341.959 ops/ms
Iteration   3: 342.909 ops/ms


Result "org.apache.lucene.benchmark.jmh.RandomReadIOBenchmark.mmapRandomBatchedPrefetch_T16":
  339.316 ±(99.9%) 9.809 ops/ms [Average]
  (min, avg, max) = (333.044, 339.316, 342.909), stdev = 3.498
  CI (99.9%): [329.507, 349.125] (assumes normal distribution)


# JMH version: 1.37
# VM version: JDK 25.0.4.1, OpenJDK 64-Bit Server VM, 25.0.4.1+1-LTS
# VM invoker: /opt/jdk-25/bin/java
# VM options: --enable-native-access=ALL-UNNAMED -Xms2g -Xmx2g -Dbench.file=/data/pread-bench-1024mb.dat -Dbench.fileSizeMB=1024 -Dbench.dropPageCache=false
# Blackhole mode: compiler (auto-detected, use -Djmh.blackhole.autoDetect=false to disable)
# Warmup: 2 iterations, 3 s each
# Measurement: 3 iterations, 5 s each
# Timeout: 10 min per iteration
# Threads: 1 thread, will synchronize iterations
# Benchmark mode: Throughput, ops/time
# Benchmark: org.apache.lucene.benchmark.jmh.RandomReadIOBenchmark.mmapRandom_T01
# Parameters: (readSize = 16384, readsPerOp = 16)

# Run progress: 50.00% complete, ETA 00:05:53
# Fork: 1 of 2
WARNING: A terminally deprecated method in sun.misc.Unsafe has been called
WARNING: sun.misc.Unsafe::objectFieldOffset has been called by org.openjdk.jmh.util.Utils (file:/opt/bench/branch/jmh-core-1.37.jar)
WARNING: Please consider reporting this to the maintainers of class org.openjdk.jmh.util.Utils
WARNING: sun.misc.Unsafe::objectFieldOffset will be removed in a future release
# Warmup Iteration   1: 43.316 ops/ms
# Warmup Iteration   2: 44.317 ops/ms
Iteration   1: 45.467 ops/ms
Iteration   2: 44.979 ops/ms
Iteration   3: 44.942 ops/ms

# Run progress: 53.13% complete, ETA 00:05:30
# Fork: 2 of 2
WARNING: A terminally deprecated method in sun.misc.Unsafe has been called
WARNING: sun.misc.Unsafe::objectFieldOffset has been called by org.openjdk.jmh.util.Utils (file:/opt/bench/branch/jmh-core-1.37.jar)
WARNING: Please consider reporting this to the maintainers of class org.openjdk.jmh.util.Utils
WARNING: sun.misc.Unsafe::objectFieldOffset will be removed in a future release
# Warmup Iteration   1: 45.049 ops/ms
# Warmup Iteration   2: 44.268 ops/ms
Iteration   1: 43.979 ops/ms
Iteration   2: 44.336 ops/ms
Iteration   3: 45.217 ops/ms


Result "org.apache.lucene.benchmark.jmh.RandomReadIOBenchmark.mmapRandom_T01":
  44.820 ±(99.9%) 1.565 ops/ms [Average]
  (min, avg, max) = (43.979, 44.820, 45.467), stdev = 0.558
  CI (99.9%): [43.255, 46.385] (assumes normal distribution)


# JMH version: 1.37
# VM version: JDK 25.0.4.1, OpenJDK 64-Bit Server VM, 25.0.4.1+1-LTS
# VM invoker: /opt/jdk-25/bin/java
# VM options: --enable-native-access=ALL-UNNAMED -Xms2g -Xmx2g -Dbench.file=/data/pread-bench-1024mb.dat -Dbench.fileSizeMB=1024 -Dbench.dropPageCache=false
# Blackhole mode: compiler (auto-detected, use -Djmh.blackhole.autoDetect=false to disable)
# Warmup: 2 iterations, 3 s each
# Measurement: 3 iterations, 5 s each
# Timeout: 10 min per iteration
# Threads: 4 threads, will synchronize iterations
# Benchmark mode: Throughput, ops/time
# Benchmark: org.apache.lucene.benchmark.jmh.RandomReadIOBenchmark.mmapRandom_T04
# Parameters: (readSize = 16384, readsPerOp = 16)

# Run progress: 56.25% complete, ETA 00:05:08
# Fork: 1 of 2
WARNING: A terminally deprecated method in sun.misc.Unsafe has been called
WARNING: sun.misc.Unsafe::objectFieldOffset has been called by org.openjdk.jmh.util.Utils (file:/opt/bench/branch/jmh-core-1.37.jar)
WARNING: Please consider reporting this to the maintainers of class org.openjdk.jmh.util.Utils
WARNING: sun.misc.Unsafe::objectFieldOffset will be removed in a future release
# Warmup Iteration   1: 178.210 ops/ms
# Warmup Iteration   2: 180.134 ops/ms
Iteration   1: 178.607 ops/ms
Iteration   2: 178.559 ops/ms
Iteration   3: 179.671 ops/ms

# Run progress: 59.38% complete, ETA 00:04:46
# Fork: 2 of 2
WARNING: A terminally deprecated method in sun.misc.Unsafe has been called
WARNING: sun.misc.Unsafe::objectFieldOffset has been called by org.openjdk.jmh.util.Utils (file:/opt/bench/branch/jmh-core-1.37.jar)
WARNING: Please consider reporting this to the maintainers of class org.openjdk.jmh.util.Utils
WARNING: sun.misc.Unsafe::objectFieldOffset will be removed in a future release
# Warmup Iteration   1: 177.781 ops/ms
# Warmup Iteration   2: 179.169 ops/ms
Iteration   1: 178.025 ops/ms
Iteration   2: 178.142 ops/ms
Iteration   3: 179.096 ops/ms


Result "org.apache.lucene.benchmark.jmh.RandomReadIOBenchmark.mmapRandom_T04":
  178.683 ±(99.9%) 1.725 ops/ms [Average]
  (min, avg, max) = (178.025, 178.683, 179.671), stdev = 0.615
  CI (99.9%): [176.958, 180.408] (assumes normal distribution)


# JMH version: 1.37
# VM version: JDK 25.0.4.1, OpenJDK 64-Bit Server VM, 25.0.4.1+1-LTS
# VM invoker: /opt/jdk-25/bin/java
# VM options: --enable-native-access=ALL-UNNAMED -Xms2g -Xmx2g -Dbench.file=/data/pread-bench-1024mb.dat -Dbench.fileSizeMB=1024 -Dbench.dropPageCache=false
# Blackhole mode: compiler (auto-detected, use -Djmh.blackhole.autoDetect=false to disable)
# Warmup: 2 iterations, 3 s each
# Measurement: 3 iterations, 5 s each
# Timeout: 10 min per iteration
# Threads: 8 threads, will synchronize iterations
# Benchmark mode: Throughput, ops/time
# Benchmark: org.apache.lucene.benchmark.jmh.RandomReadIOBenchmark.mmapRandom_T08
# Parameters: (readSize = 16384, readsPerOp = 16)

# Run progress: 62.50% complete, ETA 00:04:24
# Fork: 1 of 2
WARNING: A terminally deprecated method in sun.misc.Unsafe has been called
WARNING: sun.misc.Unsafe::objectFieldOffset has been called by org.openjdk.jmh.util.Utils (file:/opt/bench/branch/jmh-core-1.37.jar)
WARNING: Please consider reporting this to the maintainers of class org.openjdk.jmh.util.Utils
WARNING: sun.misc.Unsafe::objectFieldOffset will be removed in a future release
# Warmup Iteration   1: 328.266 ops/ms
# Warmup Iteration   2: 331.917 ops/ms
Iteration   1: 331.687 ops/ms
Iteration   2: 331.323 ops/ms
Iteration   3: 331.773 ops/ms

# Run progress: 65.63% complete, ETA 00:04:02
# Fork: 2 of 2
WARNING: A terminally deprecated method in sun.misc.Unsafe has been called
WARNING: sun.misc.Unsafe::objectFieldOffset has been called by org.openjdk.jmh.util.Utils (file:/opt/bench/branch/jmh-core-1.37.jar)
WARNING: Please consider reporting this to the maintainers of class org.openjdk.jmh.util.Utils
WARNING: sun.misc.Unsafe::objectFieldOffset will be removed in a future release
# Warmup Iteration   1: 328.746 ops/ms
# Warmup Iteration   2: 331.931 ops/ms
Iteration   1: 330.821 ops/ms
Iteration   2: 331.786 ops/ms
Iteration   3: 332.002 ops/ms


Result "org.apache.lucene.benchmark.jmh.RandomReadIOBenchmark.mmapRandom_T08":
  331.565 ±(99.9%) 1.197 ops/ms [Average]
  (min, avg, max) = (330.821, 331.565, 332.002), stdev = 0.427
  CI (99.9%): [330.369, 332.762] (assumes normal distribution)


# JMH version: 1.37
# VM version: JDK 25.0.4.1, OpenJDK 64-Bit Server VM, 25.0.4.1+1-LTS
# VM invoker: /opt/jdk-25/bin/java
# VM options: --enable-native-access=ALL-UNNAMED -Xms2g -Xmx2g -Dbench.file=/data/pread-bench-1024mb.dat -Dbench.fileSizeMB=1024 -Dbench.dropPageCache=false
# Blackhole mode: compiler (auto-detected, use -Djmh.blackhole.autoDetect=false to disable)
# Warmup: 2 iterations, 3 s each
# Measurement: 3 iterations, 5 s each
# Timeout: 10 min per iteration
# Threads: 16 threads, will synchronize iterations
# Benchmark mode: Throughput, ops/time
# Benchmark: org.apache.lucene.benchmark.jmh.RandomReadIOBenchmark.mmapRandom_T16
# Parameters: (readSize = 16384, readsPerOp = 16)

# Run progress: 68.75% complete, ETA 00:03:40
# Fork: 1 of 2
WARNING: A terminally deprecated method in sun.misc.Unsafe has been called
WARNING: sun.misc.Unsafe::objectFieldOffset has been called by org.openjdk.jmh.util.Utils (file:/opt/bench/branch/jmh-core-1.37.jar)
WARNING: Please consider reporting this to the maintainers of class org.openjdk.jmh.util.Utils
WARNING: sun.misc.Unsafe::objectFieldOffset will be removed in a future release
# Warmup Iteration   1: 342.139 ops/ms
# Warmup Iteration   2: 345.086 ops/ms
Iteration   1: 344.853 ops/ms
Iteration   2: 344.647 ops/ms
Iteration   3: 346.221 ops/ms

# Run progress: 71.88% complete, ETA 00:03:18
# Fork: 2 of 2
WARNING: A terminally deprecated method in sun.misc.Unsafe has been called
WARNING: sun.misc.Unsafe::objectFieldOffset has been called by org.openjdk.jmh.util.Utils (file:/opt/bench/branch/jmh-core-1.37.jar)
WARNING: Please consider reporting this to the maintainers of class org.openjdk.jmh.util.Utils
WARNING: sun.misc.Unsafe::objectFieldOffset will be removed in a future release
# Warmup Iteration   1: 344.119 ops/ms
# Warmup Iteration   2: 347.717 ops/ms
Iteration   1: 345.957 ops/ms
Iteration   2: 346.165 ops/ms
Iteration   3: 346.015 ops/ms


Result "org.apache.lucene.benchmark.jmh.RandomReadIOBenchmark.mmapRandom_T16":
  345.643 ±(99.9%) 1.968 ops/ms [Average]
  (min, avg, max) = (344.647, 345.643, 346.221), stdev = 0.702
  CI (99.9%): [343.675, 347.611] (assumes normal distribution)


# JMH version: 1.37
# VM version: JDK 25.0.4.1, OpenJDK 64-Bit Server VM, 25.0.4.1+1-LTS
# VM invoker: /opt/jdk-25/bin/java
# VM options: --enable-native-access=ALL-UNNAMED -Xms2g -Xmx2g -Dbench.file=/data/pread-bench-1024mb.dat -Dbench.fileSizeMB=1024 -Dbench.dropPageCache=false
# Blackhole mode: compiler (auto-detected, use -Djmh.blackhole.autoDetect=false to disable)
# Warmup: 2 iterations, 3 s each
# Measurement: 3 iterations, 5 s each
# Timeout: 10 min per iteration
# Threads: 1 thread, will synchronize iterations
# Benchmark mode: Throughput, ops/time
# Benchmark: org.apache.lucene.benchmark.jmh.RandomReadIOBenchmark.mmap_T01
# Parameters: (readSize = 16384, readsPerOp = 16)

# Run progress: 75.00% complete, ETA 00:02:56
# Fork: 1 of 2
WARNING: A terminally deprecated method in sun.misc.Unsafe has been called
WARNING: sun.misc.Unsafe::objectFieldOffset has been called by org.openjdk.jmh.util.Utils (file:/opt/bench/branch/jmh-core-1.37.jar)
WARNING: Please consider reporting this to the maintainers of class org.openjdk.jmh.util.Utils
WARNING: sun.misc.Unsafe::objectFieldOffset will be removed in a future release
# Warmup Iteration   1: 43.280 ops/ms
# Warmup Iteration   2: 45.379 ops/ms
Iteration   1: 44.839 ops/ms
Iteration   2: 44.637 ops/ms
Iteration   3: 45.312 ops/ms

# Run progress: 78.13% complete, ETA 00:02:34
# Fork: 2 of 2
WARNING: A terminally deprecated method in sun.misc.Unsafe has been called
WARNING: sun.misc.Unsafe::objectFieldOffset has been called by org.openjdk.jmh.util.Utils (file:/opt/bench/branch/jmh-core-1.37.jar)
WARNING: Please consider reporting this to the maintainers of class org.openjdk.jmh.util.Utils
WARNING: sun.misc.Unsafe::objectFieldOffset will be removed in a future release
# Warmup Iteration   1: 43.883 ops/ms
# Warmup Iteration   2: 45.267 ops/ms
Iteration   1: 44.710 ops/ms
Iteration   2: 44.899 ops/ms
Iteration   3: 44.810 ops/ms


Result "org.apache.lucene.benchmark.jmh.RandomReadIOBenchmark.mmap_T01":
  44.868 ±(99.9%) 0.664 ops/ms [Average]
  (min, avg, max) = (44.637, 44.868, 45.312), stdev = 0.237
  CI (99.9%): [44.203, 45.532] (assumes normal distribution)


# JMH version: 1.37
# VM version: JDK 25.0.4.1, OpenJDK 64-Bit Server VM, 25.0.4.1+1-LTS
# VM invoker: /opt/jdk-25/bin/java
# VM options: --enable-native-access=ALL-UNNAMED -Xms2g -Xmx2g -Dbench.file=/data/pread-bench-1024mb.dat -Dbench.fileSizeMB=1024 -Dbench.dropPageCache=false
# Blackhole mode: compiler (auto-detected, use -Djmh.blackhole.autoDetect=false to disable)
# Warmup: 2 iterations, 3 s each
# Measurement: 3 iterations, 5 s each
# Timeout: 10 min per iteration
# Threads: 4 threads, will synchronize iterations
# Benchmark mode: Throughput, ops/time
# Benchmark: org.apache.lucene.benchmark.jmh.RandomReadIOBenchmark.mmap_T04
# Parameters: (readSize = 16384, readsPerOp = 16)

# Run progress: 81.25% complete, ETA 00:02:12
# Fork: 1 of 2
WARNING: A terminally deprecated method in sun.misc.Unsafe has been called
WARNING: sun.misc.Unsafe::objectFieldOffset has been called by org.openjdk.jmh.util.Utils (file:/opt/bench/branch/jmh-core-1.37.jar)
WARNING: Please consider reporting this to the maintainers of class org.openjdk.jmh.util.Utils
WARNING: sun.misc.Unsafe::objectFieldOffset will be removed in a future release
# Warmup Iteration   1: 176.784 ops/ms
# Warmup Iteration   2: 178.107 ops/ms
Iteration   1: 178.970 ops/ms
Iteration   2: 178.890 ops/ms
Iteration   3: 178.595 ops/ms

# Run progress: 84.38% complete, ETA 00:01:50
# Fork: 2 of 2
WARNING: A terminally deprecated method in sun.misc.Unsafe has been called
WARNING: sun.misc.Unsafe::objectFieldOffset has been called by org.openjdk.jmh.util.Utils (file:/opt/bench/branch/jmh-core-1.37.jar)
WARNING: Please consider reporting this to the maintainers of class org.openjdk.jmh.util.Utils
WARNING: sun.misc.Unsafe::objectFieldOffset will be removed in a future release
# Warmup Iteration   1: 176.544 ops/ms
# Warmup Iteration   2: 179.612 ops/ms
Iteration   1: 179.462 ops/ms
Iteration   2: 179.587 ops/ms
Iteration   3: 178.218 ops/ms


Result "org.apache.lucene.benchmark.jmh.RandomReadIOBenchmark.mmap_T04":
  178.954 ±(99.9%) 1.449 ops/ms [Average]
  (min, avg, max) = (178.218, 178.954, 179.587), stdev = 0.517
  CI (99.9%): [177.505, 180.402] (assumes normal distribution)


# JMH version: 1.37
# VM version: JDK 25.0.4.1, OpenJDK 64-Bit Server VM, 25.0.4.1+1-LTS
# VM invoker: /opt/jdk-25/bin/java
# VM options: --enable-native-access=ALL-UNNAMED -Xms2g -Xmx2g -Dbench.file=/data/pread-bench-1024mb.dat -Dbench.fileSizeMB=1024 -Dbench.dropPageCache=false
# Blackhole mode: compiler (auto-detected, use -Djmh.blackhole.autoDetect=false to disable)
# Warmup: 2 iterations, 3 s each
# Measurement: 3 iterations, 5 s each
# Timeout: 10 min per iteration
# Threads: 8 threads, will synchronize iterations
# Benchmark mode: Throughput, ops/time
# Benchmark: org.apache.lucene.benchmark.jmh.RandomReadIOBenchmark.mmap_T08
# Parameters: (readSize = 16384, readsPerOp = 16)

# Run progress: 87.50% complete, ETA 00:01:28
# Fork: 1 of 2
WARNING: A terminally deprecated method in sun.misc.Unsafe has been called
WARNING: sun.misc.Unsafe::objectFieldOffset has been called by org.openjdk.jmh.util.Utils (file:/opt/bench/branch/jmh-core-1.37.jar)
WARNING: Please consider reporting this to the maintainers of class org.openjdk.jmh.util.Utils
WARNING: sun.misc.Unsafe::objectFieldOffset will be removed in a future release
# Warmup Iteration   1: 328.998 ops/ms
# Warmup Iteration   2: 331.970 ops/ms
Iteration   1: 331.847 ops/ms
Iteration   2: 333.084 ops/ms
Iteration   3: 331.347 ops/ms

# Run progress: 90.63% complete, ETA 00:01:06
# Fork: 2 of 2
WARNING: A terminally deprecated method in sun.misc.Unsafe has been called
WARNING: sun.misc.Unsafe::objectFieldOffset has been called by org.openjdk.jmh.util.Utils (file:/opt/bench/branch/jmh-core-1.37.jar)
WARNING: Please consider reporting this to the maintainers of class org.openjdk.jmh.util.Utils
WARNING: sun.misc.Unsafe::objectFieldOffset will be removed in a future release
# Warmup Iteration   1: 328.043 ops/ms
# Warmup Iteration   2: 330.825 ops/ms
Iteration   1: 334.314 ops/ms
Iteration   2: 332.119 ops/ms
Iteration   3: 333.143 ops/ms


Result "org.apache.lucene.benchmark.jmh.RandomReadIOBenchmark.mmap_T08":
  332.642 ±(99.9%) 3.027 ops/ms [Average]
  (min, avg, max) = (331.347, 332.642, 334.314), stdev = 1.079
  CI (99.9%): [329.616, 335.669] (assumes normal distribution)


# JMH version: 1.37
# VM version: JDK 25.0.4.1, OpenJDK 64-Bit Server VM, 25.0.4.1+1-LTS
# VM invoker: /opt/jdk-25/bin/java
# VM options: --enable-native-access=ALL-UNNAMED -Xms2g -Xmx2g -Dbench.file=/data/pread-bench-1024mb.dat -Dbench.fileSizeMB=1024 -Dbench.dropPageCache=false
# Blackhole mode: compiler (auto-detected, use -Djmh.blackhole.autoDetect=false to disable)
# Warmup: 2 iterations, 3 s each
# Measurement: 3 iterations, 5 s each
# Timeout: 10 min per iteration
# Threads: 16 threads, will synchronize iterations
# Benchmark mode: Throughput, ops/time
# Benchmark: org.apache.lucene.benchmark.jmh.RandomReadIOBenchmark.mmap_T16
# Parameters: (readSize = 16384, readsPerOp = 16)

# Run progress: 93.75% complete, ETA 00:00:44
# Fork: 1 of 2
WARNING: A terminally deprecated method in sun.misc.Unsafe has been called
WARNING: sun.misc.Unsafe::objectFieldOffset has been called by org.openjdk.jmh.util.Utils (file:/opt/bench/branch/jmh-core-1.37.jar)
WARNING: Please consider reporting this to the maintainers of class org.openjdk.jmh.util.Utils
WARNING: sun.misc.Unsafe::objectFieldOffset will be removed in a future release
# Warmup Iteration   1: 344.638 ops/ms
# Warmup Iteration   2: 346.932 ops/ms
Iteration   1: 346.323 ops/ms
Iteration   2: 346.403 ops/ms
Iteration   3: 346.598 ops/ms

# Run progress: 96.88% complete, ETA 00:00:22
# Fork: 2 of 2
WARNING: A terminally deprecated method in sun.misc.Unsafe has been called
WARNING: sun.misc.Unsafe::objectFieldOffset has been called by org.openjdk.jmh.util.Utils (file:/opt/bench/branch/jmh-core-1.37.jar)
WARNING: Please consider reporting this to the maintainers of class org.openjdk.jmh.util.Utils
WARNING: sun.misc.Unsafe::objectFieldOffset will be removed in a future release
# Warmup Iteration   1: 343.031 ops/ms
# Warmup Iteration   2: 345.853 ops/ms
Iteration   1: 347.198 ops/ms
Iteration   2: 346.348 ops/ms
Iteration   3: 346.930 ops/ms


Result "org.apache.lucene.benchmark.jmh.RandomReadIOBenchmark.mmap_T16":
  346.633 ±(99.9%) 1.002 ops/ms [Average]
  (min, avg, max) = (346.323, 346.633, 347.198), stdev = 0.357
  CI (99.9%): [345.631, 347.636] (assumes normal distribution)


# Run complete. Total time: 00:11:46

REMEMBER: The numbers below are just data. To gain reusable insights, you need to follow up on
why the numbers are the way they are. Use profilers (see -prof, -lprof), design factorial
experiments, perform baseline and negative tests that provide experimental control, make sure
the benchmarking environment is safe on JVM/OS/HW level, ask for reviews from the domain experts.
Do not assume the numbers tell you what you want them to tell.

NOTE: Current JVM experimentally supports Compiler Blackholes, and they are in use. Please exercise
extra caution when trusting the results, look into the generated code to check the benchmark still
works, and factor in a small probability of new VM bugs. Additionally, while comparisons between
different JVMs are already problematic, the performance difference caused by different Blackhole
modes can be very significant. Please make sure you use the consistent Blackhole mode for comparisons.

Benchmark                                            (readSize)  (readsPerOp)   Mode  Cnt    Score    Error   Units
RandomReadIOBenchmark.mmapBatchedPrefetch_T01             16384            16  thrpt    6   42.483 ±  2.516  ops/ms
RandomReadIOBenchmark.mmapBatchedPrefetch_T04             16384            16  thrpt    6  177.088 ±  3.987  ops/ms
RandomReadIOBenchmark.mmapBatchedPrefetch_T08             16384            16  thrpt    6  329.677 ±  9.739  ops/ms
RandomReadIOBenchmark.mmapBatchedPrefetch_T16             16384            16  thrpt    6  341.634 ±  8.606  ops/ms
RandomReadIOBenchmark.mmapRandomBatchedPrefetch_T01       16384            16  thrpt    6   44.629 ±  0.855  ops/ms
RandomReadIOBenchmark.mmapRandomBatchedPrefetch_T04       16384            16  thrpt    6  166.447 ± 40.177  ops/ms
RandomReadIOBenchmark.mmapRandomBatchedPrefetch_T08       16384            16  thrpt    6  288.813 ± 53.027  ops/ms
RandomReadIOBenchmark.mmapRandomBatchedPrefetch_T16       16384            16  thrpt    6  339.316 ±  9.809  ops/ms
RandomReadIOBenchmark.mmapRandom_T01                      16384            16  thrpt    6   44.820 ±  1.565  ops/ms
RandomReadIOBenchmark.mmapRandom_T04                      16384            16  thrpt    6  178.683 ±  1.725  ops/ms
RandomReadIOBenchmark.mmapRandom_T08                      16384            16  thrpt    6  331.565 ±  1.197  ops/ms
RandomReadIOBenchmark.mmapRandom_T16                      16384            16  thrpt    6  345.643 ±  1.968  ops/ms
RandomReadIOBenchmark.mmap_T01                            16384            16  thrpt    6   44.868 ±  0.664  ops/ms
RandomReadIOBenchmark.mmap_T04                            16384            16  thrpt    6  178.954 ±  1.449  ops/ms
RandomReadIOBenchmark.mmap_T08                            16384            16  thrpt    6  332.642 ±  3.027  ops/ms
RandomReadIOBenchmark.mmap_T16                            16384            16  thrpt    6  346.633 ±  1.002  ops/ms

Benchmark result is saved to /opt/bench/results/branch-hot-randomread.json
   priming: drop caches, sequential read of /data/sf-index-1000000
WARNING: A terminally deprecated method in sun.misc.Unsafe has been called
WARNING: sun.misc.Unsafe::objectFieldOffset has been called by org.openjdk.jmh.util.Utils (file:/opt/bench/branch/jmh-core-1.37.jar)
WARNING: Please consider reporting this to the maintainers of class org.openjdk.jmh.util.Utils
WARNING: sun.misc.Unsafe::objectFieldOffset will be removed in a future release
# JMH version: 1.37
# VM version: JDK 25.0.4.1, OpenJDK 64-Bit Server VM, 25.0.4.1+1-LTS
# VM invoker: /opt/jdk-25/bin/java
# VM options: --enable-native-access=ALL-UNNAMED -Xms2g -Xmx2g -Dbench.indexPath=/data/sf-index-1000000 -Dbench.numDocs=1000000 -Dbench.docSizeBytes=4096 -Dbench.readAdvice=RANDOM -Dbench.prefetchWindow=16 -Dbench.dropPageCache=false
# Blackhole mode: compiler (auto-detected, use -Djmh.blackhole.autoDetect=false to disable)
# Warmup: 2 iterations, 2 s each
# Measurement: 3 iterations, 3 s each
# Timeout: 10 min per iteration
# Threads: 1 thread, will synchronize iterations
# Benchmark mode: Throughput, ops/time
# Benchmark: org.apache.lucene.benchmark.jmh.StoredFieldsPrefetchBenchmark.prefetchOnly_T01
# Parameters: (topK = 10)

# Run progress: 0.00% complete, ETA 00:05:12
# Fork: 1 of 2
WARNING: A terminally deprecated method in sun.misc.Unsafe has been called
WARNING: sun.misc.Unsafe::objectFieldOffset has been called by org.openjdk.jmh.util.Utils (file:/opt/bench/branch/jmh-core-1.37.jar)
WARNING: Please consider reporting this to the maintainers of class org.openjdk.jmh.util.Utils
WARNING: sun.misc.Unsafe::objectFieldOffset will be removed in a future release
# Warmup Iteration   1: Sep 29, 2026 11:16:47 PM org.apache.lucene.internal.vectorization.VectorizationProvider lookup
WARNING: Java vector incubator module is not readable. For optimal vector performance, pass '--add-modules jdk.incubator.vector' to enable Vector API.
366.198 ops/ms
# Warmup Iteration   2: 376.264 ops/ms
Iteration   1: 374.508 ops/ms
Iteration   2: 375.000 ops/ms
Iteration   3: 374.875 ops/ms

# Run progress: 4.17% complete, ETA 00:05:11
# Fork: 2 of 2
WARNING: A terminally deprecated method in sun.misc.Unsafe has been called
WARNING: sun.misc.Unsafe::objectFieldOffset has been called by org.openjdk.jmh.util.Utils (file:/opt/bench/branch/jmh-core-1.37.jar)
WARNING: Please consider reporting this to the maintainers of class org.openjdk.jmh.util.Utils
WARNING: sun.misc.Unsafe::objectFieldOffset will be removed in a future release
# Warmup Iteration   1: Sep 29, 2026 11:17:00 PM org.apache.lucene.internal.vectorization.VectorizationProvider lookup
WARNING: Java vector incubator module is not readable. For optimal vector performance, pass '--add-modules jdk.incubator.vector' to enable Vector API.
367.088 ops/ms
# Warmup Iteration   2: 377.494 ops/ms
Iteration   1: 376.273 ops/ms
Iteration   2: 375.902 ops/ms
Iteration   3: 376.430 ops/ms


Result "org.apache.lucene.benchmark.jmh.StoredFieldsPrefetchBenchmark.prefetchOnly_T01":
  375.498 ±(99.9%) 2.260 ops/ms [Average]
  (min, avg, max) = (374.508, 375.498, 376.430), stdev = 0.806
  CI (99.9%): [373.238, 377.758] (assumes normal distribution)


# JMH version: 1.37
# VM version: JDK 25.0.4.1, OpenJDK 64-Bit Server VM, 25.0.4.1+1-LTS
# VM invoker: /opt/jdk-25/bin/java
# VM options: --enable-native-access=ALL-UNNAMED -Xms2g -Xmx2g -Dbench.indexPath=/data/sf-index-1000000 -Dbench.numDocs=1000000 -Dbench.docSizeBytes=4096 -Dbench.readAdvice=RANDOM -Dbench.prefetchWindow=16 -Dbench.dropPageCache=false
# Blackhole mode: compiler (auto-detected, use -Djmh.blackhole.autoDetect=false to disable)
# Warmup: 2 iterations, 2 s each
# Measurement: 3 iterations, 3 s each
# Timeout: 10 min per iteration
# Threads: 1 thread, will synchronize iterations
# Benchmark mode: Throughput, ops/time
# Benchmark: org.apache.lucene.benchmark.jmh.StoredFieldsPrefetchBenchmark.prefetchOnly_T01
# Parameters: (topK = 100)

# Run progress: 8.33% complete, ETA 00:04:56
# Fork: 1 of 2
WARNING: A terminally deprecated method in sun.misc.Unsafe has been called
WARNING: sun.misc.Unsafe::objectFieldOffset has been called by org.openjdk.jmh.util.Utils (file:/opt/bench/branch/jmh-core-1.37.jar)
WARNING: Please consider reporting this to the maintainers of class org.openjdk.jmh.util.Utils
WARNING: sun.misc.Unsafe::objectFieldOffset will be removed in a future release
# Warmup Iteration   1: Sep 29, 2026 11:17:14 PM org.apache.lucene.internal.vectorization.VectorizationProvider lookup
WARNING: Java vector incubator module is not readable. For optimal vector performance, pass '--add-modules jdk.incubator.vector' to enable Vector API.
37.805 ops/ms
# Warmup Iteration   2: 38.671 ops/ms
Iteration   1: 38.779 ops/ms
Iteration   2: 38.866 ops/ms
Iteration   3: 38.760 ops/ms

# Run progress: 12.50% complete, ETA 00:04:42
# Fork: 2 of 2
WARNING: A terminally deprecated method in sun.misc.Unsafe has been called
WARNING: sun.misc.Unsafe::objectFieldOffset has been called by org.openjdk.jmh.util.Utils (file:/opt/bench/branch/jmh-core-1.37.jar)
WARNING: Please consider reporting this to the maintainers of class org.openjdk.jmh.util.Utils
WARNING: sun.misc.Unsafe::objectFieldOffset will be removed in a future release
# Warmup Iteration   1: Sep 29, 2026 11:17:27 PM org.apache.lucene.internal.vectorization.VectorizationProvider lookup
WARNING: Java vector incubator module is not readable. For optimal vector performance, pass '--add-modules jdk.incubator.vector' to enable Vector API.
37.656 ops/ms
# Warmup Iteration   2: 38.497 ops/ms
Iteration   1: 38.654 ops/ms
Iteration   2: 38.599 ops/ms
Iteration   3: 38.688 ops/ms


Result "org.apache.lucene.benchmark.jmh.StoredFieldsPrefetchBenchmark.prefetchOnly_T01":
  38.724 ±(99.9%) 0.269 ops/ms [Average]
  (min, avg, max) = (38.599, 38.724, 38.866), stdev = 0.096
  CI (99.9%): [38.455, 38.994] (assumes normal distribution)


# JMH version: 1.37
# VM version: JDK 25.0.4.1, OpenJDK 64-Bit Server VM, 25.0.4.1+1-LTS
# VM invoker: /opt/jdk-25/bin/java
# VM options: --enable-native-access=ALL-UNNAMED -Xms2g -Xmx2g -Dbench.indexPath=/data/sf-index-1000000 -Dbench.numDocs=1000000 -Dbench.docSizeBytes=4096 -Dbench.readAdvice=RANDOM -Dbench.prefetchWindow=16 -Dbench.dropPageCache=false
# Blackhole mode: compiler (auto-detected, use -Djmh.blackhole.autoDetect=false to disable)
# Warmup: 2 iterations, 2 s each
# Measurement: 3 iterations, 3 s each
# Timeout: 10 min per iteration
# Threads: 8 threads, will synchronize iterations
# Benchmark mode: Throughput, ops/time
# Benchmark: org.apache.lucene.benchmark.jmh.StoredFieldsPrefetchBenchmark.prefetchOnly_T08
# Parameters: (topK = 10)

# Run progress: 16.67% complete, ETA 00:04:28
# Fork: 1 of 2
WARNING: A terminally deprecated method in sun.misc.Unsafe has been called
WARNING: sun.misc.Unsafe::objectFieldOffset has been called by org.openjdk.jmh.util.Utils (file:/opt/bench/branch/jmh-core-1.37.jar)
WARNING: Please consider reporting this to the maintainers of class org.openjdk.jmh.util.Utils
WARNING: sun.misc.Unsafe::objectFieldOffset will be removed in a future release
# Warmup Iteration   1: Sep 29, 2026 11:17:40 PM org.apache.lucene.internal.vectorization.VectorizationProvider lookup
WARNING: Java vector incubator module is not readable. For optimal vector performance, pass '--add-modules jdk.incubator.vector' to enable Vector API.
2928.143 ops/ms
# Warmup Iteration   2: 2995.703 ops/ms
Iteration   1: 3002.206 ops/ms
Iteration   2: 2996.019 ops/ms
Iteration   3: 3001.564 ops/ms

# Run progress: 20.83% complete, ETA 00:04:14
# Fork: 2 of 2
WARNING: A terminally deprecated method in sun.misc.Unsafe has been called
WARNING: sun.misc.Unsafe::objectFieldOffset has been called by org.openjdk.jmh.util.Utils (file:/opt/bench/branch/jmh-core-1.37.jar)
WARNING: Please consider reporting this to the maintainers of class org.openjdk.jmh.util.Utils
WARNING: sun.misc.Unsafe::objectFieldOffset will be removed in a future release
# Warmup Iteration   1: Sep 29, 2026 11:17:54 PM org.apache.lucene.internal.vectorization.VectorizationProvider lookup
WARNING: Java vector incubator module is not readable. For optimal vector performance, pass '--add-modules jdk.incubator.vector' to enable Vector API.
3009.460 ops/ms
# Warmup Iteration   2: 3065.941 ops/ms
Iteration   1: 3080.865 ops/ms
Iteration   2: 3090.475 ops/ms
Iteration   3: 3085.703 ops/ms


Result "org.apache.lucene.benchmark.jmh.StoredFieldsPrefetchBenchmark.prefetchOnly_T08":
  3042.805 ±(99.9%) 132.120 ops/ms [Average]
  (min, avg, max) = (2996.019, 3042.805, 3090.475), stdev = 47.115
  CI (99.9%): [2910.685, 3174.926] (assumes normal distribution)


# JMH version: 1.37
# VM version: JDK 25.0.4.1, OpenJDK 64-Bit Server VM, 25.0.4.1+1-LTS
# VM invoker: /opt/jdk-25/bin/java
# VM options: --enable-native-access=ALL-UNNAMED -Xms2g -Xmx2g -Dbench.indexPath=/data/sf-index-1000000 -Dbench.numDocs=1000000 -Dbench.docSizeBytes=4096 -Dbench.readAdvice=RANDOM -Dbench.prefetchWindow=16 -Dbench.dropPageCache=false
# Blackhole mode: compiler (auto-detected, use -Djmh.blackhole.autoDetect=false to disable)
# Warmup: 2 iterations, 2 s each
# Measurement: 3 iterations, 3 s each
# Timeout: 10 min per iteration
# Threads: 8 threads, will synchronize iterations
# Benchmark mode: Throughput, ops/time
# Benchmark: org.apache.lucene.benchmark.jmh.StoredFieldsPrefetchBenchmark.prefetchOnly_T08
# Parameters: (topK = 100)

# Run progress: 25.00% complete, ETA 00:04:01
# Fork: 1 of 2
WARNING: A terminally deprecated method in sun.misc.Unsafe has been called
WARNING: sun.misc.Unsafe::objectFieldOffset has been called by org.openjdk.jmh.util.Utils (file:/opt/bench/branch/jmh-core-1.37.jar)
WARNING: Please consider reporting this to the maintainers of class org.openjdk.jmh.util.Utils
WARNING: sun.misc.Unsafe::objectFieldOffset will be removed in a future release
# Warmup Iteration   1: Sep 29, 2026 11:18:07 PM org.apache.lucene.internal.vectorization.VectorizationProvider lookup
WARNING: Java vector incubator module is not readable. For optimal vector performance, pass '--add-modules jdk.incubator.vector' to enable Vector API.
301.418 ops/ms
# Warmup Iteration   2: 307.703 ops/ms
Iteration   1: 309.924 ops/ms
Iteration   2: 310.104 ops/ms
Iteration   3: 309.819 ops/ms

# Run progress: 29.17% complete, ETA 00:03:47
# Fork: 2 of 2
WARNING: A terminally deprecated method in sun.misc.Unsafe has been called
WARNING: sun.misc.Unsafe::objectFieldOffset has been called by org.openjdk.jmh.util.Utils (file:/opt/bench/branch/jmh-core-1.37.jar)
WARNING: Please consider reporting this to the maintainers of class org.openjdk.jmh.util.Utils
WARNING: sun.misc.Unsafe::objectFieldOffset will be removed in a future release
# Warmup Iteration   1: Sep 29, 2026 11:18:21 PM org.apache.lucene.internal.vectorization.VectorizationProvider lookup
WARNING: Java vector incubator module is not readable. For optimal vector performance, pass '--add-modules jdk.incubator.vector' to enable Vector API.
301.944 ops/ms
# Warmup Iteration   2: 307.211 ops/ms
Iteration   1: 309.893 ops/ms
Iteration   2: 310.059 ops/ms
Iteration   3: 309.622 ops/ms


Result "org.apache.lucene.benchmark.jmh.StoredFieldsPrefetchBenchmark.prefetchOnly_T08":
  309.903 ±(99.9%) 0.488 ops/ms [Average]
  (min, avg, max) = (309.622, 309.903, 310.104), stdev = 0.174
  CI (99.9%): [309.415, 310.392] (assumes normal distribution)


# JMH version: 1.37
# VM version: JDK 25.0.4.1, OpenJDK 64-Bit Server VM, 25.0.4.1+1-LTS
# VM invoker: /opt/jdk-25/bin/java
# VM options: --enable-native-access=ALL-UNNAMED -Xms2g -Xmx2g -Dbench.indexPath=/data/sf-index-1000000 -Dbench.numDocs=1000000 -Dbench.docSizeBytes=4096 -Dbench.readAdvice=RANDOM -Dbench.prefetchWindow=16 -Dbench.dropPageCache=false
# Blackhole mode: compiler (auto-detected, use -Djmh.blackhole.autoDetect=false to disable)
# Warmup: 2 iterations, 2 s each
# Measurement: 3 iterations, 3 s each
# Timeout: 10 min per iteration
# Threads: 1 thread, will synchronize iterations
# Benchmark mode: Throughput, ops/time
# Benchmark: org.apache.lucene.benchmark.jmh.StoredFieldsPrefetchBenchmark.retrieveNoPrefetch_T01
# Parameters: (topK = 10)

# Run progress: 33.33% complete, ETA 00:03:34
# Fork: 1 of 2
WARNING: A terminally deprecated method in sun.misc.Unsafe has been called
WARNING: sun.misc.Unsafe::objectFieldOffset has been called by org.openjdk.jmh.util.Utils (file:/opt/bench/branch/jmh-core-1.37.jar)
WARNING: Please consider reporting this to the maintainers of class org.openjdk.jmh.util.Utils
WARNING: sun.misc.Unsafe::objectFieldOffset will be removed in a future release
# Warmup Iteration   1: Sep 29, 2026 11:18:34 PM org.apache.lucene.internal.vectorization.VectorizationProvider lookup
WARNING: Java vector incubator module is not readable. For optimal vector performance, pass '--add-modules jdk.incubator.vector' to enable Vector API.
22.191 ops/ms
# Warmup Iteration   2: 27.550 ops/ms
Iteration   1: 27.991 ops/ms
Iteration   2: 28.377 ops/ms
Iteration   3: 28.165 ops/ms

# Run progress: 37.50% complete, ETA 00:03:21
# Fork: 2 of 2
WARNING: A terminally deprecated method in sun.misc.Unsafe has been called
WARNING: sun.misc.Unsafe::objectFieldOffset has been called by org.openjdk.jmh.util.Utils (file:/opt/bench/branch/jmh-core-1.37.jar)
WARNING: Please consider reporting this to the maintainers of class org.openjdk.jmh.util.Utils
WARNING: sun.misc.Unsafe::objectFieldOffset will be removed in a future release
# Warmup Iteration   1: Sep 29, 2026 11:18:47 PM org.apache.lucene.internal.vectorization.VectorizationProvider lookup
WARNING: Java vector incubator module is not readable. For optimal vector performance, pass '--add-modules jdk.incubator.vector' to enable Vector API.
21.820 ops/ms
# Warmup Iteration   2: 27.668 ops/ms
Iteration   1: 27.981 ops/ms
Iteration   2: 27.890 ops/ms
Iteration   3: 27.936 ops/ms


Result "org.apache.lucene.benchmark.jmh.StoredFieldsPrefetchBenchmark.retrieveNoPrefetch_T01":
  28.056 ±(99.9%) 0.512 ops/ms [Average]
  (min, avg, max) = (27.890, 28.056, 28.377), stdev = 0.183
  CI (99.9%): [27.544, 28.568] (assumes normal distribution)


# JMH version: 1.37
# VM version: JDK 25.0.4.1, OpenJDK 64-Bit Server VM, 25.0.4.1+1-LTS
# VM invoker: /opt/jdk-25/bin/java
# VM options: --enable-native-access=ALL-UNNAMED -Xms2g -Xmx2g -Dbench.indexPath=/data/sf-index-1000000 -Dbench.numDocs=1000000 -Dbench.docSizeBytes=4096 -Dbench.readAdvice=RANDOM -Dbench.prefetchWindow=16 -Dbench.dropPageCache=false
# Blackhole mode: compiler (auto-detected, use -Djmh.blackhole.autoDetect=false to disable)
# Warmup: 2 iterations, 2 s each
# Measurement: 3 iterations, 3 s each
# Timeout: 10 min per iteration
# Threads: 1 thread, will synchronize iterations
# Benchmark mode: Throughput, ops/time
# Benchmark: org.apache.lucene.benchmark.jmh.StoredFieldsPrefetchBenchmark.retrieveNoPrefetch_T01
# Parameters: (topK = 100)

# Run progress: 41.67% complete, ETA 00:03:07
# Fork: 1 of 2
WARNING: A terminally deprecated method in sun.misc.Unsafe has been called
WARNING: sun.misc.Unsafe::objectFieldOffset has been called by org.openjdk.jmh.util.Utils (file:/opt/bench/branch/jmh-core-1.37.jar)
WARNING: Please consider reporting this to the maintainers of class org.openjdk.jmh.util.Utils
WARNING: sun.misc.Unsafe::objectFieldOffset will be removed in a future release
# Warmup Iteration   1: Sep 29, 2026 11:19:01 PM org.apache.lucene.internal.vectorization.VectorizationProvider lookup
WARNING: Java vector incubator module is not readable. For optimal vector performance, pass '--add-modules jdk.incubator.vector' to enable Vector API.
2.226 ops/ms
# Warmup Iteration   2: 2.775 ops/ms
Iteration   1: 2.770 ops/ms
Iteration   2: 2.794 ops/ms
Iteration   3: 2.779 ops/ms

# Run progress: 45.83% complete, ETA 00:02:54
# Fork: 2 of 2
WARNING: A terminally deprecated method in sun.misc.Unsafe has been called
WARNING: sun.misc.Unsafe::objectFieldOffset has been called by org.openjdk.jmh.util.Utils (file:/opt/bench/branch/jmh-core-1.37.jar)
WARNING: Please consider reporting this to the maintainers of class org.openjdk.jmh.util.Utils
WARNING: sun.misc.Unsafe::objectFieldOffset will be removed in a future release
# Warmup Iteration   1: Sep 29, 2026 11:19:14 PM org.apache.lucene.internal.vectorization.VectorizationProvider lookup
WARNING: Java vector incubator module is not readable. For optimal vector performance, pass '--add-modules jdk.incubator.vector' to enable Vector API.
2.287 ops/ms
# Warmup Iteration   2: 2.837 ops/ms
Iteration   1: 2.794 ops/ms
Iteration   2: 2.840 ops/ms
Iteration   3: 2.854 ops/ms


Result "org.apache.lucene.benchmark.jmh.StoredFieldsPrefetchBenchmark.retrieveNoPrefetch_T01":
  2.805 ±(99.9%) 0.095 ops/ms [Average]
  (min, avg, max) = (2.770, 2.805, 2.854), stdev = 0.034
  CI (99.9%): [2.710, 2.901] (assumes normal distribution)


# JMH version: 1.37
# VM version: JDK 25.0.4.1, OpenJDK 64-Bit Server VM, 25.0.4.1+1-LTS
# VM invoker: /opt/jdk-25/bin/java
# VM options: --enable-native-access=ALL-UNNAMED -Xms2g -Xmx2g -Dbench.indexPath=/data/sf-index-1000000 -Dbench.numDocs=1000000 -Dbench.docSizeBytes=4096 -Dbench.readAdvice=RANDOM -Dbench.prefetchWindow=16 -Dbench.dropPageCache=false
# Blackhole mode: compiler (auto-detected, use -Djmh.blackhole.autoDetect=false to disable)
# Warmup: 2 iterations, 2 s each
# Measurement: 3 iterations, 3 s each
# Timeout: 10 min per iteration
# Threads: 8 threads, will synchronize iterations
# Benchmark mode: Throughput, ops/time
# Benchmark: org.apache.lucene.benchmark.jmh.StoredFieldsPrefetchBenchmark.retrieveNoPrefetch_T08
# Parameters: (topK = 10)

# Run progress: 50.00% complete, ETA 00:02:40
# Fork: 1 of 2
WARNING: A terminally deprecated method in sun.misc.Unsafe has been called
WARNING: sun.misc.Unsafe::objectFieldOffset has been called by org.openjdk.jmh.util.Utils (file:/opt/bench/branch/jmh-core-1.37.jar)
WARNING: Please consider reporting this to the maintainers of class org.openjdk.jmh.util.Utils
WARNING: sun.misc.Unsafe::objectFieldOffset will be removed in a future release
# Warmup Iteration   1: Sep 29, 2026 11:19:28 PM org.apache.lucene.internal.vectorization.VectorizationProvider lookup
WARNING: Java vector incubator module is not readable. For optimal vector performance, pass '--add-modules jdk.incubator.vector' to enable Vector API.
158.084 ops/ms
# Warmup Iteration   2: 174.580 ops/ms
Iteration   1: 174.528 ops/ms
Iteration   2: 174.917 ops/ms
Iteration   3: 174.439 ops/ms

# Run progress: 54.17% complete, ETA 00:02:28
# Fork: 2 of 2
WARNING: A terminally deprecated method in sun.misc.Unsafe has been called
WARNING: sun.misc.Unsafe::objectFieldOffset has been called by org.openjdk.jmh.util.Utils (file:/opt/bench/branch/jmh-core-1.37.jar)
WARNING: Please consider reporting this to the maintainers of class org.openjdk.jmh.util.Utils
WARNING: sun.misc.Unsafe::objectFieldOffset will be removed in a future release
# Warmup Iteration   1: Sep 29, 2026 11:19:42 PM org.apache.lucene.internal.vectorization.VectorizationProvider lookup
WARNING: Java vector incubator module is not readable. For optimal vector performance, pass '--add-modules jdk.incubator.vector' to enable Vector API.
153.446 ops/ms
# Warmup Iteration   2: 173.840 ops/ms
Iteration   1: 175.305 ops/ms
Iteration   2: 174.392 ops/ms
Iteration   3: 174.405 ops/ms


Result "org.apache.lucene.benchmark.jmh.StoredFieldsPrefetchBenchmark.retrieveNoPrefetch_T08":
  174.664 ±(99.9%) 1.038 ops/ms [Average]
  (min, avg, max) = (174.392, 174.664, 175.305), stdev = 0.370
  CI (99.9%): [173.626, 175.702] (assumes normal distribution)


# JMH version: 1.37
# VM version: JDK 25.0.4.1, OpenJDK 64-Bit Server VM, 25.0.4.1+1-LTS
# VM invoker: /opt/jdk-25/bin/java
# VM options: --enable-native-access=ALL-UNNAMED -Xms2g -Xmx2g -Dbench.indexPath=/data/sf-index-1000000 -Dbench.numDocs=1000000 -Dbench.docSizeBytes=4096 -Dbench.readAdvice=RANDOM -Dbench.prefetchWindow=16 -Dbench.dropPageCache=false
# Blackhole mode: compiler (auto-detected, use -Djmh.blackhole.autoDetect=false to disable)
# Warmup: 2 iterations, 2 s each
# Measurement: 3 iterations, 3 s each
# Timeout: 10 min per iteration
# Threads: 8 threads, will synchronize iterations
# Benchmark mode: Throughput, ops/time
# Benchmark: org.apache.lucene.benchmark.jmh.StoredFieldsPrefetchBenchmark.retrieveNoPrefetch_T08
# Parameters: (topK = 100)

# Run progress: 58.33% complete, ETA 00:02:15
# Fork: 1 of 2
WARNING: A terminally deprecated method in sun.misc.Unsafe has been called
WARNING: sun.misc.Unsafe::objectFieldOffset has been called by org.openjdk.jmh.util.Utils (file:/opt/bench/branch/jmh-core-1.37.jar)
WARNING: Please consider reporting this to the maintainers of class org.openjdk.jmh.util.Utils
WARNING: sun.misc.Unsafe::objectFieldOffset will be removed in a future release
# Warmup Iteration   1: Sep 29, 2026 11:19:56 PM org.apache.lucene.internal.vectorization.VectorizationProvider lookup
WARNING: Java vector incubator module is not readable. For optimal vector performance, pass '--add-modules jdk.incubator.vector' to enable Vector API.
15.286 ops/ms
# Warmup Iteration   2: 17.535 ops/ms
Iteration   1: 17.614 ops/ms
Iteration   2: 17.555 ops/ms
Iteration   3: 17.578 ops/ms

# Run progress: 62.50% complete, ETA 00:02:02
# Fork: 2 of 2
WARNING: A terminally deprecated method in sun.misc.Unsafe has been called
WARNING: sun.misc.Unsafe::objectFieldOffset has been called by org.openjdk.jmh.util.Utils (file:/opt/bench/branch/jmh-core-1.37.jar)
WARNING: Please consider reporting this to the maintainers of class org.openjdk.jmh.util.Utils
WARNING: sun.misc.Unsafe::objectFieldOffset will be removed in a future release
# Warmup Iteration   1: Sep 29, 2026 11:20:11 PM org.apache.lucene.internal.vectorization.VectorizationProvider lookup
WARNING: Java vector incubator module is not readable. For optimal vector performance, pass '--add-modules jdk.incubator.vector' to enable Vector API.
15.355 ops/ms
# Warmup Iteration   2: 17.598 ops/ms
Iteration   1: 17.574 ops/ms
Iteration   2: 17.494 ops/ms
Iteration   3: 17.578 ops/ms


Result "org.apache.lucene.benchmark.jmh.StoredFieldsPrefetchBenchmark.retrieveNoPrefetch_T08":
  17.566 ±(99.9%) 0.112 ops/ms [Average]
  (min, avg, max) = (17.494, 17.566, 17.614), stdev = 0.040
  CI (99.9%): [17.454, 17.677] (assumes normal distribution)


# JMH version: 1.37
# VM version: JDK 25.0.4.1, OpenJDK 64-Bit Server VM, 25.0.4.1+1-LTS
# VM invoker: /opt/jdk-25/bin/java
# VM options: --enable-native-access=ALL-UNNAMED -Xms2g -Xmx2g -Dbench.indexPath=/data/sf-index-1000000 -Dbench.numDocs=1000000 -Dbench.docSizeBytes=4096 -Dbench.readAdvice=RANDOM -Dbench.prefetchWindow=16 -Dbench.dropPageCache=false
# Blackhole mode: compiler (auto-detected, use -Djmh.blackhole.autoDetect=false to disable)
# Warmup: 2 iterations, 2 s each
# Measurement: 3 iterations, 3 s each
# Timeout: 10 min per iteration
# Threads: 1 thread, will synchronize iterations
# Benchmark mode: Throughput, ops/time
# Benchmark: org.apache.lucene.benchmark.jmh.StoredFieldsPrefetchBenchmark.retrievePrefetchThenRead_T01
# Parameters: (topK = 10)

# Run progress: 66.67% complete, ETA 00:01:49
# Fork: 1 of 2
WARNING: A terminally deprecated method in sun.misc.Unsafe has been called
WARNING: sun.misc.Unsafe::objectFieldOffset has been called by org.openjdk.jmh.util.Utils (file:/opt/bench/branch/jmh-core-1.37.jar)
WARNING: Please consider reporting this to the maintainers of class org.openjdk.jmh.util.Utils
WARNING: sun.misc.Unsafe::objectFieldOffset will be removed in a future release
# Warmup Iteration   1: Sep 29, 2026 11:20:25 PM org.apache.lucene.internal.vectorization.VectorizationProvider lookup
WARNING: Java vector incubator module is not readable. For optimal vector performance, pass '--add-modules jdk.incubator.vector' to enable Vector API.
20.872 ops/ms
# Warmup Iteration   2: 25.853 ops/ms
Iteration   1: 26.289 ops/ms
Iteration   2: 26.198 ops/ms
Iteration   3: 25.946 ops/ms

# Run progress: 70.83% complete, ETA 00:01:35
# Fork: 2 of 2
WARNING: A terminally deprecated method in sun.misc.Unsafe has been called
WARNING: sun.misc.Unsafe::objectFieldOffset has been called by org.openjdk.jmh.util.Utils (file:/opt/bench/branch/jmh-core-1.37.jar)
WARNING: Please consider reporting this to the maintainers of class org.openjdk.jmh.util.Utils
WARNING: sun.misc.Unsafe::objectFieldOffset will be removed in a future release
# Warmup Iteration   1: Sep 29, 2026 11:20:39 PM org.apache.lucene.internal.vectorization.VectorizationProvider lookup
WARNING: Java vector incubator module is not readable. For optimal vector performance, pass '--add-modules jdk.incubator.vector' to enable Vector API.
20.102 ops/ms
# Warmup Iteration   2: 25.429 ops/ms
Iteration   1: 25.811 ops/ms
Iteration   2: 25.901 ops/ms
Iteration   3: 25.848 ops/ms


Result "org.apache.lucene.benchmark.jmh.StoredFieldsPrefetchBenchmark.retrievePrefetchThenRead_T01":
  25.999 ±(99.9%) 0.553 ops/ms [Average]
  (min, avg, max) = (25.811, 25.999, 26.289), stdev = 0.197
  CI (99.9%): [25.446, 26.551] (assumes normal distribution)


# JMH version: 1.37
# VM version: JDK 25.0.4.1, OpenJDK 64-Bit Server VM, 25.0.4.1+1-LTS
# VM invoker: /opt/jdk-25/bin/java
# VM options: --enable-native-access=ALL-UNNAMED -Xms2g -Xmx2g -Dbench.indexPath=/data/sf-index-1000000 -Dbench.numDocs=1000000 -Dbench.docSizeBytes=4096 -Dbench.readAdvice=RANDOM -Dbench.prefetchWindow=16 -Dbench.dropPageCache=false
# Blackhole mode: compiler (auto-detected, use -Djmh.blackhole.autoDetect=false to disable)
# Warmup: 2 iterations, 2 s each
# Measurement: 3 iterations, 3 s each
# Timeout: 10 min per iteration
# Threads: 1 thread, will synchronize iterations
# Benchmark mode: Throughput, ops/time
# Benchmark: org.apache.lucene.benchmark.jmh.StoredFieldsPrefetchBenchmark.retrievePrefetchThenRead_T01
# Parameters: (topK = 100)

# Run progress: 75.00% complete, ETA 00:01:21
# Fork: 1 of 2
WARNING: A terminally deprecated method in sun.misc.Unsafe has been called
WARNING: sun.misc.Unsafe::objectFieldOffset has been called by org.openjdk.jmh.util.Utils (file:/opt/bench/branch/jmh-core-1.37.jar)
WARNING: Please consider reporting this to the maintainers of class org.openjdk.jmh.util.Utils
WARNING: sun.misc.Unsafe::objectFieldOffset will be removed in a future release
# Warmup Iteration   1: Sep 29, 2026 11:20:52 PM org.apache.lucene.internal.vectorization.VectorizationProvider lookup
WARNING: Java vector incubator module is not readable. For optimal vector performance, pass '--add-modules jdk.incubator.vector' to enable Vector API.
1.974 ops/ms
# Warmup Iteration   2: 2.551 ops/ms
Iteration   1: 2.567 ops/ms
Iteration   2: 2.585 ops/ms
Iteration   3: 2.571 ops/ms

# Run progress: 79.17% complete, ETA 00:01:08
# Fork: 2 of 2
WARNING: A terminally deprecated method in sun.misc.Unsafe has been called
WARNING: sun.misc.Unsafe::objectFieldOffset has been called by org.openjdk.jmh.util.Utils (file:/opt/bench/branch/jmh-core-1.37.jar)
WARNING: Please consider reporting this to the maintainers of class org.openjdk.jmh.util.Utils
WARNING: sun.misc.Unsafe::objectFieldOffset will be removed in a future release
# Warmup Iteration   1: Sep 29, 2026 11:21:06 PM org.apache.lucene.internal.vectorization.VectorizationProvider lookup
WARNING: Java vector incubator module is not readable. For optimal vector performance, pass '--add-modules jdk.incubator.vector' to enable Vector API.
2.030 ops/ms
# Warmup Iteration   2: 2.540 ops/ms
Iteration   1: 2.576 ops/ms
Iteration   2: 2.563 ops/ms
Iteration   3: 2.586 ops/ms


Result "org.apache.lucene.benchmark.jmh.StoredFieldsPrefetchBenchmark.retrievePrefetchThenRead_T01":
  2.575 ±(99.9%) 0.026 ops/ms [Average]
  (min, avg, max) = (2.563, 2.575, 2.586), stdev = 0.009
  CI (99.9%): [2.548, 2.601] (assumes normal distribution)


# JMH version: 1.37
# VM version: JDK 25.0.4.1, OpenJDK 64-Bit Server VM, 25.0.4.1+1-LTS
# VM invoker: /opt/jdk-25/bin/java
# VM options: --enable-native-access=ALL-UNNAMED -Xms2g -Xmx2g -Dbench.indexPath=/data/sf-index-1000000 -Dbench.numDocs=1000000 -Dbench.docSizeBytes=4096 -Dbench.readAdvice=RANDOM -Dbench.prefetchWindow=16 -Dbench.dropPageCache=false
# Blackhole mode: compiler (auto-detected, use -Djmh.blackhole.autoDetect=false to disable)
# Warmup: 2 iterations, 2 s each
# Measurement: 3 iterations, 3 s each
# Timeout: 10 min per iteration
# Threads: 8 threads, will synchronize iterations
# Benchmark mode: Throughput, ops/time
# Benchmark: org.apache.lucene.benchmark.jmh.StoredFieldsPrefetchBenchmark.retrievePrefetchThenRead_T08
# Parameters: (topK = 10)

# Run progress: 83.33% complete, ETA 00:00:54
# Fork: 1 of 2
WARNING: A terminally deprecated method in sun.misc.Unsafe has been called
WARNING: sun.misc.Unsafe::objectFieldOffset has been called by org.openjdk.jmh.util.Utils (file:/opt/bench/branch/jmh-core-1.37.jar)
WARNING: Please consider reporting this to the maintainers of class org.openjdk.jmh.util.Utils
WARNING: sun.misc.Unsafe::objectFieldOffset will be removed in a future release
# Warmup Iteration   1: Sep 29, 2026 11:21:19 PM org.apache.lucene.internal.vectorization.VectorizationProvider lookup
WARNING: Java vector incubator module is not readable. For optimal vector performance, pass '--add-modules jdk.incubator.vector' to enable Vector API.
141.877 ops/ms
# Warmup Iteration   2: 165.245 ops/ms
Iteration   1: 167.060 ops/ms
Iteration   2: 166.702 ops/ms
Iteration   3: 166.372 ops/ms

# Run progress: 87.50% complete, ETA 00:00:40
# Fork: 2 of 2
WARNING: A terminally deprecated method in sun.misc.Unsafe has been called
WARNING: sun.misc.Unsafe::objectFieldOffset has been called by org.openjdk.jmh.util.Utils (file:/opt/bench/branch/jmh-core-1.37.jar)
WARNING: Please consider reporting this to the maintainers of class org.openjdk.jmh.util.Utils
WARNING: sun.misc.Unsafe::objectFieldOffset will be removed in a future release
# Warmup Iteration   1: Sep 29, 2026 11:21:33 PM org.apache.lucene.internal.vectorization.VectorizationProvider lookup
WARNING: Java vector incubator module is not readable. For optimal vector performance, pass '--add-modules jdk.incubator.vector' to enable Vector API.
146.478 ops/ms
# Warmup Iteration   2: 166.739 ops/ms
Iteration   1: 166.307 ops/ms
Iteration   2: 165.935 ops/ms
Iteration   3: 166.506 ops/ms


Result "org.apache.lucene.benchmark.jmh.StoredFieldsPrefetchBenchmark.retrievePrefetchThenRead_T08":
  166.480 ±(99.9%) 1.068 ops/ms [Average]
  (min, avg, max) = (165.935, 166.480, 167.060), stdev = 0.381
  CI (99.9%): [165.412, 167.548] (assumes normal distribution)


# JMH version: 1.37
# VM version: JDK 25.0.4.1, OpenJDK 64-Bit Server VM, 25.0.4.1+1-LTS
# VM invoker: /opt/jdk-25/bin/java
# VM options: --enable-native-access=ALL-UNNAMED -Xms2g -Xmx2g -Dbench.indexPath=/data/sf-index-1000000 -Dbench.numDocs=1000000 -Dbench.docSizeBytes=4096 -Dbench.readAdvice=RANDOM -Dbench.prefetchWindow=16 -Dbench.dropPageCache=false
# Blackhole mode: compiler (auto-detected, use -Djmh.blackhole.autoDetect=false to disable)
# Warmup: 2 iterations, 2 s each
# Measurement: 3 iterations, 3 s each
# Timeout: 10 min per iteration
# Threads: 8 threads, will synchronize iterations
# Benchmark mode: Throughput, ops/time
# Benchmark: org.apache.lucene.benchmark.jmh.StoredFieldsPrefetchBenchmark.retrievePrefetchThenRead_T08
# Parameters: (topK = 100)

# Run progress: 91.67% complete, ETA 00:00:27
# Fork: 1 of 2
WARNING: A terminally deprecated method in sun.misc.Unsafe has been called
WARNING: sun.misc.Unsafe::objectFieldOffset has been called by org.openjdk.jmh.util.Utils (file:/opt/bench/branch/jmh-core-1.37.jar)
WARNING: Please consider reporting this to the maintainers of class org.openjdk.jmh.util.Utils
WARNING: sun.misc.Unsafe::objectFieldOffset will be removed in a future release
# Warmup Iteration   1: Sep 29, 2026 11:21:48 PM org.apache.lucene.internal.vectorization.VectorizationProvider lookup
WARNING: Java vector incubator module is not readable. For optimal vector performance, pass '--add-modules jdk.incubator.vector' to enable Vector API.
14.840 ops/ms
# Warmup Iteration   2: 16.685 ops/ms
Iteration   1: 16.697 ops/ms
Iteration   2: 16.785 ops/ms
Iteration   3: 16.788 ops/ms

# Run progress: 95.83% complete, ETA 00:00:13
# Fork: 2 of 2
WARNING: A terminally deprecated method in sun.misc.Unsafe has been called
WARNING: sun.misc.Unsafe::objectFieldOffset has been called by org.openjdk.jmh.util.Utils (file:/opt/bench/branch/jmh-core-1.37.jar)
WARNING: Please consider reporting this to the maintainers of class org.openjdk.jmh.util.Utils
WARNING: sun.misc.Unsafe::objectFieldOffset will be removed in a future release
# Warmup Iteration   1: Sep 29, 2026 11:22:02 PM org.apache.lucene.internal.vectorization.VectorizationProvider lookup
WARNING: Java vector incubator module is not readable. For optimal vector performance, pass '--add-modules jdk.incubator.vector' to enable Vector API.
14.700 ops/ms
# Warmup Iteration   2: 16.727 ops/ms
Iteration   1: 16.739 ops/ms
Iteration   2: 16.741 ops/ms
Iteration   3: 16.752 ops/ms


Result "org.apache.lucene.benchmark.jmh.StoredFieldsPrefetchBenchmark.retrievePrefetchThenRead_T08":
  16.750 ±(99.9%) 0.095 ops/ms [Average]
  (min, avg, max) = (16.697, 16.750, 16.788), stdev = 0.034
  CI (99.9%): [16.656, 16.845] (assumes normal distribution)


# Run complete. Total time: 00:05:29

REMEMBER: The numbers below are just data. To gain reusable insights, you need to follow up on
why the numbers are the way they are. Use profilers (see -prof, -lprof), design factorial
experiments, perform baseline and negative tests that provide experimental control, make sure
the benchmarking environment is safe on JVM/OS/HW level, ask for reviews from the domain experts.
Do not assume the numbers tell you what you want them to tell.

NOTE: Current JVM experimentally supports Compiler Blackholes, and they are in use. Please exercise
extra caution when trusting the results, look into the generated code to check the benchmark still
works, and factor in a small probability of new VM bugs. Additionally, while comparisons between
different JVMs are already problematic, the performance difference caused by different Blackhole
modes can be very significant. Please make sure you use the consistent Blackhole mode for comparisons.

Benchmark                                                   (topK)   Mode  Cnt     Score     Error   Units
StoredFieldsPrefetchBenchmark.prefetchOnly_T01                  10  thrpt    6   375.498 ±   2.260  ops/ms
StoredFieldsPrefetchBenchmark.prefetchOnly_T01                 100  thrpt    6    38.724 ±   0.269  ops/ms
StoredFieldsPrefetchBenchmark.prefetchOnly_T08                  10  thrpt    6  3042.805 ± 132.120  ops/ms
StoredFieldsPrefetchBenchmark.prefetchOnly_T08                 100  thrpt    6   309.903 ±   0.488  ops/ms
StoredFieldsPrefetchBenchmark.retrieveNoPrefetch_T01            10  thrpt    6    28.056 ±   0.512  ops/ms
StoredFieldsPrefetchBenchmark.retrieveNoPrefetch_T01           100  thrpt    6     2.805 ±   0.095  ops/ms
StoredFieldsPrefetchBenchmark.retrieveNoPrefetch_T08            10  thrpt    6   174.664 ±   1.038  ops/ms
StoredFieldsPrefetchBenchmark.retrieveNoPrefetch_T08           100  thrpt    6    17.566 ±   0.112  ops/ms
StoredFieldsPrefetchBenchmark.retrievePrefetchThenRead_T01      10  thrpt    6    25.999 ±   0.553  ops/ms
StoredFieldsPrefetchBenchmark.retrievePrefetchThenRead_T01     100  thrpt    6     2.575 ±   0.026  ops/ms
StoredFieldsPrefetchBenchmark.retrievePrefetchThenRead_T08      10  thrpt    6   166.480 ±   1.068  ops/ms
StoredFieldsPrefetchBenchmark.retrievePrefetchThenRead_T08     100  thrpt    6    16.750 ±   0.095  ops/ms

Benchmark result is saved to /opt/bench/results/branch-hot-storedfields.json
== done branch / hot  2026-09-29T23:22:16Z
== main / pressure  ram=31G file=39936MB sfDocs=10223616 drop=false  2026-09-29T23:22:16Z
   jar=/opt/bench/main/lucene-benchmark-jmh-11.0.0-SNAPSHOT.jar
openjdk version "25.0.4.1" 2026-08-18 LTS
   priming: drop caches, sequential read of /data/pread-bench-39936mb.dat
WARNING: A terminally deprecated method in sun.misc.Unsafe has been called
WARNING: sun.misc.Unsafe::objectFieldOffset has been called by org.openjdk.jmh.util.Utils (file:/opt/bench/main/jmh-core-1.37.jar)
WARNING: Please consider reporting this to the maintainers of class org.openjdk.jmh.util.Utils
WARNING: sun.misc.Unsafe::objectFieldOffset will be removed in a future release
# JMH version: 1.37
# VM version: JDK 25.0.4.1, OpenJDK 64-Bit Server VM, 25.0.4.1+1-LTS
# VM invoker: /opt/jdk-25/bin/java
# VM options: --enable-native-access=ALL-UNNAMED -Xms2g -Xmx2g -Dbench.file=/data/pread-bench-39936mb.dat -Dbench.fileSizeMB=39936 -Dbench.dropPageCache=false
# Blackhole mode: compiler (auto-detected, use -Djmh.blackhole.autoDetect=false to disable)
# Warmup: 2 iterations, 3 s each
# Measurement: 3 iterations, 5 s each
# Timeout: 10 min per iteration
# Threads: 1 thread, will synchronize iterations
# Benchmark mode: Throughput, ops/time
# Benchmark: org.apache.lucene.benchmark.jmh.RandomReadIOBenchmark.mmapBatchedPrefetch_T01
# Parameters: (readSize = 16384, readsPerOp = 16)

# Run progress: 0.00% complete, ETA 00:11:12
# Fork: 1 of 2
WARNING: A terminally deprecated method in sun.misc.Unsafe has been called
WARNING: sun.misc.Unsafe::objectFieldOffset has been called by org.openjdk.jmh.util.Utils (file:/opt/bench/main/jmh-core-1.37.jar)
WARNING: Please consider reporting this to the maintainers of class org.openjdk.jmh.util.Utils
WARNING: sun.misc.Unsafe::objectFieldOffset will be removed in a future release
# Warmup Iteration   1: 1.041 ops/ms
# Warmup Iteration   2: 1.023 ops/ms
Iteration   1: 1.012 ops/ms
Iteration   2: 1.004 ops/ms
Iteration   3: 1.000 ops/ms

# Run progress: 3.13% complete, ETA 00:11:14
# Fork: 2 of 2
WARNING: A terminally deprecated method in sun.misc.Unsafe has been called
WARNING: sun.misc.Unsafe::objectFieldOffset has been called by org.openjdk.jmh.util.Utils (file:/opt/bench/main/jmh-core-1.37.jar)
WARNING: Please consider reporting this to the maintainers of class org.openjdk.jmh.util.Utils
WARNING: sun.misc.Unsafe::objectFieldOffset will be removed in a future release
# Warmup Iteration   1: 0.982 ops/ms
# Warmup Iteration   2: 0.975 ops/ms
Iteration   1: 0.979 ops/ms
Iteration   2: 0.946 ops/ms
Iteration   3: 0.956 ops/ms


Result "org.apache.lucene.benchmark.jmh.RandomReadIOBenchmark.mmapBatchedPrefetch_T01":
  0.983 ±(99.9%) 0.077 ops/ms [Average]
  (min, avg, max) = (0.946, 0.983, 1.012), stdev = 0.027
  CI (99.9%): [0.906, 1.060] (assumes normal distribution)


# JMH version: 1.37
# VM version: JDK 25.0.4.1, OpenJDK 64-Bit Server VM, 25.0.4.1+1-LTS
# VM invoker: /opt/jdk-25/bin/java
# VM options: --enable-native-access=ALL-UNNAMED -Xms2g -Xmx2g -Dbench.file=/data/pread-bench-39936mb.dat -Dbench.fileSizeMB=39936 -Dbench.dropPageCache=false
# Blackhole mode: compiler (auto-detected, use -Djmh.blackhole.autoDetect=false to disable)
# Warmup: 2 iterations, 3 s each
# Measurement: 3 iterations, 5 s each
# Timeout: 10 min per iteration
# Threads: 4 threads, will synchronize iterations
# Benchmark mode: Throughput, ops/time
# Benchmark: org.apache.lucene.benchmark.jmh.RandomReadIOBenchmark.mmapBatchedPrefetch_T04
# Parameters: (readSize = 16384, readsPerOp = 16)

# Run progress: 6.25% complete, ETA 00:10:51
# Fork: 1 of 2
WARNING: A terminally deprecated method in sun.misc.Unsafe has been called
WARNING: sun.misc.Unsafe::objectFieldOffset has been called by org.openjdk.jmh.util.Utils (file:/opt/bench/main/jmh-core-1.37.jar)
WARNING: Please consider reporting this to the maintainers of class org.openjdk.jmh.util.Utils
WARNING: sun.misc.Unsafe::objectFieldOffset will be removed in a future release
# Warmup Iteration   1: 3.420 ops/ms
# Warmup Iteration   2: 3.403 ops/ms
Iteration   1: 3.427 ops/ms
Iteration   2: 3.241 ops/ms
Iteration   3: 3.239 ops/ms

# Run progress: 9.38% complete, ETA 00:10:36
# Fork: 2 of 2
WARNING: A terminally deprecated method in sun.misc.Unsafe has been called
WARNING: sun.misc.Unsafe::objectFieldOffset has been called by org.openjdk.jmh.util.Utils (file:/opt/bench/main/jmh-core-1.37.jar)
WARNING: Please consider reporting this to the maintainers of class org.openjdk.jmh.util.Utils
WARNING: sun.misc.Unsafe::objectFieldOffset will be removed in a future release
# Warmup Iteration   1: 3.184 ops/ms
# Warmup Iteration   2: 3.256 ops/ms
Iteration   1: 3.234 ops/ms
Iteration   2: 3.219 ops/ms
Iteration   3: 3.199 ops/ms


Result "org.apache.lucene.benchmark.jmh.RandomReadIOBenchmark.mmapBatchedPrefetch_T04":
  3.260 ±(99.9%) 0.234 ops/ms [Average]
  (min, avg, max) = (3.199, 3.260, 3.427), stdev = 0.084
  CI (99.9%): [3.026, 3.494] (assumes normal distribution)


# JMH version: 1.37
# VM version: JDK 25.0.4.1, OpenJDK 64-Bit Server VM, 25.0.4.1+1-LTS
# VM invoker: /opt/jdk-25/bin/java
# VM options: --enable-native-access=ALL-UNNAMED -Xms2g -Xmx2g -Dbench.file=/data/pread-bench-39936mb.dat -Dbench.fileSizeMB=39936 -Dbench.dropPageCache=false
# Blackhole mode: compiler (auto-detected, use -Djmh.blackhole.autoDetect=false to disable)
# Warmup: 2 iterations, 3 s each
# Measurement: 3 iterations, 5 s each
# Timeout: 10 min per iteration
# Threads: 8 threads, will synchronize iterations
# Benchmark mode: Throughput, ops/time
# Benchmark: org.apache.lucene.benchmark.jmh.RandomReadIOBenchmark.mmapBatchedPrefetch_T08
# Parameters: (readSize = 16384, readsPerOp = 16)

# Run progress: 12.50% complete, ETA 00:10:18
# Fork: 1 of 2
WARNING: A terminally deprecated method in sun.misc.Unsafe has been called
WARNING: sun.misc.Unsafe::objectFieldOffset has been called by org.openjdk.jmh.util.Utils (file:/opt/bench/main/jmh-core-1.37.jar)
WARNING: Please consider reporting this to the maintainers of class org.openjdk.jmh.util.Utils
WARNING: sun.misc.Unsafe::objectFieldOffset will be removed in a future release
# Warmup Iteration   1: 3.838 ops/ms
# Warmup Iteration   2: 3.789 ops/ms
Iteration   1: 3.772 ops/ms
Iteration   2: 3.859 ops/ms
Iteration   3: 3.871 ops/ms

# Run progress: 15.63% complete, ETA 00:09:59
# Fork: 2 of 2
WARNING: A terminally deprecated method in sun.misc.Unsafe has been called
WARNING: sun.misc.Unsafe::objectFieldOffset has been called by org.openjdk.jmh.util.Utils (file:/opt/bench/main/jmh-core-1.37.jar)
WARNING: Please consider reporting this to the maintainers of class org.openjdk.jmh.util.Utils
WARNING: sun.misc.Unsafe::objectFieldOffset will be removed in a future release
# Warmup Iteration   1: 3.846 ops/ms
# Warmup Iteration   2: 3.752 ops/ms
Iteration   1: 3.767 ops/ms
Iteration   2: 3.855 ops/ms
Iteration   3: 3.861 ops/ms


Result "org.apache.lucene.benchmark.jmh.RandomReadIOBenchmark.mmapBatchedPrefetch_T08":
  3.831 ±(99.9%) 0.134 ops/ms [Average]
  (min, avg, max) = (3.767, 3.831, 3.871), stdev = 0.048
  CI (99.9%): [3.697, 3.964] (assumes normal distribution)


# JMH version: 1.37
# VM version: JDK 25.0.4.1, OpenJDK 64-Bit Server VM, 25.0.4.1+1-LTS
# VM invoker: /opt/jdk-25/bin/java
# VM options: --enable-native-access=ALL-UNNAMED -Xms2g -Xmx2g -Dbench.file=/data/pread-bench-39936mb.dat -Dbench.fileSizeMB=39936 -Dbench.dropPageCache=false
# Blackhole mode: compiler (auto-detected, use -Djmh.blackhole.autoDetect=false to disable)
# Warmup: 2 iterations, 3 s each
# Measurement: 3 iterations, 5 s each
# Timeout: 10 min per iteration
# Threads: 16 threads, will synchronize iterations
# Benchmark mode: Throughput, ops/time
# Benchmark: org.apache.lucene.benchmark.jmh.RandomReadIOBenchmark.mmapBatchedPrefetch_T16
# Parameters: (readSize = 16384, readsPerOp = 16)

# Run progress: 18.75% complete, ETA 00:09:39
# Fork: 1 of 2
WARNING: A terminally deprecated method in sun.misc.Unsafe has been called
WARNING: sun.misc.Unsafe::objectFieldOffset has been called by org.openjdk.jmh.util.Utils (file:/opt/bench/main/jmh-core-1.37.jar)
WARNING: Please consider reporting this to the maintainers of class org.openjdk.jmh.util.Utils
WARNING: sun.misc.Unsafe::objectFieldOffset will be removed in a future release
# Warmup Iteration   1: 3.950 ops/ms
# Warmup Iteration   2: 3.802 ops/ms
Iteration   1: 3.777 ops/ms
Iteration   2: 3.950 ops/ms
Iteration   3: 3.839 ops/ms

# Run progress: 21.88% complete, ETA 00:09:18
# Fork: 2 of 2
WARNING: A terminally deprecated method in sun.misc.Unsafe has been called
WARNING: sun.misc.Unsafe::objectFieldOffset has been called by org.openjdk.jmh.util.Utils (file:/opt/bench/main/jmh-core-1.37.jar)
WARNING: Please consider reporting this to the maintainers of class org.openjdk.jmh.util.Utils
WARNING: sun.misc.Unsafe::objectFieldOffset will be removed in a future release
# Warmup Iteration   1: 3.827 ops/ms
# Warmup Iteration   2: 3.778 ops/ms
Iteration   1: 3.761 ops/ms
Iteration   2: 3.849 ops/ms
Iteration   3: 3.844 ops/ms


Result "org.apache.lucene.benchmark.jmh.RandomReadIOBenchmark.mmapBatchedPrefetch_T16":
  3.837 ±(99.9%) 0.187 ops/ms [Average]
  (min, avg, max) = (3.761, 3.837, 3.950), stdev = 0.067
  CI (99.9%): [3.649, 4.024] (assumes normal distribution)


# JMH version: 1.37
# VM version: JDK 25.0.4.1, OpenJDK 64-Bit Server VM, 25.0.4.1+1-LTS
# VM invoker: /opt/jdk-25/bin/java
# VM options: --enable-native-access=ALL-UNNAMED -Xms2g -Xmx2g -Dbench.file=/data/pread-bench-39936mb.dat -Dbench.fileSizeMB=39936 -Dbench.dropPageCache=false
# Blackhole mode: compiler (auto-detected, use -Djmh.blackhole.autoDetect=false to disable)
# Warmup: 2 iterations, 3 s each
# Measurement: 3 iterations, 5 s each
# Timeout: 10 min per iteration
# Threads: 1 thread, will synchronize iterations
# Benchmark mode: Throughput, ops/time
# Benchmark: org.apache.lucene.benchmark.jmh.RandomReadIOBenchmark.mmapRandomBatchedPrefetch_T01
# Parameters: (readSize = 16384, readsPerOp = 16)

# Run progress: 25.00% complete, ETA 00:08:57
# Fork: 1 of 2
WARNING: A terminally deprecated method in sun.misc.Unsafe has been called
WARNING: sun.misc.Unsafe::objectFieldOffset has been called by org.openjdk.jmh.util.Utils (file:/opt/bench/main/jmh-core-1.37.jar)
WARNING: Please consider reporting this to the maintainers of class org.openjdk.jmh.util.Utils
WARNING: sun.misc.Unsafe::objectFieldOffset will be removed in a future release
# Warmup Iteration   1: 0.418 ops/ms
# Warmup Iteration   2: 0.449 ops/ms
Iteration   1: 0.416 ops/ms
Iteration   2: 0.414 ops/ms
Iteration   3: 0.439 ops/ms

# Run progress: 28.13% complete, ETA 00:08:33
# Fork: 2 of 2
WARNING: A terminally deprecated method in sun.misc.Unsafe has been called
WARNING: sun.misc.Unsafe::objectFieldOffset has been called by org.openjdk.jmh.util.Utils (file:/opt/bench/main/jmh-core-1.37.jar)
WARNING: Please consider reporting this to the maintainers of class org.openjdk.jmh.util.Utils
WARNING: sun.misc.Unsafe::objectFieldOffset will be removed in a future release
# Warmup Iteration   1: 0.441 ops/ms
# Warmup Iteration   2: 0.435 ops/ms
Iteration   1: 0.436 ops/ms
Iteration   2: 0.437 ops/ms
Iteration   3: 0.455 ops/ms


Result "org.apache.lucene.benchmark.jmh.RandomReadIOBenchmark.mmapRandomBatchedPrefetch_T01":
  0.433 ±(99.9%) 0.043 ops/ms [Average]
  (min, avg, max) = (0.414, 0.433, 0.455), stdev = 0.015
  CI (99.9%): [0.390, 0.476] (assumes normal distribution)


# JMH version: 1.37
# VM version: JDK 25.0.4.1, OpenJDK 64-Bit Server VM, 25.0.4.1+1-LTS
# VM invoker: /opt/jdk-25/bin/java
# VM options: --enable-native-access=ALL-UNNAMED -Xms2g -Xmx2g -Dbench.file=/data/pread-bench-39936mb.dat -Dbench.fileSizeMB=39936 -Dbench.dropPageCache=false
# Blackhole mode: compiler (auto-detected, use -Djmh.blackhole.autoDetect=false to disable)
# Warmup: 2 iterations, 3 s each
# Measurement: 3 iterations, 5 s each
# Timeout: 10 min per iteration
# Threads: 4 threads, will synchronize iterations
# Benchmark mode: Throughput, ops/time
# Benchmark: org.apache.lucene.benchmark.jmh.RandomReadIOBenchmark.mmapRandomBatchedPrefetch_T04
# Parameters: (readSize = 16384, readsPerOp = 16)

# Run progress: 31.25% complete, ETA 00:08:09
# Fork: 1 of 2
WARNING: A terminally deprecated method in sun.misc.Unsafe has been called
WARNING: sun.misc.Unsafe::objectFieldOffset has been called by org.openjdk.jmh.util.Utils (file:/opt/bench/main/jmh-core-1.37.jar)
WARNING: Please consider reporting this to the maintainers of class org.openjdk.jmh.util.Utils
WARNING: sun.misc.Unsafe::objectFieldOffset will be removed in a future release
# Warmup Iteration   1: 1.604 ops/ms
# Warmup Iteration   2: 1.611 ops/ms
Iteration   1: 1.547 ops/ms
Iteration   2: 1.573 ops/ms
Iteration   3: 1.524 ops/ms

# Run progress: 34.38% complete, ETA 00:07:47
# Fork: 2 of 2
WARNING: A terminally deprecated method in sun.misc.Unsafe has been called
WARNING: sun.misc.Unsafe::objectFieldOffset has been called by org.openjdk.jmh.util.Utils (file:/opt/bench/main/jmh-core-1.37.jar)
WARNING: Please consider reporting this to the maintainers of class org.openjdk.jmh.util.Utils
WARNING: sun.misc.Unsafe::objectFieldOffset will be removed in a future release
# Warmup Iteration   1: 1.703 ops/ms
# Warmup Iteration   2: 1.640 ops/ms
Iteration   1: 1.607 ops/ms
Iteration   2: 1.653 ops/ms
Iteration   3: 1.802 ops/ms


Result "org.apache.lucene.benchmark.jmh.RandomReadIOBenchmark.mmapRandomBatchedPrefetch_T04":
  1.618 ±(99.9%) 0.283 ops/ms [Average]
  (min, avg, max) = (1.524, 1.618, 1.802), stdev = 0.101
  CI (99.9%): [1.335, 1.901] (assumes normal distribution)


# JMH version: 1.37
# VM version: JDK 25.0.4.1, OpenJDK 64-Bit Server VM, 25.0.4.1+1-LTS
# VM invoker: /opt/jdk-25/bin/java
# VM options: --enable-native-access=ALL-UNNAMED -Xms2g -Xmx2g -Dbench.file=/data/pread-bench-39936mb.dat -Dbench.fileSizeMB=39936 -Dbench.dropPageCache=false
# Blackhole mode: compiler (auto-detected, use -Djmh.blackhole.autoDetect=false to disable)
# Warmup: 2 iterations, 3 s each
# Measurement: 3 iterations, 5 s each
# Timeout: 10 min per iteration
# Threads: 8 threads, will synchronize iterations
# Benchmark mode: Throughput, ops/time
# Benchmark: org.apache.lucene.benchmark.jmh.RandomReadIOBenchmark.mmapRandomBatchedPrefetch_T08
# Parameters: (readSize = 16384, readsPerOp = 16)

# Run progress: 37.50% complete, ETA 00:07:25
# Fork: 1 of 2
WARNING: A terminally deprecated method in sun.misc.Unsafe has been called
WARNING: sun.misc.Unsafe::objectFieldOffset has been called by org.openjdk.jmh.util.Utils (file:/opt/bench/main/jmh-core-1.37.jar)
WARNING: Please consider reporting this to the maintainers of class org.openjdk.jmh.util.Utils
WARNING: sun.misc.Unsafe::objectFieldOffset will be removed in a future release
# Warmup Iteration   1: 3.328 ops/ms
# Warmup Iteration   2: 2.937 ops/ms
Iteration   1: 3.067 ops/ms
Iteration   2: 3.125 ops/ms
Iteration   3: 3.232 ops/ms

# Run progress: 40.63% complete, ETA 00:07:03
# Fork: 2 of 2
WARNING: A terminally deprecated method in sun.misc.Unsafe has been called
WARNING: sun.misc.Unsafe::objectFieldOffset has been called by org.openjdk.jmh.util.Utils (file:/opt/bench/main/jmh-core-1.37.jar)
WARNING: Please consider reporting this to the maintainers of class org.openjdk.jmh.util.Utils
WARNING: sun.misc.Unsafe::objectFieldOffset will be removed in a future release
# Warmup Iteration   1: 3.016 ops/ms
# Warmup Iteration   2: 2.893 ops/ms
Iteration   1: 3.111 ops/ms
Iteration   2: 3.296 ops/ms
Iteration   3: 3.562 ops/ms


Result "org.apache.lucene.benchmark.jmh.RandomReadIOBenchmark.mmapRandomBatchedPrefetch_T08":
  3.232 ±(99.9%) 0.511 ops/ms [Average]
  (min, avg, max) = (3.067, 3.232, 3.562), stdev = 0.182
  CI (99.9%): [2.721, 3.743] (assumes normal distribution)


# JMH version: 1.37
# VM version: JDK 25.0.4.1, OpenJDK 64-Bit Server VM, 25.0.4.1+1-LTS
# VM invoker: /opt/jdk-25/bin/java
# VM options: --enable-native-access=ALL-UNNAMED -Xms2g -Xmx2g -Dbench.file=/data/pread-bench-39936mb.dat -Dbench.fileSizeMB=39936 -Dbench.dropPageCache=false
# Blackhole mode: compiler (auto-detected, use -Djmh.blackhole.autoDetect=false to disable)
# Warmup: 2 iterations, 3 s each
# Measurement: 3 iterations, 5 s each
# Timeout: 10 min per iteration
# Threads: 16 threads, will synchronize iterations
# Benchmark mode: Throughput, ops/time
# Benchmark: org.apache.lucene.benchmark.jmh.RandomReadIOBenchmark.mmapRandomBatchedPrefetch_T16
# Parameters: (readSize = 16384, readsPerOp = 16)

# Run progress: 43.75% complete, ETA 00:06:40
# Fork: 1 of 2
WARNING: A terminally deprecated method in sun.misc.Unsafe has been called
WARNING: sun.misc.Unsafe::objectFieldOffset has been called by org.openjdk.jmh.util.Utils (file:/opt/bench/main/jmh-core-1.37.jar)
WARNING: Please consider reporting this to the maintainers of class org.openjdk.jmh.util.Utils
WARNING: sun.misc.Unsafe::objectFieldOffset will be removed in a future release
# Warmup Iteration   1: 5.862 ops/ms
# Warmup Iteration   2: 6.032 ops/ms
Iteration   1: 6.349 ops/ms
Iteration   2: 6.605 ops/ms
Iteration   3: 5.803 ops/ms

# Run progress: 46.88% complete, ETA 00:06:21
# Fork: 2 of 2
WARNING: A terminally deprecated method in sun.misc.Unsafe has been called
WARNING: sun.misc.Unsafe::objectFieldOffset has been called by org.openjdk.jmh.util.Utils (file:/opt/bench/main/jmh-core-1.37.jar)
WARNING: Please consider reporting this to the maintainers of class org.openjdk.jmh.util.Utils
WARNING: sun.misc.Unsafe::objectFieldOffset will be removed in a future release
# Warmup Iteration   1: 6.056 ops/ms
# Warmup Iteration   2: 6.025 ops/ms
Iteration   1: 5.904 ops/ms
Iteration   2: 6.477 ops/ms
Iteration   3: 6.541 ops/ms


Result "org.apache.lucene.benchmark.jmh.RandomReadIOBenchmark.mmapRandomBatchedPrefetch_T16":
  6.280 ±(99.9%) 0.960 ops/ms [Average]
  (min, avg, max) = (5.803, 6.280, 6.605), stdev = 0.342
  CI (99.9%): [5.319, 7.240] (assumes normal distribution)


# JMH version: 1.37
# VM version: JDK 25.0.4.1, OpenJDK 64-Bit Server VM, 25.0.4.1+1-LTS
# VM invoker: /opt/jdk-25/bin/java
# VM options: --enable-native-access=ALL-UNNAMED -Xms2g -Xmx2g -Dbench.file=/data/pread-bench-39936mb.dat -Dbench.fileSizeMB=39936 -Dbench.dropPageCache=false
# Blackhole mode: compiler (auto-detected, use -Djmh.blackhole.autoDetect=false to disable)
# Warmup: 2 iterations, 3 s each
# Measurement: 3 iterations, 5 s each
# Timeout: 10 min per iteration
# Threads: 1 thread, will synchronize iterations
# Benchmark mode: Throughput, ops/time
# Benchmark: org.apache.lucene.benchmark.jmh.RandomReadIOBenchmark.mmapRandom_T01
# Parameters: (readSize = 16384, readsPerOp = 16)

# Run progress: 50.00% complete, ETA 00:06:00
# Fork: 1 of 2
WARNING: A terminally deprecated method in sun.misc.Unsafe has been called
WARNING: sun.misc.Unsafe::objectFieldOffset has been called by org.openjdk.jmh.util.Utils (file:/opt/bench/main/jmh-core-1.37.jar)
WARNING: Please consider reporting this to the maintainers of class org.openjdk.jmh.util.Utils
WARNING: sun.misc.Unsafe::objectFieldOffset will be removed in a future release
# Warmup Iteration   1: 0.412 ops/ms
# Warmup Iteration   2: 0.411 ops/ms
Iteration   1: 0.413 ops/ms
Iteration   2: 0.385 ops/ms
Iteration   3: 0.370 ops/ms

# Run progress: 53.13% complete, ETA 00:05:37
# Fork: 2 of 2
WARNING: A terminally deprecated method in sun.misc.Unsafe has been called
WARNING: sun.misc.Unsafe::objectFieldOffset has been called by org.openjdk.jmh.util.Utils (file:/opt/bench/main/jmh-core-1.37.jar)
WARNING: Please consider reporting this to the maintainers of class org.openjdk.jmh.util.Utils
WARNING: sun.misc.Unsafe::objectFieldOffset will be removed in a future release
# Warmup Iteration   1: 0.412 ops/ms
# Warmup Iteration   2: 0.409 ops/ms
Iteration   1: 0.415 ops/ms
Iteration   2: 0.411 ops/ms
Iteration   3: 0.419 ops/ms


Result "org.apache.lucene.benchmark.jmh.RandomReadIOBenchmark.mmapRandom_T01":
  0.402 ±(99.9%) 0.056 ops/ms [Average]
  (min, avg, max) = (0.370, 0.402, 0.419), stdev = 0.020
  CI (99.9%): [0.346, 0.458] (assumes normal distribution)


# JMH version: 1.37
# VM version: JDK 25.0.4.1, OpenJDK 64-Bit Server VM, 25.0.4.1+1-LTS
# VM invoker: /opt/jdk-25/bin/java
# VM options: --enable-native-access=ALL-UNNAMED -Xms2g -Xmx2g -Dbench.file=/data/pread-bench-39936mb.dat -Dbench.fileSizeMB=39936 -Dbench.dropPageCache=false
# Blackhole mode: compiler (auto-detected, use -Djmh.blackhole.autoDetect=false to disable)
# Warmup: 2 iterations, 3 s each
# Measurement: 3 iterations, 5 s each
# Timeout: 10 min per iteration
# Threads: 4 threads, will synchronize iterations
# Benchmark mode: Throughput, ops/time
# Benchmark: org.apache.lucene.benchmark.jmh.RandomReadIOBenchmark.mmapRandom_T04
# Parameters: (readSize = 16384, readsPerOp = 16)

# Run progress: 56.25% complete, ETA 00:05:14
# Fork: 1 of 2
WARNING: A terminally deprecated method in sun.misc.Unsafe has been called
WARNING: sun.misc.Unsafe::objectFieldOffset has been called by org.openjdk.jmh.util.Utils (file:/opt/bench/main/jmh-core-1.37.jar)
WARNING: Please consider reporting this to the maintainers of class org.openjdk.jmh.util.Utils
WARNING: sun.misc.Unsafe::objectFieldOffset will be removed in a future release
# Warmup Iteration   1: 1.486 ops/ms
# Warmup Iteration   2: 1.523 ops/ms
Iteration   1: 1.568 ops/ms
Iteration   2: 1.570 ops/ms
Iteration   3: 1.572 ops/ms

# Run progress: 59.38% complete, ETA 00:04:51
# Fork: 2 of 2
WARNING: A terminally deprecated method in sun.misc.Unsafe has been called
WARNING: sun.misc.Unsafe::objectFieldOffset has been called by org.openjdk.jmh.util.Utils (file:/opt/bench/main/jmh-core-1.37.jar)
WARNING: Please consider reporting this to the maintainers of class org.openjdk.jmh.util.Utils
WARNING: sun.misc.Unsafe::objectFieldOffset will be removed in a future release
# Warmup Iteration   1: 1.520 ops/ms
# Warmup Iteration   2: 1.575 ops/ms
Iteration   1: 1.550 ops/ms
Iteration   2: 1.574 ops/ms
Iteration   3: 1.613 ops/ms


Result "org.apache.lucene.benchmark.jmh.RandomReadIOBenchmark.mmapRandom_T04":
  1.575 ±(99.9%) 0.058 ops/ms [Average]
  (min, avg, max) = (1.550, 1.575, 1.613), stdev = 0.021
  CI (99.9%): [1.517, 1.633] (assumes normal distribution)


# JMH version: 1.37
# VM version: JDK 25.0.4.1, OpenJDK 64-Bit Server VM, 25.0.4.1+1-LTS
# VM invoker: /opt/jdk-25/bin/java
# VM options: --enable-native-access=ALL-UNNAMED -Xms2g -Xmx2g -Dbench.file=/data/pread-bench-39936mb.dat -Dbench.fileSizeMB=39936 -Dbench.dropPageCache=false
# Blackhole mode: compiler (auto-detected, use -Djmh.blackhole.autoDetect=false to disable)
# Warmup: 2 iterations, 3 s each
# Measurement: 3 iterations, 5 s each
# Timeout: 10 min per iteration
# Threads: 8 threads, will synchronize iterations
# Benchmark mode: Throughput, ops/time
# Benchmark: org.apache.lucene.benchmark.jmh.RandomReadIOBenchmark.mmapRandom_T08
# Parameters: (readSize = 16384, readsPerOp = 16)

# Run progress: 62.50% complete, ETA 00:04:29
# Fork: 1 of 2
WARNING: A terminally deprecated method in sun.misc.Unsafe has been called
WARNING: sun.misc.Unsafe::objectFieldOffset has been called by org.openjdk.jmh.util.Utils (file:/opt/bench/main/jmh-core-1.37.jar)
WARNING: Please consider reporting this to the maintainers of class org.openjdk.jmh.util.Utils
WARNING: sun.misc.Unsafe::objectFieldOffset will be removed in a future release
# Warmup Iteration   1: 2.932 ops/ms
# Warmup Iteration   2: 2.926 ops/ms
Iteration   1: 2.918 ops/ms
Iteration   2: 2.873 ops/ms
Iteration   3: 2.874 ops/ms

# Run progress: 65.63% complete, ETA 00:04:06
# Fork: 2 of 2
WARNING: A terminally deprecated method in sun.misc.Unsafe has been called
WARNING: sun.misc.Unsafe::objectFieldOffset has been called by org.openjdk.jmh.util.Utils (file:/opt/bench/main/jmh-core-1.37.jar)
WARNING: Please consider reporting this to the maintainers of class org.openjdk.jmh.util.Utils
WARNING: sun.misc.Unsafe::objectFieldOffset will be removed in a future release
# Warmup Iteration   1: 2.990 ops/ms
# Warmup Iteration   2: 2.974 ops/ms
Iteration   1: 2.938 ops/ms
Iteration   2: 2.970 ops/ms
Iteration   3: 2.956 ops/ms


Result "org.apache.lucene.benchmark.jmh.RandomReadIOBenchmark.mmapRandom_T08":
  2.922 ±(99.9%) 0.114 ops/ms [Average]
  (min, avg, max) = (2.873, 2.922, 2.970), stdev = 0.041
  CI (99.9%): [2.807, 3.036] (assumes normal distribution)


# JMH version: 1.37
# VM version: JDK 25.0.4.1, OpenJDK 64-Bit Server VM, 25.0.4.1+1-LTS
# VM invoker: /opt/jdk-25/bin/java
# VM options: --enable-native-access=ALL-UNNAMED -Xms2g -Xmx2g -Dbench.file=/data/pread-bench-39936mb.dat -Dbench.fileSizeMB=39936 -Dbench.dropPageCache=false
# Blackhole mode: compiler (auto-detected, use -Djmh.blackhole.autoDetect=false to disable)
# Warmup: 2 iterations, 3 s each
# Measurement: 3 iterations, 5 s each
# Timeout: 10 min per iteration
# Threads: 16 threads, will synchronize iterations
# Benchmark mode: Throughput, ops/time
# Benchmark: org.apache.lucene.benchmark.jmh.RandomReadIOBenchmark.mmapRandom_T16
# Parameters: (readSize = 16384, readsPerOp = 16)

# Run progress: 68.75% complete, ETA 00:03:44
# Fork: 1 of 2
WARNING: A terminally deprecated method in sun.misc.Unsafe has been called
WARNING: sun.misc.Unsafe::objectFieldOffset has been called by org.openjdk.jmh.util.Utils (file:/opt/bench/main/jmh-core-1.37.jar)
WARNING: Please consider reporting this to the maintainers of class org.openjdk.jmh.util.Utils
WARNING: sun.misc.Unsafe::objectFieldOffset will be removed in a future release
# Warmup Iteration   1: 5.068 ops/ms
# Warmup Iteration   2: 4.789 ops/ms
Iteration   1: 4.833 ops/ms
Iteration   2: 5.009 ops/ms
Iteration   3: 5.172 ops/ms

# Run progress: 71.88% complete, ETA 00:03:22
# Fork: 2 of 2
WARNING: A terminally deprecated method in sun.misc.Unsafe has been called
WARNING: sun.misc.Unsafe::objectFieldOffset has been called by org.openjdk.jmh.util.Utils (file:/opt/bench/main/jmh-core-1.37.jar)
WARNING: Please consider reporting this to the maintainers of class org.openjdk.jmh.util.Utils
WARNING: sun.misc.Unsafe::objectFieldOffset will be removed in a future release
# Warmup Iteration   1: 5.049 ops/ms
# Warmup Iteration   2: 5.133 ops/ms
Iteration   1: 5.196 ops/ms
Iteration   2: 5.169 ops/ms
Iteration   3: 5.163 ops/ms


Result "org.apache.lucene.benchmark.jmh.RandomReadIOBenchmark.mmapRandom_T16":
  5.090 ±(99.9%) 0.401 ops/ms [Average]
  (min, avg, max) = (4.833, 5.090, 5.196), stdev = 0.143
  CI (99.9%): [4.690, 5.491] (assumes normal distribution)


# JMH version: 1.37
# VM version: JDK 25.0.4.1, OpenJDK 64-Bit Server VM, 25.0.4.1+1-LTS
# VM invoker: /opt/jdk-25/bin/java
# VM options: --enable-native-access=ALL-UNNAMED -Xms2g -Xmx2g -Dbench.file=/data/pread-bench-39936mb.dat -Dbench.fileSizeMB=39936 -Dbench.dropPageCache=false
# Blackhole mode: compiler (auto-detected, use -Djmh.blackhole.autoDetect=false to disable)
# Warmup: 2 iterations, 3 s each
# Measurement: 3 iterations, 5 s each
# Timeout: 10 min per iteration
# Threads: 1 thread, will synchronize iterations
# Benchmark mode: Throughput, ops/time
# Benchmark: org.apache.lucene.benchmark.jmh.RandomReadIOBenchmark.mmap_T01
# Parameters: (readSize = 16384, readsPerOp = 16)

# Run progress: 75.00% complete, ETA 00:03:00
# Fork: 1 of 2
WARNING: A terminally deprecated method in sun.misc.Unsafe has been called
WARNING: sun.misc.Unsafe::objectFieldOffset has been called by org.openjdk.jmh.util.Utils (file:/opt/bench/main/jmh-core-1.37.jar)
WARNING: Please consider reporting this to the maintainers of class org.openjdk.jmh.util.Utils
WARNING: sun.misc.Unsafe::objectFieldOffset will be removed in a future release
# Warmup Iteration   1: 0.683 ops/ms
# Warmup Iteration   2: 0.712 ops/ms
Iteration   1: 0.718 ops/ms
Iteration   2: 0.742 ops/ms
Iteration   3: 0.757 ops/ms

# Run progress: 78.13% complete, ETA 00:02:37
# Fork: 2 of 2
WARNING: A terminally deprecated method in sun.misc.Unsafe has been called
WARNING: sun.misc.Unsafe::objectFieldOffset has been called by org.openjdk.jmh.util.Utils (file:/opt/bench/main/jmh-core-1.37.jar)
WARNING: Please consider reporting this to the maintainers of class org.openjdk.jmh.util.Utils
WARNING: sun.misc.Unsafe::objectFieldOffset will be removed in a future release
# Warmup Iteration   1: 0.740 ops/ms
# Warmup Iteration   2: 0.748 ops/ms
Iteration   1: 0.786 ops/ms
Iteration   2: 0.812 ops/ms
Iteration   3: 0.836 ops/ms


Result "org.apache.lucene.benchmark.jmh.RandomReadIOBenchmark.mmap_T01":
  0.775 ±(99.9%) 0.125 ops/ms [Average]
  (min, avg, max) = (0.718, 0.775, 0.836), stdev = 0.045
  CI (99.9%): [0.650, 0.900] (assumes normal distribution)


# JMH version: 1.37
# VM version: JDK 25.0.4.1, OpenJDK 64-Bit Server VM, 25.0.4.1+1-LTS
# VM invoker: /opt/jdk-25/bin/java
# VM options: --enable-native-access=ALL-UNNAMED -Xms2g -Xmx2g -Dbench.file=/data/pread-bench-39936mb.dat -Dbench.fileSizeMB=39936 -Dbench.dropPageCache=false
# Blackhole mode: compiler (auto-detected, use -Djmh.blackhole.autoDetect=false to disable)
# Warmup: 2 iterations, 3 s each
# Measurement: 3 iterations, 5 s each
# Timeout: 10 min per iteration
# Threads: 4 threads, will synchronize iterations
# Benchmark mode: Throughput, ops/time
# Benchmark: org.apache.lucene.benchmark.jmh.RandomReadIOBenchmark.mmap_T04
# Parameters: (readSize = 16384, readsPerOp = 16)

# Run progress: 81.25% complete, ETA 00:02:15
# Fork: 1 of 2
WARNING: A terminally deprecated method in sun.misc.Unsafe has been called
WARNING: sun.misc.Unsafe::objectFieldOffset has been called by org.openjdk.jmh.util.Utils (file:/opt/bench/main/jmh-core-1.37.jar)
WARNING: Please consider reporting this to the maintainers of class org.openjdk.jmh.util.Utils
WARNING: sun.misc.Unsafe::objectFieldOffset will be removed in a future release
# Warmup Iteration   1: 3.023 ops/ms
# Warmup Iteration   2: 3.069 ops/ms
Iteration   1: 3.126 ops/ms
Iteration   2: 3.192 ops/ms
Iteration   3: 3.051 ops/ms

# Run progress: 84.38% complete, ETA 00:01:52
# Fork: 2 of 2
WARNING: A terminally deprecated method in sun.misc.Unsafe has been called
WARNING: sun.misc.Unsafe::objectFieldOffset has been called by org.openjdk.jmh.util.Utils (file:/opt/bench/main/jmh-core-1.37.jar)
WARNING: Please consider reporting this to the maintainers of class org.openjdk.jmh.util.Utils
WARNING: sun.misc.Unsafe::objectFieldOffset will be removed in a future release
# Warmup Iteration   1: 2.934 ops/ms
# Warmup Iteration   2: 3.005 ops/ms
Iteration   1: 3.061 ops/ms
Iteration   2: 3.156 ops/ms
Iteration   3: 3.041 ops/ms


Result "org.apache.lucene.benchmark.jmh.RandomReadIOBenchmark.mmap_T04":
  3.104 ±(99.9%) 0.176 ops/ms [Average]
  (min, avg, max) = (3.041, 3.104, 3.192), stdev = 0.063
  CI (99.9%): [2.929, 3.280] (assumes normal distribution)


# JMH version: 1.37
# VM version: JDK 25.0.4.1, OpenJDK 64-Bit Server VM, 25.0.4.1+1-LTS
# VM invoker: /opt/jdk-25/bin/java
# VM options: --enable-native-access=ALL-UNNAMED -Xms2g -Xmx2g -Dbench.file=/data/pread-bench-39936mb.dat -Dbench.fileSizeMB=39936 -Dbench.dropPageCache=false
# Blackhole mode: compiler (auto-detected, use -Djmh.blackhole.autoDetect=false to disable)
# Warmup: 2 iterations, 3 s each
# Measurement: 3 iterations, 5 s each
# Timeout: 10 min per iteration
# Threads: 8 threads, will synchronize iterations
# Benchmark mode: Throughput, ops/time
# Benchmark: org.apache.lucene.benchmark.jmh.RandomReadIOBenchmark.mmap_T08
# Parameters: (readSize = 16384, readsPerOp = 16)

# Run progress: 87.50% complete, ETA 00:01:30
# Fork: 1 of 2
WARNING: A terminally deprecated method in sun.misc.Unsafe has been called
WARNING: sun.misc.Unsafe::objectFieldOffset has been called by org.openjdk.jmh.util.Utils (file:/opt/bench/main/jmh-core-1.37.jar)
WARNING: Please consider reporting this to the maintainers of class org.openjdk.jmh.util.Utils
WARNING: sun.misc.Unsafe::objectFieldOffset will be removed in a future release
# Warmup Iteration   1: 3.792 ops/ms
# Warmup Iteration   2: 3.696 ops/ms
Iteration   1: 3.723 ops/ms
Iteration   2: 3.803 ops/ms
Iteration   3: 3.806 ops/ms

# Run progress: 90.63% complete, ETA 00:01:07
# Fork: 2 of 2
WARNING: A terminally deprecated method in sun.misc.Unsafe has been called
WARNING: sun.misc.Unsafe::objectFieldOffset has been called by org.openjdk.jmh.util.Utils (file:/opt/bench/main/jmh-core-1.37.jar)
WARNING: Please consider reporting this to the maintainers of class org.openjdk.jmh.util.Utils
WARNING: sun.misc.Unsafe::objectFieldOffset will be removed in a future release
# Warmup Iteration   1: 3.815 ops/ms
# Warmup Iteration   2: 3.778 ops/ms
Iteration   1: 3.730 ops/ms
Iteration   2: 3.842 ops/ms
Iteration   3: 3.821 ops/ms


Result "org.apache.lucene.benchmark.jmh.RandomReadIOBenchmark.mmap_T08":
  3.788 ±(99.9%) 0.138 ops/ms [Average]
  (min, avg, max) = (3.723, 3.788, 3.842), stdev = 0.049
  CI (99.9%): [3.649, 3.926] (assumes normal distribution)


# JMH version: 1.37
# VM version: JDK 25.0.4.1, OpenJDK 64-Bit Server VM, 25.0.4.1+1-LTS
# VM invoker: /opt/jdk-25/bin/java
# VM options: --enable-native-access=ALL-UNNAMED -Xms2g -Xmx2g -Dbench.file=/data/pread-bench-39936mb.dat -Dbench.fileSizeMB=39936 -Dbench.dropPageCache=false
# Blackhole mode: compiler (auto-detected, use -Djmh.blackhole.autoDetect=false to disable)
# Warmup: 2 iterations, 3 s each
# Measurement: 3 iterations, 5 s each
# Timeout: 10 min per iteration
# Threads: 16 threads, will synchronize iterations
# Benchmark mode: Throughput, ops/time
# Benchmark: org.apache.lucene.benchmark.jmh.RandomReadIOBenchmark.mmap_T16
# Parameters: (readSize = 16384, readsPerOp = 16)

# Run progress: 93.75% complete, ETA 00:00:45
# Fork: 1 of 2
WARNING: A terminally deprecated method in sun.misc.Unsafe has been called
WARNING: sun.misc.Unsafe::objectFieldOffset has been called by org.openjdk.jmh.util.Utils (file:/opt/bench/main/jmh-core-1.37.jar)
WARNING: Please consider reporting this to the maintainers of class org.openjdk.jmh.util.Utils
WARNING: sun.misc.Unsafe::objectFieldOffset will be removed in a future release
# Warmup Iteration   1: 3.793 ops/ms
# Warmup Iteration   2: 3.746 ops/ms
Iteration   1: 3.733 ops/ms
Iteration   2: 3.799 ops/ms
Iteration   3: 3.813 ops/ms

# Run progress: 96.88% complete, ETA 00:00:22
# Fork: 2 of 2
WARNING: A terminally deprecated method in sun.misc.Unsafe has been called
WARNING: sun.misc.Unsafe::objectFieldOffset has been called by org.openjdk.jmh.util.Utils (file:/opt/bench/main/jmh-core-1.37.jar)
WARNING: Please consider reporting this to the maintainers of class org.openjdk.jmh.util.Utils
WARNING: sun.misc.Unsafe::objectFieldOffset will be removed in a future release
# Warmup Iteration   1: 3.763 ops/ms
# Warmup Iteration   2: 3.775 ops/ms
Iteration   1: 3.733 ops/ms
Iteration   2: 3.799 ops/ms
Iteration   3: 3.800 ops/ms


Result "org.apache.lucene.benchmark.jmh.RandomReadIOBenchmark.mmap_T16":
  3.779 ±(99.9%) 0.101 ops/ms [Average]
  (min, avg, max) = (3.733, 3.779, 3.813), stdev = 0.036
  CI (99.9%): [3.678, 3.881] (assumes normal distribution)


# Run complete. Total time: 00:12:01

REMEMBER: The numbers below are just data. To gain reusable insights, you need to follow up on
why the numbers are the way they are. Use profilers (see -prof, -lprof), design factorial
experiments, perform baseline and negative tests that provide experimental control, make sure
the benchmarking environment is safe on JVM/OS/HW level, ask for reviews from the domain experts.
Do not assume the numbers tell you what you want them to tell.

NOTE: Current JVM experimentally supports Compiler Blackholes, and they are in use. Please exercise
extra caution when trusting the results, look into the generated code to check the benchmark still
works, and factor in a small probability of new VM bugs. Additionally, while comparisons between
different JVMs are already problematic, the performance difference caused by different Blackhole
modes can be very significant. Please make sure you use the consistent Blackhole mode for comparisons.

Benchmark                                            (readSize)  (readsPerOp)   Mode  Cnt  Score   Error   Units
RandomReadIOBenchmark.mmapBatchedPrefetch_T01             16384            16  thrpt    6  0.983 ± 0.077  ops/ms
RandomReadIOBenchmark.mmapBatchedPrefetch_T04             16384            16  thrpt    6  3.260 ± 0.234  ops/ms
RandomReadIOBenchmark.mmapBatchedPrefetch_T08             16384            16  thrpt    6  3.831 ± 0.134  ops/ms
RandomReadIOBenchmark.mmapBatchedPrefetch_T16             16384            16  thrpt    6  3.837 ± 0.187  ops/ms
RandomReadIOBenchmark.mmapRandomBatchedPrefetch_T01       16384            16  thrpt    6  0.433 ± 0.043  ops/ms
RandomReadIOBenchmark.mmapRandomBatchedPrefetch_T04       16384            16  thrpt    6  1.618 ± 0.283  ops/ms
RandomReadIOBenchmark.mmapRandomBatchedPrefetch_T08       16384            16  thrpt    6  3.232 ± 0.511  ops/ms
RandomReadIOBenchmark.mmapRandomBatchedPrefetch_T16       16384            16  thrpt    6  6.280 ± 0.960  ops/ms
RandomReadIOBenchmark.mmapRandom_T01                      16384            16  thrpt    6  0.402 ± 0.056  ops/ms
RandomReadIOBenchmark.mmapRandom_T04                      16384            16  thrpt    6  1.575 ± 0.058  ops/ms
RandomReadIOBenchmark.mmapRandom_T08                      16384            16  thrpt    6  2.922 ± 0.114  ops/ms
RandomReadIOBenchmark.mmapRandom_T16                      16384            16  thrpt    6  5.090 ± 0.401  ops/ms
RandomReadIOBenchmark.mmap_T01                            16384            16  thrpt    6  0.775 ± 0.125  ops/ms
RandomReadIOBenchmark.mmap_T04                            16384            16  thrpt    6  3.104 ± 0.176  ops/ms
RandomReadIOBenchmark.mmap_T08                            16384            16  thrpt    6  3.788 ± 0.138  ops/ms
RandomReadIOBenchmark.mmap_T16                            16384            16  thrpt    6  3.779 ± 0.101  ops/ms

Benchmark result is saved to /opt/bench/results/main-pressure-randomread.json
   priming: drop caches, sequential read of /data/sf-index-10223616
WARNING: A terminally deprecated method in sun.misc.Unsafe has been called
WARNING: sun.misc.Unsafe::objectFieldOffset has been called by org.openjdk.jmh.util.Utils (file:/opt/bench/main/jmh-core-1.37.jar)
WARNING: Please consider reporting this to the maintainers of class org.openjdk.jmh.util.Utils
WARNING: sun.misc.Unsafe::objectFieldOffset will be removed in a future release
# JMH version: 1.37
# VM version: JDK 25.0.4.1, OpenJDK 64-Bit Server VM, 25.0.4.1+1-LTS
# VM invoker: /opt/jdk-25/bin/java
# VM options: --enable-native-access=ALL-UNNAMED -Xms2g -Xmx2g -Dbench.indexPath=/data/sf-index-10223616 -Dbench.numDocs=10223616 -Dbench.docSizeBytes=4096 -Dbench.readAdvice=RANDOM -Dbench.prefetchWindow=16 -Dbench.dropPageCache=false
# Blackhole mode: compiler (auto-detected, use -Djmh.blackhole.autoDetect=false to disable)
# Warmup: 2 iterations, 2 s each
# Measurement: 3 iterations, 3 s each
# Timeout: 10 min per iteration
# Threads: 1 thread, will synchronize iterations
# Benchmark mode: Throughput, ops/time
# Benchmark: org.apache.lucene.benchmark.jmh.StoredFieldsPrefetchBenchmark.prefetchOnly_T01
# Parameters: (topK = 10)

# Run progress: 0.00% complete, ETA 00:05:12
# Fork: 1 of 2
WARNING: A terminally deprecated method in sun.misc.Unsafe has been called
WARNING: sun.misc.Unsafe::objectFieldOffset has been called by org.openjdk.jmh.util.Utils (file:/opt/bench/main/jmh-core-1.37.jar)
WARNING: Please consider reporting this to the maintainers of class org.openjdk.jmh.util.Utils
WARNING: sun.misc.Unsafe::objectFieldOffset will be removed in a future release
# Warmup Iteration   1: Sep 29, 2026 11:35:21 PM org.apache.lucene.internal.vectorization.VectorizationProvider lookup
WARNING: Java vector incubator module is not readable. For optimal vector performance, pass '--add-modules jdk.incubator.vector' to enable Vector API.
329.127 ops/ms
# Warmup Iteration   2: 334.516 ops/ms
Iteration   1: 336.801 ops/ms
Iteration   2: 336.606 ops/ms
Iteration   3: 336.614 ops/ms

# Run progress: 4.17% complete, ETA 00:05:11
# Fork: 2 of 2
WARNING: A terminally deprecated method in sun.misc.Unsafe has been called
WARNING: sun.misc.Unsafe::objectFieldOffset has been called by org.openjdk.jmh.util.Utils (file:/opt/bench/main/jmh-core-1.37.jar)
WARNING: Please consider reporting this to the maintainers of class org.openjdk.jmh.util.Utils
WARNING: sun.misc.Unsafe::objectFieldOffset will be removed in a future release
# Warmup Iteration   1: Sep 29, 2026 11:35:34 PM org.apache.lucene.internal.vectorization.VectorizationProvider lookup
WARNING: Java vector incubator module is not readable. For optimal vector performance, pass '--add-modules jdk.incubator.vector' to enable Vector API.
388.731 ops/ms
# Warmup Iteration   2: 399.344 ops/ms
Iteration   1: 399.070 ops/ms
Iteration   2: 398.122 ops/ms
Iteration   3: 400.355 ops/ms


Result "org.apache.lucene.benchmark.jmh.StoredFieldsPrefetchBenchmark.prefetchOnly_T01":
  367.928 ±(99.9%) 96.028 ops/ms [Average]
  (min, avg, max) = (336.606, 367.928, 400.355), stdev = 34.245
  CI (99.9%): [271.900, 463.956] (assumes normal distribution)


# JMH version: 1.37
# VM version: JDK 25.0.4.1, OpenJDK 64-Bit Server VM, 25.0.4.1+1-LTS
# VM invoker: /opt/jdk-25/bin/java
# VM options: --enable-native-access=ALL-UNNAMED -Xms2g -Xmx2g -Dbench.indexPath=/data/sf-index-10223616 -Dbench.numDocs=10223616 -Dbench.docSizeBytes=4096 -Dbench.readAdvice=RANDOM -Dbench.prefetchWindow=16 -Dbench.dropPageCache=false
# Blackhole mode: compiler (auto-detected, use -Djmh.blackhole.autoDetect=false to disable)
# Warmup: 2 iterations, 2 s each
# Measurement: 3 iterations, 3 s each
# Timeout: 10 min per iteration
# Threads: 1 thread, will synchronize iterations
# Benchmark mode: Throughput, ops/time
# Benchmark: org.apache.lucene.benchmark.jmh.StoredFieldsPrefetchBenchmark.prefetchOnly_T01
# Parameters: (topK = 100)

# Run progress: 8.33% complete, ETA 00:04:55
# Fork: 1 of 2
WARNING: A terminally deprecated method in sun.misc.Unsafe has been called
WARNING: sun.misc.Unsafe::objectFieldOffset has been called by org.openjdk.jmh.util.Utils (file:/opt/bench/main/jmh-core-1.37.jar)
WARNING: Please consider reporting this to the maintainers of class org.openjdk.jmh.util.Utils
WARNING: sun.misc.Unsafe::objectFieldOffset will be removed in a future release
# Warmup Iteration   1: Sep 29, 2026 11:35:47 PM org.apache.lucene.internal.vectorization.VectorizationProvider lookup
WARNING: Java vector incubator module is not readable. For optimal vector performance, pass '--add-modules jdk.incubator.vector' to enable Vector API.
39.231 ops/ms
# Warmup Iteration   2: 40.006 ops/ms
Iteration   1: 40.035 ops/ms
Iteration   2: 40.096 ops/ms
Iteration   3: 40.119 ops/ms

# Run progress: 12.50% complete, ETA 00:04:42
# Fork: 2 of 2
WARNING: A terminally deprecated method in sun.misc.Unsafe has been called
WARNING: sun.misc.Unsafe::objectFieldOffset has been called by org.openjdk.jmh.util.Utils (file:/opt/bench/main/jmh-core-1.37.jar)
WARNING: Please consider reporting this to the maintainers of class org.openjdk.jmh.util.Utils
WARNING: sun.misc.Unsafe::objectFieldOffset will be removed in a future release
# Warmup Iteration   1: Sep 29, 2026 11:36:01 PM org.apache.lucene.internal.vectorization.VectorizationProvider lookup
WARNING: Java vector incubator module is not readable. For optimal vector performance, pass '--add-modules jdk.incubator.vector' to enable Vector API.
39.382 ops/ms
# Warmup Iteration   2: 39.931 ops/ms
Iteration   1: 39.882 ops/ms
Iteration   2: 39.882 ops/ms
Iteration   3: 39.904 ops/ms


Result "org.apache.lucene.benchmark.jmh.StoredFieldsPrefetchBenchmark.prefetchOnly_T01":
  39.986 ±(99.9%) 0.308 ops/ms [Average]
  (min, avg, max) = (39.882, 39.986, 40.119), stdev = 0.110
  CI (99.9%): [39.678, 40.294] (assumes normal distribution)


# JMH version: 1.37
# VM version: JDK 25.0.4.1, OpenJDK 64-Bit Server VM, 25.0.4.1+1-LTS
# VM invoker: /opt/jdk-25/bin/java
# VM options: --enable-native-access=ALL-UNNAMED -Xms2g -Xmx2g -Dbench.indexPath=/data/sf-index-10223616 -Dbench.numDocs=10223616 -Dbench.docSizeBytes=4096 -Dbench.readAdvice=RANDOM -Dbench.prefetchWindow=16 -Dbench.dropPageCache=false
# Blackhole mode: compiler (auto-detected, use -Djmh.blackhole.autoDetect=false to disable)
# Warmup: 2 iterations, 2 s each
# Measurement: 3 iterations, 3 s each
# Timeout: 10 min per iteration
# Threads: 8 threads, will synchronize iterations
# Benchmark mode: Throughput, ops/time
# Benchmark: org.apache.lucene.benchmark.jmh.StoredFieldsPrefetchBenchmark.prefetchOnly_T08
# Parameters: (topK = 10)

# Run progress: 16.67% complete, ETA 00:04:28
# Fork: 1 of 2
WARNING: A terminally deprecated method in sun.misc.Unsafe has been called
WARNING: sun.misc.Unsafe::objectFieldOffset has been called by org.openjdk.jmh.util.Utils (file:/opt/bench/main/jmh-core-1.37.jar)
WARNING: Please consider reporting this to the maintainers of class org.openjdk.jmh.util.Utils
WARNING: sun.misc.Unsafe::objectFieldOffset will be removed in a future release
# Warmup Iteration   1: Sep 29, 2026 11:36:14 PM org.apache.lucene.internal.vectorization.VectorizationProvider lookup
WARNING: Java vector incubator module is not readable. For optimal vector performance, pass '--add-modules jdk.incubator.vector' to enable Vector API.
2130.870 ops/ms
# Warmup Iteration   2: 2167.150 ops/ms
Iteration   1: 2215.688 ops/ms
Iteration   2: 2250.703 ops/ms
Iteration   3: 2205.519 ops/ms

# Run progress: 20.83% complete, ETA 00:04:14
# Fork: 2 of 2
WARNING: A terminally deprecated method in sun.misc.Unsafe has been called
WARNING: sun.misc.Unsafe::objectFieldOffset has been called by org.openjdk.jmh.util.Utils (file:/opt/bench/main/jmh-core-1.37.jar)
WARNING: Please consider reporting this to the maintainers of class org.openjdk.jmh.util.Utils
WARNING: sun.misc.Unsafe::objectFieldOffset will be removed in a future release
# Warmup Iteration   1: Sep 29, 2026 11:36:28 PM org.apache.lucene.internal.vectorization.VectorizationProvider lookup
WARNING: Java vector incubator module is not readable. For optimal vector performance, pass '--add-modules jdk.incubator.vector' to enable Vector API.
2031.163 ops/ms
# Warmup Iteration   2: 2164.877 ops/ms
Iteration   1: 2153.976 ops/ms
Iteration   2: 2118.763 ops/ms
Iteration   3: 2134.443 ops/ms


Result "org.apache.lucene.benchmark.jmh.StoredFieldsPrefetchBenchmark.prefetchOnly_T08":
  2179.849 ±(99.9%) 145.312 ops/ms [Average]
  (min, avg, max) = (2118.763, 2179.849, 2250.703), stdev = 51.820
  CI (99.9%): [2034.537, 2325.160] (assumes normal distribution)


# JMH version: 1.37
# VM version: JDK 25.0.4.1, OpenJDK 64-Bit Server VM, 25.0.4.1+1-LTS
# VM invoker: /opt/jdk-25/bin/java
# VM options: --enable-native-access=ALL-UNNAMED -Xms2g -Xmx2g -Dbench.indexPath=/data/sf-index-10223616 -Dbench.numDocs=10223616 -Dbench.docSizeBytes=4096 -Dbench.readAdvice=RANDOM -Dbench.prefetchWindow=16 -Dbench.dropPageCache=false
# Blackhole mode: compiler (auto-detected, use -Djmh.blackhole.autoDetect=false to disable)
# Warmup: 2 iterations, 2 s each
# Measurement: 3 iterations, 3 s each
# Timeout: 10 min per iteration
# Threads: 8 threads, will synchronize iterations
# Benchmark mode: Throughput, ops/time
# Benchmark: org.apache.lucene.benchmark.jmh.StoredFieldsPrefetchBenchmark.prefetchOnly_T08
# Parameters: (topK = 100)

# Run progress: 25.00% complete, ETA 00:04:01
# Fork: 1 of 2
WARNING: A terminally deprecated method in sun.misc.Unsafe has been called
WARNING: sun.misc.Unsafe::objectFieldOffset has been called by org.openjdk.jmh.util.Utils (file:/opt/bench/main/jmh-core-1.37.jar)
WARNING: Please consider reporting this to the maintainers of class org.openjdk.jmh.util.Utils
WARNING: sun.misc.Unsafe::objectFieldOffset will be removed in a future release
# Warmup Iteration   1: Sep 29, 2026 11:36:41 PM org.apache.lucene.internal.vectorization.VectorizationProvider lookup
WARNING: Java vector incubator module is not readable. For optimal vector performance, pass '--add-modules jdk.incubator.vector' to enable Vector API.
188.904 ops/ms
# Warmup Iteration   2: 200.533 ops/ms
Iteration   1: 194.728 ops/ms
Iteration   2: 193.867 ops/ms
Iteration   3: 195.886 ops/ms

# Run progress: 29.17% complete, ETA 00:03:47
# Fork: 2 of 2
WARNING: A terminally deprecated method in sun.misc.Unsafe has been called
WARNING: sun.misc.Unsafe::objectFieldOffset has been called by org.openjdk.jmh.util.Utils (file:/opt/bench/main/jmh-core-1.37.jar)
WARNING: Please consider reporting this to the maintainers of class org.openjdk.jmh.util.Utils
WARNING: sun.misc.Unsafe::objectFieldOffset will be removed in a future release
# Warmup Iteration   1: Sep 29, 2026 11:36:54 PM org.apache.lucene.internal.vectorization.VectorizationProvider lookup
WARNING: Java vector incubator module is not readable. For optimal vector performance, pass '--add-modules jdk.incubator.vector' to enable Vector API.
197.117 ops/ms
# Warmup Iteration   2: 205.919 ops/ms
Iteration   1: 205.625 ops/ms
Iteration   2: 209.524 ops/ms
Iteration   3: 205.821 ops/ms


Result "org.apache.lucene.benchmark.jmh.StoredFieldsPrefetchBenchmark.prefetchOnly_T08":
  200.909 ±(99.9%) 19.167 ops/ms [Average]
  (min, avg, max) = (193.867, 200.909, 209.524), stdev = 6.835
  CI (99.9%): [181.741, 220.076] (assumes normal distribution)


# JMH version: 1.37
# VM version: JDK 25.0.4.1, OpenJDK 64-Bit Server VM, 25.0.4.1+1-LTS
# VM invoker: /opt/jdk-25/bin/java
# VM options: --enable-native-access=ALL-UNNAMED -Xms2g -Xmx2g -Dbench.indexPath=/data/sf-index-10223616 -Dbench.numDocs=10223616 -Dbench.docSizeBytes=4096 -Dbench.readAdvice=RANDOM -Dbench.prefetchWindow=16 -Dbench.dropPageCache=false
# Blackhole mode: compiler (auto-detected, use -Djmh.blackhole.autoDetect=false to disable)
# Warmup: 2 iterations, 2 s each
# Measurement: 3 iterations, 3 s each
# Timeout: 10 min per iteration
# Threads: 1 thread, will synchronize iterations
# Benchmark mode: Throughput, ops/time
# Benchmark: org.apache.lucene.benchmark.jmh.StoredFieldsPrefetchBenchmark.retrieveNoPrefetch_T01
# Parameters: (topK = 10)

# Run progress: 33.33% complete, ETA 00:03:34
# Fork: 1 of 2
WARNING: A terminally deprecated method in sun.misc.Unsafe has been called
WARNING: sun.misc.Unsafe::objectFieldOffset has been called by org.openjdk.jmh.util.Utils (file:/opt/bench/main/jmh-core-1.37.jar)
WARNING: Please consider reporting this to the maintainers of class org.openjdk.jmh.util.Utils
WARNING: sun.misc.Unsafe::objectFieldOffset will be removed in a future release
# Warmup Iteration   1: Sep 29, 2026 11:37:08 PM org.apache.lucene.internal.vectorization.VectorizationProvider lookup
WARNING: Java vector incubator module is not readable. For optimal vector performance, pass '--add-modules jdk.incubator.vector' to enable Vector API.
0.551 ops/ms
# Warmup Iteration   2: 0.563 ops/ms
Iteration   1: 0.546 ops/ms
Iteration   2: 0.514 ops/ms
Iteration   3: 0.526 ops/ms

# Run progress: 37.50% complete, ETA 00:03:21
# Fork: 2 of 2
WARNING: A terminally deprecated method in sun.misc.Unsafe has been called
WARNING: sun.misc.Unsafe::objectFieldOffset has been called by org.openjdk.jmh.util.Utils (file:/opt/bench/main/jmh-core-1.37.jar)
WARNING: Please consider reporting this to the maintainers of class org.openjdk.jmh.util.Utils
WARNING: sun.misc.Unsafe::objectFieldOffset will be removed in a future release
# Warmup Iteration   1: Sep 29, 2026 11:37:21 PM org.apache.lucene.internal.vectorization.VectorizationProvider lookup
WARNING: Java vector incubator module is not readable. For optimal vector performance, pass '--add-modules jdk.incubator.vector' to enable Vector API.
0.497 ops/ms
# Warmup Iteration   2: 0.505 ops/ms
Iteration   1: 0.495 ops/ms
Iteration   2: 0.484 ops/ms
Iteration   3: 0.498 ops/ms


Result "org.apache.lucene.benchmark.jmh.StoredFieldsPrefetchBenchmark.retrieveNoPrefetch_T01":
  0.511 ±(99.9%) 0.064 ops/ms [Average]
  (min, avg, max) = (0.484, 0.511, 0.546), stdev = 0.023
  CI (99.9%): [0.446, 0.575] (assumes normal distribution)


# JMH version: 1.37
# VM version: JDK 25.0.4.1, OpenJDK 64-Bit Server VM, 25.0.4.1+1-LTS
# VM invoker: /opt/jdk-25/bin/java
# VM options: --enable-native-access=ALL-UNNAMED -Xms2g -Xmx2g -Dbench.indexPath=/data/sf-index-10223616 -Dbench.numDocs=10223616 -Dbench.docSizeBytes=4096 -Dbench.readAdvice=RANDOM -Dbench.prefetchWindow=16 -Dbench.dropPageCache=false
# Blackhole mode: compiler (auto-detected, use -Djmh.blackhole.autoDetect=false to disable)
# Warmup: 2 iterations, 2 s each
# Measurement: 3 iterations, 3 s each
# Timeout: 10 min per iteration
# Threads: 1 thread, will synchronize iterations
# Benchmark mode: Throughput, ops/time
# Benchmark: org.apache.lucene.benchmark.jmh.StoredFieldsPrefetchBenchmark.retrieveNoPrefetch_T01
# Parameters: (topK = 100)

# Run progress: 41.67% complete, ETA 00:03:07
# Fork: 1 of 2
WARNING: A terminally deprecated method in sun.misc.Unsafe has been called
WARNING: sun.misc.Unsafe::objectFieldOffset has been called by org.openjdk.jmh.util.Utils (file:/opt/bench/main/jmh-core-1.37.jar)
WARNING: Please consider reporting this to the maintainers of class org.openjdk.jmh.util.Utils
WARNING: sun.misc.Unsafe::objectFieldOffset will be removed in a future release
# Warmup Iteration   1: Sep 29, 2026 11:37:35 PM org.apache.lucene.internal.vectorization.VectorizationProvider lookup
WARNING: Java vector incubator module is not readable. For optimal vector performance, pass '--add-modules jdk.incubator.vector' to enable Vector API.
0.051 ops/ms
# Warmup Iteration   2: 0.051 ops/ms
Iteration   1: 0.053 ops/ms
Iteration   2: 0.053 ops/ms
Iteration   3: 0.054 ops/ms

# Run progress: 45.83% complete, ETA 00:02:54
# Fork: 2 of 2
WARNING: A terminally deprecated method in sun.misc.Unsafe has been called
WARNING: sun.misc.Unsafe::objectFieldOffset has been called by org.openjdk.jmh.util.Utils (file:/opt/bench/main/jmh-core-1.37.jar)
WARNING: Please consider reporting this to the maintainers of class org.openjdk.jmh.util.Utils
WARNING: sun.misc.Unsafe::objectFieldOffset will be removed in a future release
# Warmup Iteration   1: Sep 29, 2026 11:37:48 PM org.apache.lucene.internal.vectorization.VectorizationProvider lookup
WARNING: Java vector incubator module is not readable. For optimal vector performance, pass '--add-modules jdk.incubator.vector' to enable Vector API.
0.054 ops/ms
# Warmup Iteration   2: 0.056 ops/ms
Iteration   1: 0.056 ops/ms
Iteration   2: 0.058 ops/ms
Iteration   3: 0.057 ops/ms


Result "org.apache.lucene.benchmark.jmh.StoredFieldsPrefetchBenchmark.retrieveNoPrefetch_T01":
  0.055 ±(99.9%) 0.006 ops/ms [Average]
  (min, avg, max) = (0.053, 0.055, 0.058), stdev = 0.002
  CI (99.9%): [0.049, 0.061] (assumes normal distribution)


# JMH version: 1.37
# VM version: JDK 25.0.4.1, OpenJDK 64-Bit Server VM, 25.0.4.1+1-LTS
# VM invoker: /opt/jdk-25/bin/java
# VM options: --enable-native-access=ALL-UNNAMED -Xms2g -Xmx2g -Dbench.indexPath=/data/sf-index-10223616 -Dbench.numDocs=10223616 -Dbench.docSizeBytes=4096 -Dbench.readAdvice=RANDOM -Dbench.prefetchWindow=16 -Dbench.dropPageCache=false
# Blackhole mode: compiler (auto-detected, use -Djmh.blackhole.autoDetect=false to disable)
# Warmup: 2 iterations, 2 s each
# Measurement: 3 iterations, 3 s each
# Timeout: 10 min per iteration
# Threads: 8 threads, will synchronize iterations
# Benchmark mode: Throughput, ops/time
# Benchmark: org.apache.lucene.benchmark.jmh.StoredFieldsPrefetchBenchmark.retrieveNoPrefetch_T08
# Parameters: (topK = 10)

# Run progress: 50.00% complete, ETA 00:02:41
# Fork: 1 of 2
WARNING: A terminally deprecated method in sun.misc.Unsafe has been called
WARNING: sun.misc.Unsafe::objectFieldOffset has been called by org.openjdk.jmh.util.Utils (file:/opt/bench/main/jmh-core-1.37.jar)
WARNING: Please consider reporting this to the maintainers of class org.openjdk.jmh.util.Utils
WARNING: sun.misc.Unsafe::objectFieldOffset will be removed in a future release
# Warmup Iteration   1: Sep 29, 2026 11:38:02 PM org.apache.lucene.internal.vectorization.VectorizationProvider lookup
WARNING: Java vector incubator module is not readable. For optimal vector performance, pass '--add-modules jdk.incubator.vector' to enable Vector API.
4.142 ops/ms
# Warmup Iteration   2: 4.140 ops/ms
Iteration   1: 4.283 ops/ms
Iteration   2: 4.658 ops/ms
Iteration   3: 4.719 ops/ms

# Run progress: 54.17% complete, ETA 00:02:28
# Fork: 2 of 2
WARNING: A terminally deprecated method in sun.misc.Unsafe has been called
WARNING: sun.misc.Unsafe::objectFieldOffset has been called by org.openjdk.jmh.util.Utils (file:/opt/bench/main/jmh-core-1.37.jar)
WARNING: Please consider reporting this to the maintainers of class org.openjdk.jmh.util.Utils
WARNING: sun.misc.Unsafe::objectFieldOffset will be removed in a future release
# Warmup Iteration   1: Sep 29, 2026 11:38:16 PM org.apache.lucene.internal.vectorization.VectorizationProvider lookup
WARNING: Java vector incubator module is not readable. For optimal vector performance, pass '--add-modules jdk.incubator.vector' to enable Vector API.
4.703 ops/ms
# Warmup Iteration   2: 3.925 ops/ms
Iteration   1: 3.185 ops/ms
Iteration   2: 3.508 ops/ms
Iteration   3: 3.790 ops/ms


Result "org.apache.lucene.benchmark.jmh.StoredFieldsPrefetchBenchmark.retrieveNoPrefetch_T08":
  4.024 ±(99.9%) 1.763 ops/ms [Average]
  (min, avg, max) = (3.185, 4.024, 4.719), stdev = 0.629
  CI (99.9%): [2.261, 5.787] (assumes normal distribution)


# JMH version: 1.37
# VM version: JDK 25.0.4.1, OpenJDK 64-Bit Server VM, 25.0.4.1+1-LTS
# VM invoker: /opt/jdk-25/bin/java
# VM options: --enable-native-access=ALL-UNNAMED -Xms2g -Xmx2g -Dbench.indexPath=/data/sf-index-10223616 -Dbench.numDocs=10223616 -Dbench.docSizeBytes=4096 -Dbench.readAdvice=RANDOM -Dbench.prefetchWindow=16 -Dbench.dropPageCache=false
# Blackhole mode: compiler (auto-detected, use -Djmh.blackhole.autoDetect=false to disable)
# Warmup: 2 iterations, 2 s each
# Measurement: 3 iterations, 3 s each
# Timeout: 10 min per iteration
# Threads: 8 threads, will synchronize iterations
# Benchmark mode: Throughput, ops/time
# Benchmark: org.apache.lucene.benchmark.jmh.StoredFieldsPrefetchBenchmark.retrieveNoPrefetch_T08
# Parameters: (topK = 100)

# Run progress: 58.33% complete, ETA 00:02:15
# Fork: 1 of 2
WARNING: A terminally deprecated method in sun.misc.Unsafe has been called
WARNING: sun.misc.Unsafe::objectFieldOffset has been called by org.openjdk.jmh.util.Utils (file:/opt/bench/main/jmh-core-1.37.jar)
WARNING: Please consider reporting this to the maintainers of class org.openjdk.jmh.util.Utils
WARNING: sun.misc.Unsafe::objectFieldOffset will be removed in a future release
# Warmup Iteration   1: Sep 29, 2026 11:38:31 PM org.apache.lucene.internal.vectorization.VectorizationProvider lookup
WARNING: Java vector incubator module is not readable. For optimal vector performance, pass '--add-modules jdk.incubator.vector' to enable Vector API.
0.391 ops/ms
# Warmup Iteration   2: 0.395 ops/ms
Iteration   1: 0.351 ops/ms
Iteration   2: 0.378 ops/ms
Iteration   3: 0.413 ops/ms

# Run progress: 62.50% complete, ETA 00:02:02
# Fork: 2 of 2
WARNING: A terminally deprecated method in sun.misc.Unsafe has been called
WARNING: sun.misc.Unsafe::objectFieldOffset has been called by org.openjdk.jmh.util.Utils (file:/opt/bench/main/jmh-core-1.37.jar)
WARNING: Please consider reporting this to the maintainers of class org.openjdk.jmh.util.Utils
WARNING: sun.misc.Unsafe::objectFieldOffset will be removed in a future release
# Warmup Iteration   1: Sep 29, 2026 11:38:45 PM org.apache.lucene.internal.vectorization.VectorizationProvider lookup
WARNING: Java vector incubator module is not readable. For optimal vector performance, pass '--add-modules jdk.incubator.vector' to enable Vector API.
0.444 ops/ms
# Warmup Iteration   2: 0.470 ops/ms
Iteration   1: 0.493 ops/ms
Iteration   2: 0.505 ops/ms
Iteration   3: 0.494 ops/ms


Result "org.apache.lucene.benchmark.jmh.StoredFieldsPrefetchBenchmark.retrieveNoPrefetch_T08":
  0.439 ±(99.9%) 0.188 ops/ms [Average]
  (min, avg, max) = (0.351, 0.439, 0.505), stdev = 0.067
  CI (99.9%): [0.251, 0.627] (assumes normal distribution)


# JMH version: 1.37
# VM version: JDK 25.0.4.1, OpenJDK 64-Bit Server VM, 25.0.4.1+1-LTS
# VM invoker: /opt/jdk-25/bin/java
# VM options: --enable-native-access=ALL-UNNAMED -Xms2g -Xmx2g -Dbench.indexPath=/data/sf-index-10223616 -Dbench.numDocs=10223616 -Dbench.docSizeBytes=4096 -Dbench.readAdvice=RANDOM -Dbench.prefetchWindow=16 -Dbench.dropPageCache=false
# Blackhole mode: compiler (auto-detected, use -Djmh.blackhole.autoDetect=false to disable)
# Warmup: 2 iterations, 2 s each
# Measurement: 3 iterations, 3 s each
# Timeout: 10 min per iteration
# Threads: 1 thread, will synchronize iterations
# Benchmark mode: Throughput, ops/time
# Benchmark: org.apache.lucene.benchmark.jmh.StoredFieldsPrefetchBenchmark.retrievePrefetchThenRead_T01
# Parameters: (topK = 10)

# Run progress: 66.67% complete, ETA 00:01:49
# Fork: 1 of 2
WARNING: A terminally deprecated method in sun.misc.Unsafe has been called
WARNING: sun.misc.Unsafe::objectFieldOffset has been called by org.openjdk.jmh.util.Utils (file:/opt/bench/main/jmh-core-1.37.jar)
WARNING: Please consider reporting this to the maintainers of class org.openjdk.jmh.util.Utils
WARNING: sun.misc.Unsafe::objectFieldOffset will be removed in a future release
# Warmup Iteration   1: Sep 29, 2026 11:39:00 PM org.apache.lucene.internal.vectorization.VectorizationProvider lookup
WARNING: Java vector incubator module is not readable. For optimal vector performance, pass '--add-modules jdk.incubator.vector' to enable Vector API.
1.595 ops/ms
# Warmup Iteration   2: 1.124 ops/ms
Iteration   1: 1.338 ops/ms
Iteration   2: 1.356 ops/ms
Iteration   3: 1.295 ops/ms

# Run progress: 70.83% complete, ETA 00:01:35
# Fork: 2 of 2
WARNING: A terminally deprecated method in sun.misc.Unsafe has been called
WARNING: sun.misc.Unsafe::objectFieldOffset has been called by org.openjdk.jmh.util.Utils (file:/opt/bench/main/jmh-core-1.37.jar)
WARNING: Please consider reporting this to the maintainers of class org.openjdk.jmh.util.Utils
WARNING: sun.misc.Unsafe::objectFieldOffset will be removed in a future release
# Warmup Iteration   1: Sep 29, 2026 11:39:13 PM org.apache.lucene.internal.vectorization.VectorizationProvider lookup
WARNING: Java vector incubator module is not readable. For optimal vector performance, pass '--add-modules jdk.incubator.vector' to enable Vector API.
0.851 ops/ms
# Warmup Iteration   2: 0.708 ops/ms
Iteration   1: 0.691 ops/ms
Iteration   2: 0.717 ops/ms
Iteration   3: 0.706 ops/ms


Result "org.apache.lucene.benchmark.jmh.StoredFieldsPrefetchBenchmark.retrievePrefetchThenRead_T01":
  1.017 ±(99.9%) 0.961 ops/ms [Average]
  (min, avg, max) = (0.691, 1.017, 1.356), stdev = 0.343
  CI (99.9%): [0.056, 1.979] (assumes normal distribution)


# JMH version: 1.37
# VM version: JDK 25.0.4.1, OpenJDK 64-Bit Server VM, 25.0.4.1+1-LTS
# VM invoker: /opt/jdk-25/bin/java
# VM options: --enable-native-access=ALL-UNNAMED -Xms2g -Xmx2g -Dbench.indexPath=/data/sf-index-10223616 -Dbench.numDocs=10223616 -Dbench.docSizeBytes=4096 -Dbench.readAdvice=RANDOM -Dbench.prefetchWindow=16 -Dbench.dropPageCache=false
# Blackhole mode: compiler (auto-detected, use -Djmh.blackhole.autoDetect=false to disable)
# Warmup: 2 iterations, 2 s each
# Measurement: 3 iterations, 3 s each
# Timeout: 10 min per iteration
# Threads: 1 thread, will synchronize iterations
# Benchmark mode: Throughput, ops/time
# Benchmark: org.apache.lucene.benchmark.jmh.StoredFieldsPrefetchBenchmark.retrievePrefetchThenRead_T01
# Parameters: (topK = 100)

# Run progress: 75.00% complete, ETA 00:01:22
# Fork: 1 of 2
WARNING: A terminally deprecated method in sun.misc.Unsafe has been called
WARNING: sun.misc.Unsafe::objectFieldOffset has been called by org.openjdk.jmh.util.Utils (file:/opt/bench/main/jmh-core-1.37.jar)
WARNING: Please consider reporting this to the maintainers of class org.openjdk.jmh.util.Utils
WARNING: sun.misc.Unsafe::objectFieldOffset will be removed in a future release
# Warmup Iteration   1: Sep 29, 2026 11:39:27 PM org.apache.lucene.internal.vectorization.VectorizationProvider lookup
WARNING: Java vector incubator module is not readable. For optimal vector performance, pass '--add-modules jdk.incubator.vector' to enable Vector API.
0.130 ops/ms
# Warmup Iteration   2: 0.121 ops/ms
Iteration   1: 0.106 ops/ms
Iteration   2: 0.093 ops/ms
Iteration   3: 0.090 ops/ms

# Run progress: 79.17% complete, ETA 00:01:08
# Fork: 2 of 2
WARNING: A terminally deprecated method in sun.misc.Unsafe has been called
WARNING: sun.misc.Unsafe::objectFieldOffset has been called by org.openjdk.jmh.util.Utils (file:/opt/bench/main/jmh-core-1.37.jar)
WARNING: Please consider reporting this to the maintainers of class org.openjdk.jmh.util.Utils
WARNING: sun.misc.Unsafe::objectFieldOffset will be removed in a future release
# Warmup Iteration   1: Sep 29, 2026 11:39:41 PM org.apache.lucene.internal.vectorization.VectorizationProvider lookup
WARNING: Java vector incubator module is not readable. For optimal vector performance, pass '--add-modules jdk.incubator.vector' to enable Vector API.
0.110 ops/ms
# Warmup Iteration   2: 0.104 ops/ms
Iteration   1: 0.118 ops/ms
Iteration   2: 0.080 ops/ms
Iteration   3: 0.113 ops/ms


Result "org.apache.lucene.benchmark.jmh.StoredFieldsPrefetchBenchmark.retrievePrefetchThenRead_T01":
  0.100 ±(99.9%) 0.042 ops/ms [Average]
  (min, avg, max) = (0.080, 0.100, 0.118), stdev = 0.015
  CI (99.9%): [0.058, 0.142] (assumes normal distribution)


# JMH version: 1.37
# VM version: JDK 25.0.4.1, OpenJDK 64-Bit Server VM, 25.0.4.1+1-LTS
# VM invoker: /opt/jdk-25/bin/java
# VM options: --enable-native-access=ALL-UNNAMED -Xms2g -Xmx2g -Dbench.indexPath=/data/sf-index-10223616 -Dbench.numDocs=10223616 -Dbench.docSizeBytes=4096 -Dbench.readAdvice=RANDOM -Dbench.prefetchWindow=16 -Dbench.dropPageCache=false
# Blackhole mode: compiler (auto-detected, use -Djmh.blackhole.autoDetect=false to disable)
# Warmup: 2 iterations, 2 s each
# Measurement: 3 iterations, 3 s each
# Timeout: 10 min per iteration
# Threads: 8 threads, will synchronize iterations
# Benchmark mode: Throughput, ops/time
# Benchmark: org.apache.lucene.benchmark.jmh.StoredFieldsPrefetchBenchmark.retrievePrefetchThenRead_T08
# Parameters: (topK = 10)

# Run progress: 83.33% complete, ETA 00:00:54
# Fork: 1 of 2
WARNING: A terminally deprecated method in sun.misc.Unsafe has been called
WARNING: sun.misc.Unsafe::objectFieldOffset has been called by org.openjdk.jmh.util.Utils (file:/opt/bench/main/jmh-core-1.37.jar)
WARNING: Please consider reporting this to the maintainers of class org.openjdk.jmh.util.Utils
WARNING: sun.misc.Unsafe::objectFieldOffset will be removed in a future release
# Warmup Iteration   1: Sep 29, 2026 11:39:54 PM org.apache.lucene.internal.vectorization.VectorizationProvider lookup
WARNING: Java vector incubator module is not readable. For optimal vector performance, pass '--add-modules jdk.incubator.vector' to enable Vector API.
6.162 ops/ms
# Warmup Iteration   2: 5.437 ops/ms
Iteration   1: 5.451 ops/ms
Iteration   2: 4.439 ops/ms
Iteration   3: 4.521 ops/ms

# Run progress: 87.50% complete, ETA 00:00:41
# Fork: 2 of 2
WARNING: A terminally deprecated method in sun.misc.Unsafe has been called
WARNING: sun.misc.Unsafe::objectFieldOffset has been called by org.openjdk.jmh.util.Utils (file:/opt/bench/main/jmh-core-1.37.jar)
WARNING: Please consider reporting this to the maintainers of class org.openjdk.jmh.util.Utils
WARNING: sun.misc.Unsafe::objectFieldOffset will be removed in a future release
# Warmup Iteration   1: Sep 29, 2026 11:40:09 PM org.apache.lucene.internal.vectorization.VectorizationProvider lookup
WARNING: Java vector incubator module is not readable. For optimal vector performance, pass '--add-modules jdk.incubator.vector' to enable Vector API.
6.358 ops/ms
# Warmup Iteration   2: 3.480 ops/ms
Iteration   1: 4.554 ops/ms
Iteration   2: 5.586 ops/ms
Iteration   3: 6.030 ops/ms


Result "org.apache.lucene.benchmark.jmh.StoredFieldsPrefetchBenchmark.retrievePrefetchThenRead_T08":
  5.097 ±(99.9%) 1.900 ops/ms [Average]
  (min, avg, max) = (4.439, 5.097, 6.030), stdev = 0.677
  CI (99.9%): [3.197, 6.997] (assumes normal distribution)


# JMH version: 1.37
# VM version: JDK 25.0.4.1, OpenJDK 64-Bit Server VM, 25.0.4.1+1-LTS
# VM invoker: /opt/jdk-25/bin/java
# VM options: --enable-native-access=ALL-UNNAMED -Xms2g -Xmx2g -Dbench.indexPath=/data/sf-index-10223616 -Dbench.numDocs=10223616 -Dbench.docSizeBytes=4096 -Dbench.readAdvice=RANDOM -Dbench.prefetchWindow=16 -Dbench.dropPageCache=false
# Blackhole mode: compiler (auto-detected, use -Djmh.blackhole.autoDetect=false to disable)
# Warmup: 2 iterations, 2 s each
# Measurement: 3 iterations, 3 s each
# Timeout: 10 min per iteration
# Threads: 8 threads, will synchronize iterations
# Benchmark mode: Throughput, ops/time
# Benchmark: org.apache.lucene.benchmark.jmh.StoredFieldsPrefetchBenchmark.retrievePrefetchThenRead_T08
# Parameters: (topK = 100)

# Run progress: 91.67% complete, ETA 00:00:27
# Fork: 1 of 2
WARNING: A terminally deprecated method in sun.misc.Unsafe has been called
WARNING: sun.misc.Unsafe::objectFieldOffset has been called by org.openjdk.jmh.util.Utils (file:/opt/bench/main/jmh-core-1.37.jar)
WARNING: Please consider reporting this to the maintainers of class org.openjdk.jmh.util.Utils
WARNING: sun.misc.Unsafe::objectFieldOffset will be removed in a future release
# Warmup Iteration   1: Sep 29, 2026 11:40:23 PM org.apache.lucene.internal.vectorization.VectorizationProvider lookup
WARNING: Java vector incubator module is not readable. For optimal vector performance, pass '--add-modules jdk.incubator.vector' to enable Vector API.
0.565 ops/ms
# Warmup Iteration   2: 0.361 ops/ms
Iteration   1: 0.723 ops/ms
Iteration   2: 0.723 ops/ms
Iteration   3: 0.663 ops/ms

# Run progress: 95.83% complete, ETA 00:00:13
# Fork: 2 of 2
WARNING: A terminally deprecated method in sun.misc.Unsafe has been called
WARNING: sun.misc.Unsafe::objectFieldOffset has been called by org.openjdk.jmh.util.Utils (file:/opt/bench/main/jmh-core-1.37.jar)
WARNING: Please consider reporting this to the maintainers of class org.openjdk.jmh.util.Utils
WARNING: sun.misc.Unsafe::objectFieldOffset will be removed in a future release
# Warmup Iteration   1: Sep 29, 2026 11:40:38 PM org.apache.lucene.internal.vectorization.VectorizationProvider lookup
WARNING: Java vector incubator module is not readable. For optimal vector performance, pass '--add-modules jdk.incubator.vector' to enable Vector API.
0.678 ops/ms
# Warmup Iteration   2: 0.452 ops/ms
Iteration   1: 0.550 ops/ms
Iteration   2: 0.482 ops/ms
Iteration   3: 0.427 ops/ms


Result "org.apache.lucene.benchmark.jmh.StoredFieldsPrefetchBenchmark.retrievePrefetchThenRead_T08":
  0.595 ±(99.9%) 0.355 ops/ms [Average]
  (min, avg, max) = (0.427, 0.595, 0.723), stdev = 0.127
  CI (99.9%): [0.240, 0.950] (assumes normal distribution)


# Run complete. Total time: 00:05:31

REMEMBER: The numbers below are just data. To gain reusable insights, you need to follow up on
why the numbers are the way they are. Use profilers (see -prof, -lprof), design factorial
experiments, perform baseline and negative tests that provide experimental control, make sure
the benchmarking environment is safe on JVM/OS/HW level, ask for reviews from the domain experts.
Do not assume the numbers tell you what you want them to tell.

NOTE: Current JVM experimentally supports Compiler Blackholes, and they are in use. Please exercise
extra caution when trusting the results, look into the generated code to check the benchmark still
works, and factor in a small probability of new VM bugs. Additionally, while comparisons between
different JVMs are already problematic, the performance difference caused by different Blackhole
modes can be very significant. Please make sure you use the consistent Blackhole mode for comparisons.

Benchmark                                                   (topK)   Mode  Cnt     Score     Error   Units
StoredFieldsPrefetchBenchmark.prefetchOnly_T01                  10  thrpt    6   367.928 ±  96.028  ops/ms
StoredFieldsPrefetchBenchmark.prefetchOnly_T01                 100  thrpt    6    39.986 ±   0.308  ops/ms
StoredFieldsPrefetchBenchmark.prefetchOnly_T08                  10  thrpt    6  2179.849 ± 145.312  ops/ms
StoredFieldsPrefetchBenchmark.prefetchOnly_T08                 100  thrpt    6   200.909 ±  19.167  ops/ms
StoredFieldsPrefetchBenchmark.retrieveNoPrefetch_T01            10  thrpt    6     0.511 ±   0.064  ops/ms
StoredFieldsPrefetchBenchmark.retrieveNoPrefetch_T01           100  thrpt    6     0.055 ±   0.006  ops/ms
StoredFieldsPrefetchBenchmark.retrieveNoPrefetch_T08            10  thrpt    6     4.024 ±   1.763  ops/ms
StoredFieldsPrefetchBenchmark.retrieveNoPrefetch_T08           100  thrpt    6     0.439 ±   0.188  ops/ms
StoredFieldsPrefetchBenchmark.retrievePrefetchThenRead_T01      10  thrpt    6     1.017 ±   0.961  ops/ms
StoredFieldsPrefetchBenchmark.retrievePrefetchThenRead_T01     100  thrpt    6     0.100 ±   0.042  ops/ms
StoredFieldsPrefetchBenchmark.retrievePrefetchThenRead_T08      10  thrpt    6     5.097 ±   1.900  ops/ms
StoredFieldsPrefetchBenchmark.retrievePrefetchThenRead_T08     100  thrpt    6     0.595 ±   0.355  ops/ms

Benchmark result is saved to /opt/bench/results/main-pressure-storedfields.json
== done main / pressure  2026-09-29T23:40:52Z
== branch / pressure  ram=31G file=39936MB sfDocs=10223616 drop=false  2026-09-29T23:40:52Z
   jar=/opt/bench/branch/lucene-benchmark-jmh-11.0.0-SNAPSHOT.jar
openjdk version "25.0.4.1" 2026-08-18 LTS
   priming: drop caches, sequential read of /data/pread-bench-39936mb.dat
WARNING: A terminally deprecated method in sun.misc.Unsafe has been called
WARNING: sun.misc.Unsafe::objectFieldOffset has been called by org.openjdk.jmh.util.Utils (file:/opt/bench/branch/jmh-core-1.37.jar)
WARNING: Please consider reporting this to the maintainers of class org.openjdk.jmh.util.Utils
WARNING: sun.misc.Unsafe::objectFieldOffset will be removed in a future release
# JMH version: 1.37
# VM version: JDK 25.0.4.1, OpenJDK 64-Bit Server VM, 25.0.4.1+1-LTS
# VM invoker: /opt/jdk-25/bin/java
# VM options: --enable-native-access=ALL-UNNAMED -Xms2g -Xmx2g -Dbench.file=/data/pread-bench-39936mb.dat -Dbench.fileSizeMB=39936 -Dbench.dropPageCache=false
# Blackhole mode: compiler (auto-detected, use -Djmh.blackhole.autoDetect=false to disable)
# Warmup: 2 iterations, 3 s each
# Measurement: 3 iterations, 5 s each
# Timeout: 10 min per iteration
# Threads: 1 thread, will synchronize iterations
# Benchmark mode: Throughput, ops/time
# Benchmark: org.apache.lucene.benchmark.jmh.RandomReadIOBenchmark.mmapBatchedPrefetch_T01
# Parameters: (readSize = 16384, readsPerOp = 16)

# Run progress: 0.00% complete, ETA 00:11:12
# Fork: 1 of 2
WARNING: A terminally deprecated method in sun.misc.Unsafe has been called
WARNING: sun.misc.Unsafe::objectFieldOffset has been called by org.openjdk.jmh.util.Utils (file:/opt/bench/branch/jmh-core-1.37.jar)
WARNING: Please consider reporting this to the maintainers of class org.openjdk.jmh.util.Utils
WARNING: sun.misc.Unsafe::objectFieldOffset will be removed in a future release
# Warmup Iteration   1: 3.879 ops/ms
# Warmup Iteration   2: 3.954 ops/ms
Iteration   1: 4.028 ops/ms
Iteration   2: 4.057 ops/ms
Iteration   3: 3.733 ops/ms

# Run progress: 3.13% complete, ETA 00:11:18
# Fork: 2 of 2
WARNING: A terminally deprecated method in sun.misc.Unsafe has been called
WARNING: sun.misc.Unsafe::objectFieldOffset has been called by org.openjdk.jmh.util.Utils (file:/opt/bench/branch/jmh-core-1.37.jar)
WARNING: Please consider reporting this to the maintainers of class org.openjdk.jmh.util.Utils
WARNING: sun.misc.Unsafe::objectFieldOffset will be removed in a future release
# Warmup Iteration   1: 3.814 ops/ms
# Warmup Iteration   2: 3.942 ops/ms
Iteration   1: 4.013 ops/ms
Iteration   2: 4.042 ops/ms
Iteration   3: 3.963 ops/ms


Result "org.apache.lucene.benchmark.jmh.RandomReadIOBenchmark.mmapBatchedPrefetch_T01":
  3.973 ±(99.9%) 0.341 ops/ms [Average]
  (min, avg, max) = (3.733, 3.973, 4.057), stdev = 0.122
  CI (99.9%): [3.632, 4.314] (assumes normal distribution)


# JMH version: 1.37
# VM version: JDK 25.0.4.1, OpenJDK 64-Bit Server VM, 25.0.4.1+1-LTS
# VM invoker: /opt/jdk-25/bin/java
# VM options: --enable-native-access=ALL-UNNAMED -Xms2g -Xmx2g -Dbench.file=/data/pread-bench-39936mb.dat -Dbench.fileSizeMB=39936 -Dbench.dropPageCache=false
# Blackhole mode: compiler (auto-detected, use -Djmh.blackhole.autoDetect=false to disable)
# Warmup: 2 iterations, 3 s each
# Measurement: 3 iterations, 5 s each
# Timeout: 10 min per iteration
# Threads: 4 threads, will synchronize iterations
# Benchmark mode: Throughput, ops/time
# Benchmark: org.apache.lucene.benchmark.jmh.RandomReadIOBenchmark.mmapBatchedPrefetch_T04
# Parameters: (readSize = 16384, readsPerOp = 16)

# Run progress: 6.25% complete, ETA 00:10:56
# Fork: 1 of 2
WARNING: A terminally deprecated method in sun.misc.Unsafe has been called
WARNING: sun.misc.Unsafe::objectFieldOffset has been called by org.openjdk.jmh.util.Utils (file:/opt/bench/branch/jmh-core-1.37.jar)
WARNING: Please consider reporting this to the maintainers of class org.openjdk.jmh.util.Utils
WARNING: sun.misc.Unsafe::objectFieldOffset will be removed in a future release
# Warmup Iteration   1: 13.466 ops/ms
# Warmup Iteration   2: 13.644 ops/ms
Iteration   1: 13.817 ops/ms
Iteration   2: 13.394 ops/ms
Iteration   3: 13.181 ops/ms

# Run progress: 9.38% complete, ETA 00:10:42
# Fork: 2 of 2
WARNING: A terminally deprecated method in sun.misc.Unsafe has been called
WARNING: sun.misc.Unsafe::objectFieldOffset has been called by org.openjdk.jmh.util.Utils (file:/opt/bench/branch/jmh-core-1.37.jar)
WARNING: Please consider reporting this to the maintainers of class org.openjdk.jmh.util.Utils
WARNING: sun.misc.Unsafe::objectFieldOffset will be removed in a future release
# Warmup Iteration   1: 13.298 ops/ms
# Warmup Iteration   2: 13.192 ops/ms
Iteration   1: 13.508 ops/ms
Iteration   2: 13.424 ops/ms
Iteration   3: 12.945 ops/ms


Result "org.apache.lucene.benchmark.jmh.RandomReadIOBenchmark.mmapBatchedPrefetch_T04":
  13.378 ±(99.9%) 0.830 ops/ms [Average]
  (min, avg, max) = (12.945, 13.378, 13.817), stdev = 0.296
  CI (99.9%): [12.549, 14.208] (assumes normal distribution)


# JMH version: 1.37
# VM version: JDK 25.0.4.1, OpenJDK 64-Bit Server VM, 25.0.4.1+1-LTS
# VM invoker: /opt/jdk-25/bin/java
# VM options: --enable-native-access=ALL-UNNAMED -Xms2g -Xmx2g -Dbench.file=/data/pread-bench-39936mb.dat -Dbench.fileSizeMB=39936 -Dbench.dropPageCache=false
# Blackhole mode: compiler (auto-detected, use -Djmh.blackhole.autoDetect=false to disable)
# Warmup: 2 iterations, 3 s each
# Measurement: 3 iterations, 5 s each
# Timeout: 10 min per iteration
# Threads: 8 threads, will synchronize iterations
# Benchmark mode: Throughput, ops/time
# Benchmark: org.apache.lucene.benchmark.jmh.RandomReadIOBenchmark.mmapBatchedPrefetch_T08
# Parameters: (readSize = 16384, readsPerOp = 16)

# Run progress: 12.50% complete, ETA 00:10:23
# Fork: 1 of 2
WARNING: A terminally deprecated method in sun.misc.Unsafe has been called
WARNING: sun.misc.Unsafe::objectFieldOffset has been called by org.openjdk.jmh.util.Utils (file:/opt/bench/branch/jmh-core-1.37.jar)
WARNING: Please consider reporting this to the maintainers of class org.openjdk.jmh.util.Utils
WARNING: sun.misc.Unsafe::objectFieldOffset will be removed in a future release
# Warmup Iteration   1: 19.933 ops/ms
# Warmup Iteration   2: 19.797 ops/ms
Iteration   1: 19.564 ops/ms
Iteration   2: 19.437 ops/ms
Iteration   3: 19.324 ops/ms

# Run progress: 15.63% complete, ETA 00:10:14
# Fork: 2 of 2
WARNING: A terminally deprecated method in sun.misc.Unsafe has been called
WARNING: sun.misc.Unsafe::objectFieldOffset has been called by org.openjdk.jmh.util.Utils (file:/opt/bench/branch/jmh-core-1.37.jar)
WARNING: Please consider reporting this to the maintainers of class org.openjdk.jmh.util.Utils
WARNING: sun.misc.Unsafe::objectFieldOffset will be removed in a future release
# Warmup Iteration   1: 19.669 ops/ms
# Warmup Iteration   2: 19.936 ops/ms
Iteration   1: 19.578 ops/ms
Iteration   2: 19.392 ops/ms
Iteration   3: 19.742 ops/ms


Result "org.apache.lucene.benchmark.jmh.RandomReadIOBenchmark.mmapBatchedPrefetch_T08":
  19.507 ±(99.9%) 0.426 ops/ms [Average]
  (min, avg, max) = (19.324, 19.507, 19.742), stdev = 0.152
  CI (99.9%): [19.081, 19.932] (assumes normal distribution)


# JMH version: 1.37
# VM version: JDK 25.0.4.1, OpenJDK 64-Bit Server VM, 25.0.4.1+1-LTS
# VM invoker: /opt/jdk-25/bin/java
# VM options: --enable-native-access=ALL-UNNAMED -Xms2g -Xmx2g -Dbench.file=/data/pread-bench-39936mb.dat -Dbench.fileSizeMB=39936 -Dbench.dropPageCache=false
# Blackhole mode: compiler (auto-detected, use -Djmh.blackhole.autoDetect=false to disable)
# Warmup: 2 iterations, 3 s each
# Measurement: 3 iterations, 5 s each
# Timeout: 10 min per iteration
# Threads: 16 threads, will synchronize iterations
# Benchmark mode: Throughput, ops/time
# Benchmark: org.apache.lucene.benchmark.jmh.RandomReadIOBenchmark.mmapBatchedPrefetch_T16
# Parameters: (readSize = 16384, readsPerOp = 16)

# Run progress: 18.75% complete, ETA 00:09:59
# Fork: 1 of 2
WARNING: A terminally deprecated method in sun.misc.Unsafe has been called
WARNING: sun.misc.Unsafe::objectFieldOffset has been called by org.openjdk.jmh.util.Utils (file:/opt/bench/branch/jmh-core-1.37.jar)
WARNING: Please consider reporting this to the maintainers of class org.openjdk.jmh.util.Utils
WARNING: sun.misc.Unsafe::objectFieldOffset will be removed in a future release
# Warmup Iteration   1: 18.857 ops/ms
# Warmup Iteration   2: 20.040 ops/ms
Iteration   1: 18.974 ops/ms
Iteration   2: 19.150 ops/ms
Iteration   3: 19.421 ops/ms

# Run progress: 21.88% complete, ETA 00:09:42
# Fork: 2 of 2
WARNING: A terminally deprecated method in sun.misc.Unsafe has been called
WARNING: sun.misc.Unsafe::objectFieldOffset has been called by org.openjdk.jmh.util.Utils (file:/opt/bench/branch/jmh-core-1.37.jar)
WARNING: Please consider reporting this to the maintainers of class org.openjdk.jmh.util.Utils
WARNING: sun.misc.Unsafe::objectFieldOffset will be removed in a future release
# Warmup Iteration   1: 19.726 ops/ms
# Warmup Iteration   2: 19.705 ops/ms
Iteration   1: 18.587 ops/ms
Iteration   2: 19.692 ops/ms
Iteration   3: 19.203 ops/ms


Result "org.apache.lucene.benchmark.jmh.RandomReadIOBenchmark.mmapBatchedPrefetch_T16":
  19.171 ±(99.9%) 1.061 ops/ms [Average]
  (min, avg, max) = (18.587, 19.171, 19.692), stdev = 0.378
  CI (99.9%): [18.111, 20.232] (assumes normal distribution)


# JMH version: 1.37
# VM version: JDK 25.0.4.1, OpenJDK 64-Bit Server VM, 25.0.4.1+1-LTS
# VM invoker: /opt/jdk-25/bin/java
# VM options: --enable-native-access=ALL-UNNAMED -Xms2g -Xmx2g -Dbench.file=/data/pread-bench-39936mb.dat -Dbench.fileSizeMB=39936 -Dbench.dropPageCache=false
# Blackhole mode: compiler (auto-detected, use -Djmh.blackhole.autoDetect=false to disable)
# Warmup: 2 iterations, 3 s each
# Measurement: 3 iterations, 5 s each
# Timeout: 10 min per iteration
# Threads: 1 thread, will synchronize iterations
# Benchmark mode: Throughput, ops/time
# Benchmark: org.apache.lucene.benchmark.jmh.RandomReadIOBenchmark.mmapRandomBatchedPrefetch_T01
# Parameters: (readSize = 16384, readsPerOp = 16)

# Run progress: 25.00% complete, ETA 00:09:23
# Fork: 1 of 2
WARNING: A terminally deprecated method in sun.misc.Unsafe has been called
WARNING: sun.misc.Unsafe::objectFieldOffset has been called by org.openjdk.jmh.util.Utils (file:/opt/bench/branch/jmh-core-1.37.jar)
WARNING: Please consider reporting this to the maintainers of class org.openjdk.jmh.util.Utils
WARNING: sun.misc.Unsafe::objectFieldOffset will be removed in a future release
# Warmup Iteration   1: 3.584 ops/ms
# Warmup Iteration   2: 3.687 ops/ms
Iteration   1: 3.783 ops/ms
Iteration   2: 3.842 ops/ms
Iteration   3: 3.825 ops/ms

# Run progress: 28.13% complete, ETA 00:08:57
# Fork: 2 of 2
WARNING: A terminally deprecated method in sun.misc.Unsafe has been called
WARNING: sun.misc.Unsafe::objectFieldOffset has been called by org.openjdk.jmh.util.Utils (file:/opt/bench/branch/jmh-core-1.37.jar)
WARNING: Please consider reporting this to the maintainers of class org.openjdk.jmh.util.Utils
WARNING: sun.misc.Unsafe::objectFieldOffset will be removed in a future release
# Warmup Iteration   1: 3.613 ops/ms
# Warmup Iteration   2: 3.679 ops/ms
Iteration   1: 3.751 ops/ms
Iteration   2: 3.798 ops/ms
Iteration   3: 3.852 ops/ms


Result "org.apache.lucene.benchmark.jmh.RandomReadIOBenchmark.mmapRandomBatchedPrefetch_T01":
  3.809 ±(99.9%) 0.107 ops/ms [Average]
  (min, avg, max) = (3.751, 3.809, 3.852), stdev = 0.038
  CI (99.9%): [3.701, 3.916] (assumes normal distribution)


# JMH version: 1.37
# VM version: JDK 25.0.4.1, OpenJDK 64-Bit Server VM, 25.0.4.1+1-LTS
# VM invoker: /opt/jdk-25/bin/java
# VM options: --enable-native-access=ALL-UNNAMED -Xms2g -Xmx2g -Dbench.file=/data/pread-bench-39936mb.dat -Dbench.fileSizeMB=39936 -Dbench.dropPageCache=false
# Blackhole mode: compiler (auto-detected, use -Djmh.blackhole.autoDetect=false to disable)
# Warmup: 2 iterations, 3 s each
# Measurement: 3 iterations, 5 s each
# Timeout: 10 min per iteration
# Threads: 4 threads, will synchronize iterations
# Benchmark mode: Throughput, ops/time
# Benchmark: org.apache.lucene.benchmark.jmh.RandomReadIOBenchmark.mmapRandomBatchedPrefetch_T04
# Parameters: (readSize = 16384, readsPerOp = 16)

# Run progress: 31.25% complete, ETA 00:08:32
# Fork: 1 of 2
WARNING: A terminally deprecated method in sun.misc.Unsafe has been called
WARNING: sun.misc.Unsafe::objectFieldOffset has been called by org.openjdk.jmh.util.Utils (file:/opt/bench/branch/jmh-core-1.37.jar)
WARNING: Please consider reporting this to the maintainers of class org.openjdk.jmh.util.Utils
WARNING: sun.misc.Unsafe::objectFieldOffset will be removed in a future release
# Warmup Iteration   1: 13.035 ops/ms
# Warmup Iteration   2: 13.214 ops/ms
Iteration   1: 13.481 ops/ms
Iteration   2: 13.712 ops/ms
Iteration   3: 13.647 ops/ms

# Run progress: 34.38% complete, ETA 00:08:11
# Fork: 2 of 2
WARNING: A terminally deprecated method in sun.misc.Unsafe has been called
WARNING: sun.misc.Unsafe::objectFieldOffset has been called by org.openjdk.jmh.util.Utils (file:/opt/bench/branch/jmh-core-1.37.jar)
WARNING: Please consider reporting this to the maintainers of class org.openjdk.jmh.util.Utils
WARNING: sun.misc.Unsafe::objectFieldOffset will be removed in a future release
# Warmup Iteration   1: 12.920 ops/ms
# Warmup Iteration   2: 13.361 ops/ms
Iteration   1: 13.777 ops/ms
Iteration   2: 13.616 ops/ms
Iteration   3: 13.654 ops/ms


Result "org.apache.lucene.benchmark.jmh.RandomReadIOBenchmark.mmapRandomBatchedPrefetch_T04":
  13.648 ±(99.9%) 0.279 ops/ms [Average]
  (min, avg, max) = (13.481, 13.648, 13.777), stdev = 0.100
  CI (99.9%): [13.369, 13.928] (assumes normal distribution)


# JMH version: 1.37
# VM version: JDK 25.0.4.1, OpenJDK 64-Bit Server VM, 25.0.4.1+1-LTS
# VM invoker: /opt/jdk-25/bin/java
# VM options: --enable-native-access=ALL-UNNAMED -Xms2g -Xmx2g -Dbench.file=/data/pread-bench-39936mb.dat -Dbench.fileSizeMB=39936 -Dbench.dropPageCache=false
# Blackhole mode: compiler (auto-detected, use -Djmh.blackhole.autoDetect=false to disable)
# Warmup: 2 iterations, 3 s each
# Measurement: 3 iterations, 5 s each
# Timeout: 10 min per iteration
# Threads: 8 threads, will synchronize iterations
# Benchmark mode: Throughput, ops/time
# Benchmark: org.apache.lucene.benchmark.jmh.RandomReadIOBenchmark.mmapRandomBatchedPrefetch_T08
# Parameters: (readSize = 16384, readsPerOp = 16)

# Run progress: 37.50% complete, ETA 00:07:49
# Fork: 1 of 2
WARNING: A terminally deprecated method in sun.misc.Unsafe has been called
WARNING: sun.misc.Unsafe::objectFieldOffset has been called by org.openjdk.jmh.util.Utils (file:/opt/bench/branch/jmh-core-1.37.jar)
WARNING: Please consider reporting this to the maintainers of class org.openjdk.jmh.util.Utils
WARNING: sun.misc.Unsafe::objectFieldOffset will be removed in a future release
# Warmup Iteration   1: 19.780 ops/ms
# Warmup Iteration   2: 19.792 ops/ms
Iteration   1: 17.526 ops/ms
Iteration   2: 15.501 ops/ms
Iteration   3: 19.602 ops/ms

# Run progress: 40.63% complete, ETA 00:07:27
# Fork: 2 of 2
WARNING: A terminally deprecated method in sun.misc.Unsafe has been called
WARNING: sun.misc.Unsafe::objectFieldOffset has been called by org.openjdk.jmh.util.Utils (file:/opt/bench/branch/jmh-core-1.37.jar)
WARNING: Please consider reporting this to the maintainers of class org.openjdk.jmh.util.Utils
WARNING: sun.misc.Unsafe::objectFieldOffset will be removed in a future release
# Warmup Iteration   1: 19.806 ops/ms
# Warmup Iteration   2: 19.750 ops/ms
Iteration   1: 19.666 ops/ms
Iteration   2: 19.602 ops/ms
Iteration   3: 19.608 ops/ms


Result "org.apache.lucene.benchmark.jmh.RandomReadIOBenchmark.mmapRandomBatchedPrefetch_T08":
  18.584 ±(99.9%) 4.843 ops/ms [Average]
  (min, avg, max) = (15.501, 18.584, 19.666), stdev = 1.727
  CI (99.9%): [13.741, 23.427] (assumes normal distribution)


# JMH version: 1.37
# VM version: JDK 25.0.4.1, OpenJDK 64-Bit Server VM, 25.0.4.1+1-LTS
# VM invoker: /opt/jdk-25/bin/java
# VM options: --enable-native-access=ALL-UNNAMED -Xms2g -Xmx2g -Dbench.file=/data/pread-bench-39936mb.dat -Dbench.fileSizeMB=39936 -Dbench.dropPageCache=false
# Blackhole mode: compiler (auto-detected, use -Djmh.blackhole.autoDetect=false to disable)
# Warmup: 2 iterations, 3 s each
# Measurement: 3 iterations, 5 s each
# Timeout: 10 min per iteration
# Threads: 16 threads, will synchronize iterations
# Benchmark mode: Throughput, ops/time
# Benchmark: org.apache.lucene.benchmark.jmh.RandomReadIOBenchmark.mmapRandomBatchedPrefetch_T16
# Parameters: (readSize = 16384, readsPerOp = 16)

# Run progress: 43.75% complete, ETA 00:07:04
# Fork: 1 of 2
WARNING: A terminally deprecated method in sun.misc.Unsafe has been called
WARNING: sun.misc.Unsafe::objectFieldOffset has been called by org.openjdk.jmh.util.Utils (file:/opt/bench/branch/jmh-core-1.37.jar)
WARNING: Please consider reporting this to the maintainers of class org.openjdk.jmh.util.Utils
WARNING: sun.misc.Unsafe::objectFieldOffset will be removed in a future release
# Warmup Iteration   1: 19.859 ops/ms
# Warmup Iteration   2: 19.848 ops/ms
Iteration   1: 19.658 ops/ms
Iteration   2: 19.497 ops/ms
Iteration   3: 19.606 ops/ms

# Run progress: 46.88% complete, ETA 00:06:42
# Fork: 2 of 2
WARNING: A terminally deprecated method in sun.misc.Unsafe has been called
WARNING: sun.misc.Unsafe::objectFieldOffset has been called by org.openjdk.jmh.util.Utils (file:/opt/bench/branch/jmh-core-1.37.jar)
WARNING: Please consider reporting this to the maintainers of class org.openjdk.jmh.util.Utils
WARNING: sun.misc.Unsafe::objectFieldOffset will be removed in a future release
# Warmup Iteration   1: 19.827 ops/ms
# Warmup Iteration   2: 19.800 ops/ms
Iteration   1: 19.604 ops/ms
Iteration   2: 19.569 ops/ms
Iteration   3: 19.555 ops/ms


Result "org.apache.lucene.benchmark.jmh.RandomReadIOBenchmark.mmapRandomBatchedPrefetch_T16":
  19.581 ±(99.9%) 0.153 ops/ms [Average]
  (min, avg, max) = (19.497, 19.581, 19.658), stdev = 0.055
  CI (99.9%): [19.428, 19.735] (assumes normal distribution)


# JMH version: 1.37
# VM version: JDK 25.0.4.1, OpenJDK 64-Bit Server VM, 25.0.4.1+1-LTS
# VM invoker: /opt/jdk-25/bin/java
# VM options: --enable-native-access=ALL-UNNAMED -Xms2g -Xmx2g -Dbench.file=/data/pread-bench-39936mb.dat -Dbench.fileSizeMB=39936 -Dbench.dropPageCache=false
# Blackhole mode: compiler (auto-detected, use -Djmh.blackhole.autoDetect=false to disable)
# Warmup: 2 iterations, 3 s each
# Measurement: 3 iterations, 5 s each
# Timeout: 10 min per iteration
# Threads: 1 thread, will synchronize iterations
# Benchmark mode: Throughput, ops/time
# Benchmark: org.apache.lucene.benchmark.jmh.RandomReadIOBenchmark.mmapRandom_T01
# Parameters: (readSize = 16384, readsPerOp = 16)

# Run progress: 50.00% complete, ETA 00:06:19
# Fork: 1 of 2
WARNING: A terminally deprecated method in sun.misc.Unsafe has been called
WARNING: sun.misc.Unsafe::objectFieldOffset has been called by org.openjdk.jmh.util.Utils (file:/opt/bench/branch/jmh-core-1.37.jar)
WARNING: Please consider reporting this to the maintainers of class org.openjdk.jmh.util.Utils
WARNING: sun.misc.Unsafe::objectFieldOffset will be removed in a future release
# Warmup Iteration   1: 0.393 ops/ms
# Warmup Iteration   2: 0.408 ops/ms
Iteration   1: 0.411 ops/ms
Iteration   2: 0.413 ops/ms
Iteration   3: 0.418 ops/ms

# Run progress: 53.13% complete, ETA 00:05:53
# Fork: 2 of 2
WARNING: A terminally deprecated method in sun.misc.Unsafe has been called
WARNING: sun.misc.Unsafe::objectFieldOffset has been called by org.openjdk.jmh.util.Utils (file:/opt/bench/branch/jmh-core-1.37.jar)
WARNING: Please consider reporting this to the maintainers of class org.openjdk.jmh.util.Utils
WARNING: sun.misc.Unsafe::objectFieldOffset will be removed in a future release
# Warmup Iteration   1: 0.411 ops/ms
# Warmup Iteration   2: 0.408 ops/ms
Iteration   1: 0.407 ops/ms
Iteration   2: 0.416 ops/ms
Iteration   3: 0.422 ops/ms


Result "org.apache.lucene.benchmark.jmh.RandomReadIOBenchmark.mmapRandom_T01":
  0.414 ±(99.9%) 0.015 ops/ms [Average]
  (min, avg, max) = (0.407, 0.414, 0.422), stdev = 0.005
  CI (99.9%): [0.399, 0.429] (assumes normal distribution)


# JMH version: 1.37
# VM version: JDK 25.0.4.1, OpenJDK 64-Bit Server VM, 25.0.4.1+1-LTS
# VM invoker: /opt/jdk-25/bin/java
# VM options: --enable-native-access=ALL-UNNAMED -Xms2g -Xmx2g -Dbench.file=/data/pread-bench-39936mb.dat -Dbench.fileSizeMB=39936 -Dbench.dropPageCache=false
# Blackhole mode: compiler (auto-detected, use -Djmh.blackhole.autoDetect=false to disable)
# Warmup: 2 iterations, 3 s each
# Measurement: 3 iterations, 5 s each
# Timeout: 10 min per iteration
# Threads: 4 threads, will synchronize iterations
# Benchmark mode: Throughput, ops/time
# Benchmark: org.apache.lucene.benchmark.jmh.RandomReadIOBenchmark.mmapRandom_T04
# Parameters: (readSize = 16384, readsPerOp = 16)

# Run progress: 56.25% complete, ETA 00:05:28
# Fork: 1 of 2
WARNING: A terminally deprecated method in sun.misc.Unsafe has been called
WARNING: sun.misc.Unsafe::objectFieldOffset has been called by org.openjdk.jmh.util.Utils (file:/opt/bench/branch/jmh-core-1.37.jar)
WARNING: Please consider reporting this to the maintainers of class org.openjdk.jmh.util.Utils
WARNING: sun.misc.Unsafe::objectFieldOffset will be removed in a future release
# Warmup Iteration   1: 1.580 ops/ms
# Warmup Iteration   2: 1.622 ops/ms
Iteration   1: 1.612 ops/ms
Iteration   2: 1.603 ops/ms
Iteration   3: 1.558 ops/ms

# Run progress: 59.38% complete, ETA 00:05:04
# Fork: 2 of 2
WARNING: A terminally deprecated method in sun.misc.Unsafe has been called
WARNING: sun.misc.Unsafe::objectFieldOffset has been called by org.openjdk.jmh.util.Utils (file:/opt/bench/branch/jmh-core-1.37.jar)
WARNING: Please consider reporting this to the maintainers of class org.openjdk.jmh.util.Utils
WARNING: sun.misc.Unsafe::objectFieldOffset will be removed in a future release
# Warmup Iteration   1: 1.473 ops/ms
# Warmup Iteration   2: 1.521 ops/ms
Iteration   1: 1.520 ops/ms
Iteration   2: 1.516 ops/ms
Iteration   3: 1.536 ops/ms


Result "org.apache.lucene.benchmark.jmh.RandomReadIOBenchmark.mmapRandom_T04":
  1.557 ±(99.9%) 0.116 ops/ms [Average]
  (min, avg, max) = (1.516, 1.557, 1.612), stdev = 0.041
  CI (99.9%): [1.441, 1.674] (assumes normal distribution)


# JMH version: 1.37
# VM version: JDK 25.0.4.1, OpenJDK 64-Bit Server VM, 25.0.4.1+1-LTS
# VM invoker: /opt/jdk-25/bin/java
# VM options: --enable-native-access=ALL-UNNAMED -Xms2g -Xmx2g -Dbench.file=/data/pread-bench-39936mb.dat -Dbench.fileSizeMB=39936 -Dbench.dropPageCache=false
# Blackhole mode: compiler (auto-detected, use -Djmh.blackhole.autoDetect=false to disable)
# Warmup: 2 iterations, 3 s each
# Measurement: 3 iterations, 5 s each
# Timeout: 10 min per iteration
# Threads: 8 threads, will synchronize iterations
# Benchmark mode: Throughput, ops/time
# Benchmark: org.apache.lucene.benchmark.jmh.RandomReadIOBenchmark.mmapRandom_T08
# Parameters: (readSize = 16384, readsPerOp = 16)

# Run progress: 62.50% complete, ETA 00:04:40
# Fork: 1 of 2
WARNING: A terminally deprecated method in sun.misc.Unsafe has been called
WARNING: sun.misc.Unsafe::objectFieldOffset has been called by org.openjdk.jmh.util.Utils (file:/opt/bench/branch/jmh-core-1.37.jar)
WARNING: Please consider reporting this to the maintainers of class org.openjdk.jmh.util.Utils
WARNING: sun.misc.Unsafe::objectFieldOffset will be removed in a future release
# Warmup Iteration   1: 2.716 ops/ms
# Warmup Iteration   2: 2.732 ops/ms
Iteration   1: 2.743 ops/ms
Iteration   2: 2.739 ops/ms
Iteration   3: 2.748 ops/ms

# Run progress: 65.63% complete, ETA 00:04:16
# Fork: 2 of 2
WARNING: A terminally deprecated method in sun.misc.Unsafe has been called
WARNING: sun.misc.Unsafe::objectFieldOffset has been called by org.openjdk.jmh.util.Utils (file:/opt/bench/branch/jmh-core-1.37.jar)
WARNING: Please consider reporting this to the maintainers of class org.openjdk.jmh.util.Utils
WARNING: sun.misc.Unsafe::objectFieldOffset will be removed in a future release
# Warmup Iteration   1: 2.791 ops/ms
# Warmup Iteration   2: 2.896 ops/ms
Iteration   1: 2.849 ops/ms
Iteration   2: 2.736 ops/ms
Iteration   3: 2.721 ops/ms


Result "org.apache.lucene.benchmark.jmh.RandomReadIOBenchmark.mmapRandom_T08":
  2.756 ±(99.9%) 0.131 ops/ms [Average]
  (min, avg, max) = (2.721, 2.756, 2.849), stdev = 0.047
  CI (99.9%): [2.625, 2.887] (assumes normal distribution)


# JMH version: 1.37
# VM version: JDK 25.0.4.1, OpenJDK 64-Bit Server VM, 25.0.4.1+1-LTS
# VM invoker: /opt/jdk-25/bin/java
# VM options: --enable-native-access=ALL-UNNAMED -Xms2g -Xmx2g -Dbench.file=/data/pread-bench-39936mb.dat -Dbench.fileSizeMB=39936 -Dbench.dropPageCache=false
# Blackhole mode: compiler (auto-detected, use -Djmh.blackhole.autoDetect=false to disable)
# Warmup: 2 iterations, 3 s each
# Measurement: 3 iterations, 5 s each
# Timeout: 10 min per iteration
# Threads: 16 threads, will synchronize iterations
# Benchmark mode: Throughput, ops/time
# Benchmark: org.apache.lucene.benchmark.jmh.RandomReadIOBenchmark.mmapRandom_T16
# Parameters: (readSize = 16384, readsPerOp = 16)

# Run progress: 68.75% complete, ETA 00:03:52
# Fork: 1 of 2
WARNING: A terminally deprecated method in sun.misc.Unsafe has been called
WARNING: sun.misc.Unsafe::objectFieldOffset has been called by org.openjdk.jmh.util.Utils (file:/opt/bench/branch/jmh-core-1.37.jar)
WARNING: Please consider reporting this to the maintainers of class org.openjdk.jmh.util.Utils
WARNING: sun.misc.Unsafe::objectFieldOffset will be removed in a future release
# Warmup Iteration   1: 4.905 ops/ms
# Warmup Iteration   2: 5.048 ops/ms
Iteration   1: 5.095 ops/ms
Iteration   2: 5.050 ops/ms
Iteration   3: 5.048 ops/ms

# Run progress: 71.88% complete, ETA 00:03:29
# Fork: 2 of 2
WARNING: A terminally deprecated method in sun.misc.Unsafe has been called
WARNING: sun.misc.Unsafe::objectFieldOffset has been called by org.openjdk.jmh.util.Utils (file:/opt/bench/branch/jmh-core-1.37.jar)
WARNING: Please consider reporting this to the maintainers of class org.openjdk.jmh.util.Utils
WARNING: sun.misc.Unsafe::objectFieldOffset will be removed in a future release
# Warmup Iteration   1: 4.797 ops/ms
# Warmup Iteration   2: 4.839 ops/ms
Iteration   1: 4.856 ops/ms
Iteration   2: 4.881 ops/ms
Iteration   3: 4.859 ops/ms


Result "org.apache.lucene.benchmark.jmh.RandomReadIOBenchmark.mmapRandom_T16":
  4.965 ±(99.9%) 0.311 ops/ms [Average]
  (min, avg, max) = (4.856, 4.965, 5.095), stdev = 0.111
  CI (99.9%): [4.654, 5.276] (assumes normal distribution)


# JMH version: 1.37
# VM version: JDK 25.0.4.1, OpenJDK 64-Bit Server VM, 25.0.4.1+1-LTS
# VM invoker: /opt/jdk-25/bin/java
# VM options: --enable-native-access=ALL-UNNAMED -Xms2g -Xmx2g -Dbench.file=/data/pread-bench-39936mb.dat -Dbench.fileSizeMB=39936 -Dbench.dropPageCache=false
# Blackhole mode: compiler (auto-detected, use -Djmh.blackhole.autoDetect=false to disable)
# Warmup: 2 iterations, 3 s each
# Measurement: 3 iterations, 5 s each
# Timeout: 10 min per iteration
# Threads: 1 thread, will synchronize iterations
# Benchmark mode: Throughput, ops/time
# Benchmark: org.apache.lucene.benchmark.jmh.RandomReadIOBenchmark.mmap_T01
# Parameters: (readSize = 16384, readsPerOp = 16)

# Run progress: 75.00% complete, ETA 00:03:06
# Fork: 1 of 2
WARNING: A terminally deprecated method in sun.misc.Unsafe has been called
WARNING: sun.misc.Unsafe::objectFieldOffset has been called by org.openjdk.jmh.util.Utils (file:/opt/bench/branch/jmh-core-1.37.jar)
WARNING: Please consider reporting this to the maintainers of class org.openjdk.jmh.util.Utils
WARNING: sun.misc.Unsafe::objectFieldOffset will be removed in a future release
# Warmup Iteration   1: 0.685 ops/ms
# Warmup Iteration   2: 0.695 ops/ms
Iteration   1: 0.702 ops/ms
Iteration   2: 0.720 ops/ms
Iteration   3: 0.715 ops/ms

# Run progress: 78.13% complete, ETA 00:02:43
# Fork: 2 of 2
WARNING: A terminally deprecated method in sun.misc.Unsafe has been called
WARNING: sun.misc.Unsafe::objectFieldOffset has been called by org.openjdk.jmh.util.Utils (file:/opt/bench/branch/jmh-core-1.37.jar)
WARNING: Please consider reporting this to the maintainers of class org.openjdk.jmh.util.Utils
WARNING: sun.misc.Unsafe::objectFieldOffset will be removed in a future release
# Warmup Iteration   1: 0.703 ops/ms
# Warmup Iteration   2: 0.721 ops/ms
Iteration   1: 0.721 ops/ms
Iteration   2: 0.736 ops/ms
Iteration   3: 0.746 ops/ms


Result "org.apache.lucene.benchmark.jmh.RandomReadIOBenchmark.mmap_T01":
  0.723 ±(99.9%) 0.044 ops/ms [Average]
  (min, avg, max) = (0.702, 0.723, 0.746), stdev = 0.016
  CI (99.9%): [0.680, 0.767] (assumes normal distribution)


# JMH version: 1.37
# VM version: JDK 25.0.4.1, OpenJDK 64-Bit Server VM, 25.0.4.1+1-LTS
# VM invoker: /opt/jdk-25/bin/java
# VM options: --enable-native-access=ALL-UNNAMED -Xms2g -Xmx2g -Dbench.file=/data/pread-bench-39936mb.dat -Dbench.fileSizeMB=39936 -Dbench.dropPageCache=false
# Blackhole mode: compiler (auto-detected, use -Djmh.blackhole.autoDetect=false to disable)
# Warmup: 2 iterations, 3 s each
# Measurement: 3 iterations, 5 s each
# Timeout: 10 min per iteration
# Threads: 4 threads, will synchronize iterations
# Benchmark mode: Throughput, ops/time
# Benchmark: org.apache.lucene.benchmark.jmh.RandomReadIOBenchmark.mmap_T04
# Parameters: (readSize = 16384, readsPerOp = 16)

# Run progress: 81.25% complete, ETA 00:02:19
# Fork: 1 of 2
WARNING: A terminally deprecated method in sun.misc.Unsafe has been called
WARNING: sun.misc.Unsafe::objectFieldOffset has been called by org.openjdk.jmh.util.Utils (file:/opt/bench/branch/jmh-core-1.37.jar)
WARNING: Please consider reporting this to the maintainers of class org.openjdk.jmh.util.Utils
WARNING: sun.misc.Unsafe::objectFieldOffset will be removed in a future release
# Warmup Iteration   1: 2.782 ops/ms
# Warmup Iteration   2: 2.847 ops/ms
Iteration   1: 3.050 ops/ms
Iteration   2: 3.088 ops/ms
Iteration   3: 2.926 ops/ms

# Run progress: 84.38% complete, ETA 00:01:56
# Fork: 2 of 2
WARNING: A terminally deprecated method in sun.misc.Unsafe has been called
WARNING: sun.misc.Unsafe::objectFieldOffset has been called by org.openjdk.jmh.util.Utils (file:/opt/bench/branch/jmh-core-1.37.jar)
WARNING: Please consider reporting this to the maintainers of class org.openjdk.jmh.util.Utils
WARNING: sun.misc.Unsafe::objectFieldOffset will be removed in a future release
# Warmup Iteration   1: 2.888 ops/ms
# Warmup Iteration   2: 2.975 ops/ms
Iteration   1: 3.016 ops/ms
Iteration   2: 3.125 ops/ms
Iteration   3: 3.097 ops/ms


Result "org.apache.lucene.benchmark.jmh.RandomReadIOBenchmark.mmap_T04":
  3.050 ±(99.9%) 0.202 ops/ms [Average]
  (min, avg, max) = (2.926, 3.050, 3.125), stdev = 0.072
  CI (99.9%): [2.848, 3.252] (assumes normal distribution)


# JMH version: 1.37
# VM version: JDK 25.0.4.1, OpenJDK 64-Bit Server VM, 25.0.4.1+1-LTS
# VM invoker: /opt/jdk-25/bin/java
# VM options: --enable-native-access=ALL-UNNAMED -Xms2g -Xmx2g -Dbench.file=/data/pread-bench-39936mb.dat -Dbench.fileSizeMB=39936 -Dbench.dropPageCache=false
# Blackhole mode: compiler (auto-detected, use -Djmh.blackhole.autoDetect=false to disable)
# Warmup: 2 iterations, 3 s each
# Measurement: 3 iterations, 5 s each
# Timeout: 10 min per iteration
# Threads: 8 threads, will synchronize iterations
# Benchmark mode: Throughput, ops/time
# Benchmark: org.apache.lucene.benchmark.jmh.RandomReadIOBenchmark.mmap_T08
# Parameters: (readSize = 16384, readsPerOp = 16)

# Run progress: 87.50% complete, ETA 00:01:33
# Fork: 1 of 2
WARNING: A terminally deprecated method in sun.misc.Unsafe has been called
WARNING: sun.misc.Unsafe::objectFieldOffset has been called by org.openjdk.jmh.util.Utils (file:/opt/bench/branch/jmh-core-1.37.jar)
WARNING: Please consider reporting this to the maintainers of class org.openjdk.jmh.util.Utils
WARNING: sun.misc.Unsafe::objectFieldOffset will be removed in a future release
# Warmup Iteration   1: 3.822 ops/ms
# Warmup Iteration   2: 3.734 ops/ms
Iteration   1: 3.698 ops/ms
Iteration   2: 3.763 ops/ms
Iteration   3: 3.772 ops/ms

# Run progress: 90.63% complete, ETA 00:01:09
# Fork: 2 of 2
WARNING: A terminally deprecated method in sun.misc.Unsafe has been called
WARNING: sun.misc.Unsafe::objectFieldOffset has been called by org.openjdk.jmh.util.Utils (file:/opt/bench/branch/jmh-core-1.37.jar)
WARNING: Please consider reporting this to the maintainers of class org.openjdk.jmh.util.Utils
WARNING: sun.misc.Unsafe::objectFieldOffset will be removed in a future release
# Warmup Iteration   1: 3.772 ops/ms
# Warmup Iteration   2: 3.708 ops/ms
Iteration   1: 3.758 ops/ms
Iteration   2: 3.774 ops/ms
Iteration   3: 3.837 ops/ms


Result "org.apache.lucene.benchmark.jmh.RandomReadIOBenchmark.mmap_T08":
  3.767 ±(99.9%) 0.125 ops/ms [Average]
  (min, avg, max) = (3.698, 3.767, 3.837), stdev = 0.044
  CI (99.9%): [3.642, 3.892] (assumes normal distribution)


# JMH version: 1.37
# VM version: JDK 25.0.4.1, OpenJDK 64-Bit Server VM, 25.0.4.1+1-LTS
# VM invoker: /opt/jdk-25/bin/java
# VM options: --enable-native-access=ALL-UNNAMED -Xms2g -Xmx2g -Dbench.file=/data/pread-bench-39936mb.dat -Dbench.fileSizeMB=39936 -Dbench.dropPageCache=false
# Blackhole mode: compiler (auto-detected, use -Djmh.blackhole.autoDetect=false to disable)
# Warmup: 2 iterations, 3 s each
# Measurement: 3 iterations, 5 s each
# Timeout: 10 min per iteration
# Threads: 16 threads, will synchronize iterations
# Benchmark mode: Throughput, ops/time
# Benchmark: org.apache.lucene.benchmark.jmh.RandomReadIOBenchmark.mmap_T16
# Parameters: (readSize = 16384, readsPerOp = 16)

# Run progress: 93.75% complete, ETA 00:00:46
# Fork: 1 of 2
WARNING: A terminally deprecated method in sun.misc.Unsafe has been called
WARNING: sun.misc.Unsafe::objectFieldOffset has been called by org.openjdk.jmh.util.Utils (file:/opt/bench/branch/jmh-core-1.37.jar)
WARNING: Please consider reporting this to the maintainers of class org.openjdk.jmh.util.Utils
WARNING: sun.misc.Unsafe::objectFieldOffset will be removed in a future release
# Warmup Iteration   1: 3.770 ops/ms
# Warmup Iteration   2: 3.703 ops/ms
Iteration   1: 3.705 ops/ms
Iteration   2: 3.806 ops/ms
Iteration   3: 3.815 ops/ms

# Run progress: 96.88% complete, ETA 00:00:23
# Fork: 2 of 2
WARNING: A terminally deprecated method in sun.misc.Unsafe has been called
WARNING: sun.misc.Unsafe::objectFieldOffset has been called by org.openjdk.jmh.util.Utils (file:/opt/bench/branch/jmh-core-1.37.jar)
WARNING: Please consider reporting this to the maintainers of class org.openjdk.jmh.util.Utils
WARNING: sun.misc.Unsafe::objectFieldOffset will be removed in a future release
# Warmup Iteration   1: 3.810 ops/ms
# Warmup Iteration   2: 3.739 ops/ms
Iteration   1: 3.708 ops/ms
Iteration   2: 3.783 ops/ms
Iteration   3: 3.807 ops/ms


Result "org.apache.lucene.benchmark.jmh.RandomReadIOBenchmark.mmap_T16":
  3.771 ±(99.9%) 0.143 ops/ms [Average]
  (min, avg, max) = (3.705, 3.771, 3.815), stdev = 0.051
  CI (99.9%): [3.628, 3.914] (assumes normal distribution)


# Run complete. Total time: 00:12:28

REMEMBER: The numbers below are just data. To gain reusable insights, you need to follow up on
why the numbers are the way they are. Use profilers (see -prof, -lprof), design factorial
experiments, perform baseline and negative tests that provide experimental control, make sure
the benchmarking environment is safe on JVM/OS/HW level, ask for reviews from the domain experts.
Do not assume the numbers tell you what you want them to tell.

NOTE: Current JVM experimentally supports Compiler Blackholes, and they are in use. Please exercise
extra caution when trusting the results, look into the generated code to check the benchmark still
works, and factor in a small probability of new VM bugs. Additionally, while comparisons between
different JVMs are already problematic, the performance difference caused by different Blackhole
modes can be very significant. Please make sure you use the consistent Blackhole mode for comparisons.

Benchmark                                            (readSize)  (readsPerOp)   Mode  Cnt   Score   Error   Units
RandomReadIOBenchmark.mmapBatchedPrefetch_T01             16384            16  thrpt    6   3.973 ± 0.341  ops/ms
RandomReadIOBenchmark.mmapBatchedPrefetch_T04             16384            16  thrpt    6  13.378 ± 0.830  ops/ms
RandomReadIOBenchmark.mmapBatchedPrefetch_T08             16384            16  thrpt    6  19.507 ± 0.426  ops/ms
RandomReadIOBenchmark.mmapBatchedPrefetch_T16             16384            16  thrpt    6  19.171 ± 1.061  ops/ms
RandomReadIOBenchmark.mmapRandomBatchedPrefetch_T01       16384            16  thrpt    6   3.809 ± 0.107  ops/ms
RandomReadIOBenchmark.mmapRandomBatchedPrefetch_T04       16384            16  thrpt    6  13.648 ± 0.279  ops/ms
RandomReadIOBenchmark.mmapRandomBatchedPrefetch_T08       16384            16  thrpt    6  18.584 ± 4.843  ops/ms
RandomReadIOBenchmark.mmapRandomBatchedPrefetch_T16       16384            16  thrpt    6  19.581 ± 0.153  ops/ms
RandomReadIOBenchmark.mmapRandom_T01                      16384            16  thrpt    6   0.414 ± 0.015  ops/ms
RandomReadIOBenchmark.mmapRandom_T04                      16384            16  thrpt    6   1.557 ± 0.116  ops/ms
RandomReadIOBenchmark.mmapRandom_T08                      16384            16  thrpt    6   2.756 ± 0.131  ops/ms
RandomReadIOBenchmark.mmapRandom_T16                      16384            16  thrpt    6   4.965 ± 0.311  ops/ms
RandomReadIOBenchmark.mmap_T01                            16384            16  thrpt    6   0.723 ± 0.044  ops/ms
RandomReadIOBenchmark.mmap_T04                            16384            16  thrpt    6   3.050 ± 0.202  ops/ms
RandomReadIOBenchmark.mmap_T08                            16384            16  thrpt    6   3.767 ± 0.125  ops/ms
RandomReadIOBenchmark.mmap_T16                            16384            16  thrpt    6   3.771 ± 0.143  ops/ms

Benchmark result is saved to /opt/bench/results/branch-pressure-randomread.json
   priming: drop caches, sequential read of /data/sf-index-10223616
WARNING: A terminally deprecated method in sun.misc.Unsafe has been called
WARNING: sun.misc.Unsafe::objectFieldOffset has been called by org.openjdk.jmh.util.Utils (file:/opt/bench/branch/jmh-core-1.37.jar)
WARNING: Please consider reporting this to the maintainers of class org.openjdk.jmh.util.Utils
WARNING: sun.misc.Unsafe::objectFieldOffset will be removed in a future release
# JMH version: 1.37
# VM version: JDK 25.0.4.1, OpenJDK 64-Bit Server VM, 25.0.4.1+1-LTS
# VM invoker: /opt/jdk-25/bin/java
# VM options: --enable-native-access=ALL-UNNAMED -Xms2g -Xmx2g -Dbench.indexPath=/data/sf-index-10223616 -Dbench.numDocs=10223616 -Dbench.docSizeBytes=4096 -Dbench.readAdvice=RANDOM -Dbench.prefetchWindow=16 -Dbench.dropPageCache=false
# Blackhole mode: compiler (auto-detected, use -Djmh.blackhole.autoDetect=false to disable)
# Warmup: 2 iterations, 2 s each
# Measurement: 3 iterations, 3 s each
# Timeout: 10 min per iteration
# Threads: 1 thread, will synchronize iterations
# Benchmark mode: Throughput, ops/time
# Benchmark: org.apache.lucene.benchmark.jmh.StoredFieldsPrefetchBenchmark.prefetchOnly_T01
# Parameters: (topK = 10)

# Run progress: 0.00% complete, ETA 00:05:12
# Fork: 1 of 2
WARNING: A terminally deprecated method in sun.misc.Unsafe has been called
WARNING: sun.misc.Unsafe::objectFieldOffset has been called by org.openjdk.jmh.util.Utils (file:/opt/bench/branch/jmh-core-1.37.jar)
WARNING: Please consider reporting this to the maintainers of class org.openjdk.jmh.util.Utils
WARNING: sun.misc.Unsafe::objectFieldOffset will be removed in a future release
# Warmup Iteration   1: Sep 29, 2026 11:54:26 PM org.apache.lucene.internal.vectorization.VectorizationProvider lookup
WARNING: Java vector incubator module is not readable. For optimal vector performance, pass '--add-modules jdk.incubator.vector' to enable Vector API.
7.617 ops/ms
# Warmup Iteration   2: 7.514 ops/ms
Iteration   1: 7.547 ops/ms
Iteration   2: 7.647 ops/ms
Iteration   3: 7.518 ops/ms

# Run progress: 4.17% complete, ETA 00:05:12
# Fork: 2 of 2
WARNING: A terminally deprecated method in sun.misc.Unsafe has been called
WARNING: sun.misc.Unsafe::objectFieldOffset has been called by org.openjdk.jmh.util.Utils (file:/opt/bench/branch/jmh-core-1.37.jar)
WARNING: Please consider reporting this to the maintainers of class org.openjdk.jmh.util.Utils
WARNING: sun.misc.Unsafe::objectFieldOffset will be removed in a future release
# Warmup Iteration   1: Sep 29, 2026 11:54:39 PM org.apache.lucene.internal.vectorization.VectorizationProvider lookup
WARNING: Java vector incubator module is not readable. For optimal vector performance, pass '--add-modules jdk.incubator.vector' to enable Vector API.
7.753 ops/ms
# Warmup Iteration   2: 7.580 ops/ms
Iteration   1: 7.584 ops/ms
Iteration   2: 7.500 ops/ms
Iteration   3: 7.519 ops/ms


Result "org.apache.lucene.benchmark.jmh.StoredFieldsPrefetchBenchmark.prefetchOnly_T01":
  7.552 ±(99.9%) 0.154 ops/ms [Average]
  (min, avg, max) = (7.500, 7.552, 7.647), stdev = 0.055
  CI (99.9%): [7.399, 7.706] (assumes normal distribution)


# JMH version: 1.37
# VM version: JDK 25.0.4.1, OpenJDK 64-Bit Server VM, 25.0.4.1+1-LTS
# VM invoker: /opt/jdk-25/bin/java
# VM options: --enable-native-access=ALL-UNNAMED -Xms2g -Xmx2g -Dbench.indexPath=/data/sf-index-10223616 -Dbench.numDocs=10223616 -Dbench.docSizeBytes=4096 -Dbench.readAdvice=RANDOM -Dbench.prefetchWindow=16 -Dbench.dropPageCache=false
# Blackhole mode: compiler (auto-detected, use -Djmh.blackhole.autoDetect=false to disable)
# Warmup: 2 iterations, 2 s each
# Measurement: 3 iterations, 3 s each
# Timeout: 10 min per iteration
# Threads: 1 thread, will synchronize iterations
# Benchmark mode: Throughput, ops/time
# Benchmark: org.apache.lucene.benchmark.jmh.StoredFieldsPrefetchBenchmark.prefetchOnly_T01
# Parameters: (topK = 100)

# Run progress: 8.33% complete, ETA 00:04:56
# Fork: 1 of 2
WARNING: A terminally deprecated method in sun.misc.Unsafe has been called
WARNING: sun.misc.Unsafe::objectFieldOffset has been called by org.openjdk.jmh.util.Utils (file:/opt/bench/branch/jmh-core-1.37.jar)
WARNING: Please consider reporting this to the maintainers of class org.openjdk.jmh.util.Utils
WARNING: sun.misc.Unsafe::objectFieldOffset will be removed in a future release
# Warmup Iteration   1: Sep 29, 2026 11:54:53 PM org.apache.lucene.internal.vectorization.VectorizationProvider lookup
WARNING: Java vector incubator module is not readable. For optimal vector performance, pass '--add-modules jdk.incubator.vector' to enable Vector API.
0.768 ops/ms
# Warmup Iteration   2: 0.759 ops/ms
Iteration   1: 0.750 ops/ms
Iteration   2: 0.759 ops/ms
Iteration   3: 0.755 ops/ms

# Run progress: 12.50% complete, ETA 00:04:43
# Fork: 2 of 2
WARNING: A terminally deprecated method in sun.misc.Unsafe has been called
WARNING: sun.misc.Unsafe::objectFieldOffset has been called by org.openjdk.jmh.util.Utils (file:/opt/bench/branch/jmh-core-1.37.jar)
WARNING: Please consider reporting this to the maintainers of class org.openjdk.jmh.util.Utils
WARNING: sun.misc.Unsafe::objectFieldOffset will be removed in a future release
# Warmup Iteration   1: Sep 29, 2026 11:55:06 PM org.apache.lucene.internal.vectorization.VectorizationProvider lookup
WARNING: Java vector incubator module is not readable. For optimal vector performance, pass '--add-modules jdk.incubator.vector' to enable Vector API.
0.764 ops/ms
# Warmup Iteration   2: 0.758 ops/ms
Iteration   1: 0.755 ops/ms
Iteration   2: 0.751 ops/ms
Iteration   3: 0.760 ops/ms


Result "org.apache.lucene.benchmark.jmh.StoredFieldsPrefetchBenchmark.prefetchOnly_T01":
  0.755 ±(99.9%) 0.011 ops/ms [Average]
  (min, avg, max) = (0.750, 0.755, 0.760), stdev = 0.004
  CI (99.9%): [0.744, 0.766] (assumes normal distribution)


# JMH version: 1.37
# VM version: JDK 25.0.4.1, OpenJDK 64-Bit Server VM, 25.0.4.1+1-LTS
# VM invoker: /opt/jdk-25/bin/java
# VM options: --enable-native-access=ALL-UNNAMED -Xms2g -Xmx2g -Dbench.indexPath=/data/sf-index-10223616 -Dbench.numDocs=10223616 -Dbench.docSizeBytes=4096 -Dbench.readAdvice=RANDOM -Dbench.prefetchWindow=16 -Dbench.dropPageCache=false
# Blackhole mode: compiler (auto-detected, use -Djmh.blackhole.autoDetect=false to disable)
# Warmup: 2 iterations, 2 s each
# Measurement: 3 iterations, 3 s each
# Timeout: 10 min per iteration
# Threads: 8 threads, will synchronize iterations
# Benchmark mode: Throughput, ops/time
# Benchmark: org.apache.lucene.benchmark.jmh.StoredFieldsPrefetchBenchmark.prefetchOnly_T08
# Parameters: (topK = 10)

# Run progress: 16.67% complete, ETA 00:04:29
# Fork: 1 of 2
WARNING: A terminally deprecated method in sun.misc.Unsafe has been called
WARNING: sun.misc.Unsafe::objectFieldOffset has been called by org.openjdk.jmh.util.Utils (file:/opt/bench/branch/jmh-core-1.37.jar)
WARNING: Please consider reporting this to the maintainers of class org.openjdk.jmh.util.Utils
WARNING: sun.misc.Unsafe::objectFieldOffset will be removed in a future release
# Warmup Iteration   1: Sep 29, 2026 11:55:19 PM org.apache.lucene.internal.vectorization.VectorizationProvider lookup
WARNING: Java vector incubator module is not readable. For optimal vector performance, pass '--add-modules jdk.incubator.vector' to enable Vector API.
8.710 ops/ms
# Warmup Iteration   2: 7.465 ops/ms
Iteration   1: 7.684 ops/ms
Iteration   2: 7.574 ops/ms
Iteration   3: 7.511 ops/ms

# Run progress: 20.83% complete, ETA 00:04:16
# Fork: 2 of 2
WARNING: A terminally deprecated method in sun.misc.Unsafe has been called
WARNING: sun.misc.Unsafe::objectFieldOffset has been called by org.openjdk.jmh.util.Utils (file:/opt/bench/branch/jmh-core-1.37.jar)
WARNING: Please consider reporting this to the maintainers of class org.openjdk.jmh.util.Utils
WARNING: sun.misc.Unsafe::objectFieldOffset will be removed in a future release
# Warmup Iteration   1: Sep 29, 2026 11:55:33 PM org.apache.lucene.internal.vectorization.VectorizationProvider lookup
WARNING: Java vector incubator module is not readable. For optimal vector performance, pass '--add-modules jdk.incubator.vector' to enable Vector API.
8.599 ops/ms
# Warmup Iteration   2: 7.762 ops/ms
Iteration   1: 7.502 ops/ms
Iteration   2: 7.521 ops/ms
Iteration   3: 7.507 ops/ms


Result "org.apache.lucene.benchmark.jmh.StoredFieldsPrefetchBenchmark.prefetchOnly_T08":
  7.550 ±(99.9%) 0.198 ops/ms [Average]
  (min, avg, max) = (7.502, 7.550, 7.684), stdev = 0.071
  CI (99.9%): [7.351, 7.748] (assumes normal distribution)


# JMH version: 1.37
# VM version: JDK 25.0.4.1, OpenJDK 64-Bit Server VM, 25.0.4.1+1-LTS
# VM invoker: /opt/jdk-25/bin/java
# VM options: --enable-native-access=ALL-UNNAMED -Xms2g -Xmx2g -Dbench.indexPath=/data/sf-index-10223616 -Dbench.numDocs=10223616 -Dbench.docSizeBytes=4096 -Dbench.readAdvice=RANDOM -Dbench.prefetchWindow=16 -Dbench.dropPageCache=false
# Blackhole mode: compiler (auto-detected, use -Djmh.blackhole.autoDetect=false to disable)
# Warmup: 2 iterations, 2 s each
# Measurement: 3 iterations, 3 s each
# Timeout: 10 min per iteration
# Threads: 8 threads, will synchronize iterations
# Benchmark mode: Throughput, ops/time
# Benchmark: org.apache.lucene.benchmark.jmh.StoredFieldsPrefetchBenchmark.prefetchOnly_T08
# Parameters: (topK = 100)

# Run progress: 25.00% complete, ETA 00:04:03
# Fork: 1 of 2
WARNING: A terminally deprecated method in sun.misc.Unsafe has been called
WARNING: sun.misc.Unsafe::objectFieldOffset has been called by org.openjdk.jmh.util.Utils (file:/opt/bench/branch/jmh-core-1.37.jar)
WARNING: Please consider reporting this to the maintainers of class org.openjdk.jmh.util.Utils
WARNING: sun.misc.Unsafe::objectFieldOffset will be removed in a future release
# Warmup Iteration   1: Sep 29, 2026 11:55:47 PM org.apache.lucene.internal.vectorization.VectorizationProvider lookup
WARNING: Java vector incubator module is not readable. For optimal vector performance, pass '--add-modules jdk.incubator.vector' to enable Vector API.
0.864 ops/ms
# Warmup Iteration   2: 0.758 ops/ms
Iteration   1: 0.759 ops/ms
Iteration   2: 0.740 ops/ms
Iteration   3: 0.756 ops/ms

# Run progress: 29.17% complete, ETA 00:03:50
# Fork: 2 of 2
WARNING: A terminally deprecated method in sun.misc.Unsafe has been called
WARNING: sun.misc.Unsafe::objectFieldOffset has been called by org.openjdk.jmh.util.Utils (file:/opt/bench/branch/jmh-core-1.37.jar)
WARNING: Please consider reporting this to the maintainers of class org.openjdk.jmh.util.Utils
WARNING: sun.misc.Unsafe::objectFieldOffset will be removed in a future release
# Warmup Iteration   1: Sep 29, 2026 11:56:00 PM org.apache.lucene.internal.vectorization.VectorizationProvider lookup
WARNING: Java vector incubator module is not readable. For optimal vector performance, pass '--add-modules jdk.incubator.vector' to enable Vector API.
0.847 ops/ms
# Warmup Iteration   2: 0.757 ops/ms
Iteration   1: 0.687 ops/ms
Iteration   2: 0.819 ops/ms
Iteration   3: 0.754 ops/ms


Result "org.apache.lucene.benchmark.jmh.StoredFieldsPrefetchBenchmark.prefetchOnly_T08":
  0.753 ±(99.9%) 0.119 ops/ms [Average]
  (min, avg, max) = (0.687, 0.753, 0.819), stdev = 0.042
  CI (99.9%): [0.634, 0.871] (assumes normal distribution)


# JMH version: 1.37
# VM version: JDK 25.0.4.1, OpenJDK 64-Bit Server VM, 25.0.4.1+1-LTS
# VM invoker: /opt/jdk-25/bin/java
# VM options: --enable-native-access=ALL-UNNAMED -Xms2g -Xmx2g -Dbench.indexPath=/data/sf-index-10223616 -Dbench.numDocs=10223616 -Dbench.docSizeBytes=4096 -Dbench.readAdvice=RANDOM -Dbench.prefetchWindow=16 -Dbench.dropPageCache=false
# Blackhole mode: compiler (auto-detected, use -Djmh.blackhole.autoDetect=false to disable)
# Warmup: 2 iterations, 2 s each
# Measurement: 3 iterations, 3 s each
# Timeout: 10 min per iteration
# Threads: 1 thread, will synchronize iterations
# Benchmark mode: Throughput, ops/time
# Benchmark: org.apache.lucene.benchmark.jmh.StoredFieldsPrefetchBenchmark.retrieveNoPrefetch_T01
# Parameters: (topK = 10)

# Run progress: 33.33% complete, ETA 00:03:37
# Fork: 1 of 2
WARNING: A terminally deprecated method in sun.misc.Unsafe has been called
WARNING: sun.misc.Unsafe::objectFieldOffset has been called by org.openjdk.jmh.util.Utils (file:/opt/bench/branch/jmh-core-1.37.jar)
WARNING: Please consider reporting this to the maintainers of class org.openjdk.jmh.util.Utils
WARNING: sun.misc.Unsafe::objectFieldOffset will be removed in a future release
# Warmup Iteration   1: Sep 29, 2026 11:56:14 PM org.apache.lucene.internal.vectorization.VectorizationProvider lookup
WARNING: Java vector incubator module is not readable. For optimal vector performance, pass '--add-modules jdk.incubator.vector' to enable Vector API.
0.595 ops/ms
# Warmup Iteration   2: 0.609 ops/ms
Iteration   1: 0.619 ops/ms
Iteration   2: 0.594 ops/ms
Iteration   3: 0.599 ops/ms

# Run progress: 37.50% complete, ETA 00:03:23
# Fork: 2 of 2
WARNING: A terminally deprecated method in sun.misc.Unsafe has been called
WARNING: sun.misc.Unsafe::objectFieldOffset has been called by org.openjdk.jmh.util.Utils (file:/opt/bench/branch/jmh-core-1.37.jar)
WARNING: Please consider reporting this to the maintainers of class org.openjdk.jmh.util.Utils
WARNING: sun.misc.Unsafe::objectFieldOffset will be removed in a future release
# Warmup Iteration   1: Sep 29, 2026 11:56:27 PM org.apache.lucene.internal.vectorization.VectorizationProvider lookup
WARNING: Java vector incubator module is not readable. For optimal vector performance, pass '--add-modules jdk.incubator.vector' to enable Vector API.
0.594 ops/ms
# Warmup Iteration   2: 0.589 ops/ms
Iteration   1: 0.609 ops/ms
Iteration   2: 0.627 ops/ms
Iteration   3: 0.616 ops/ms


Result "org.apache.lucene.benchmark.jmh.StoredFieldsPrefetchBenchmark.retrieveNoPrefetch_T01":
  0.610 ±(99.9%) 0.034 ops/ms [Average]
  (min, avg, max) = (0.594, 0.610, 0.627), stdev = 0.012
  CI (99.9%): [0.576, 0.645] (assumes normal distribution)


# JMH version: 1.37
# VM version: JDK 25.0.4.1, OpenJDK 64-Bit Server VM, 25.0.4.1+1-LTS
# VM invoker: /opt/jdk-25/bin/java
# VM options: --enable-native-access=ALL-UNNAMED -Xms2g -Xmx2g -Dbench.indexPath=/data/sf-index-10223616 -Dbench.numDocs=10223616 -Dbench.docSizeBytes=4096 -Dbench.readAdvice=RANDOM -Dbench.prefetchWindow=16 -Dbench.dropPageCache=false
# Blackhole mode: compiler (auto-detected, use -Djmh.blackhole.autoDetect=false to disable)
# Warmup: 2 iterations, 2 s each
# Measurement: 3 iterations, 3 s each
# Timeout: 10 min per iteration
# Threads: 1 thread, will synchronize iterations
# Benchmark mode: Throughput, ops/time
# Benchmark: org.apache.lucene.benchmark.jmh.StoredFieldsPrefetchBenchmark.retrieveNoPrefetch_T01
# Parameters: (topK = 100)

# Run progress: 41.67% complete, ETA 00:03:09
# Fork: 1 of 2
WARNING: A terminally deprecated method in sun.misc.Unsafe has been called
WARNING: sun.misc.Unsafe::objectFieldOffset has been called by org.openjdk.jmh.util.Utils (file:/opt/bench/branch/jmh-core-1.37.jar)
WARNING: Please consider reporting this to the maintainers of class org.openjdk.jmh.util.Utils
WARNING: sun.misc.Unsafe::objectFieldOffset will be removed in a future release
# Warmup Iteration   1: Sep 29, 2026 11:56:41 PM org.apache.lucene.internal.vectorization.VectorizationProvider lookup
WARNING: Java vector incubator module is not readable. For optimal vector performance, pass '--add-modules jdk.incubator.vector' to enable Vector API.
0.058 ops/ms
# Warmup Iteration   2: 0.062 ops/ms
Iteration   1: 0.061 ops/ms
Iteration   2: 0.063 ops/ms
Iteration   3: 0.061 ops/ms

# Run progress: 45.83% complete, ETA 00:02:56
# Fork: 2 of 2
WARNING: A terminally deprecated method in sun.misc.Unsafe has been called
WARNING: sun.misc.Unsafe::objectFieldOffset has been called by org.openjdk.jmh.util.Utils (file:/opt/bench/branch/jmh-core-1.37.jar)
WARNING: Please consider reporting this to the maintainers of class org.openjdk.jmh.util.Utils
WARNING: sun.misc.Unsafe::objectFieldOffset will be removed in a future release
# Warmup Iteration   1: Sep 29, 2026 11:56:55 PM org.apache.lucene.internal.vectorization.VectorizationProvider lookup
WARNING: Java vector incubator module is not readable. For optimal vector performance, pass '--add-modules jdk.incubator.vector' to enable Vector API.
0.060 ops/ms
# Warmup Iteration   2: 0.060 ops/ms
Iteration   1: 0.063 ops/ms
Iteration   2: 0.066 ops/ms
Iteration   3: 0.060 ops/ms


Result "org.apache.lucene.benchmark.jmh.StoredFieldsPrefetchBenchmark.retrieveNoPrefetch_T01":
  0.062 ±(99.9%) 0.006 ops/ms [Average]
  (min, avg, max) = (0.060, 0.062, 0.066), stdev = 0.002
  CI (99.9%): [0.057, 0.068] (assumes normal distribution)


# JMH version: 1.37
# VM version: JDK 25.0.4.1, OpenJDK 64-Bit Server VM, 25.0.4.1+1-LTS
# VM invoker: /opt/jdk-25/bin/java
# VM options: --enable-native-access=ALL-UNNAMED -Xms2g -Xmx2g -Dbench.indexPath=/data/sf-index-10223616 -Dbench.numDocs=10223616 -Dbench.docSizeBytes=4096 -Dbench.readAdvice=RANDOM -Dbench.prefetchWindow=16 -Dbench.dropPageCache=false
# Blackhole mode: compiler (auto-detected, use -Djmh.blackhole.autoDetect=false to disable)
# Warmup: 2 iterations, 2 s each
# Measurement: 3 iterations, 3 s each
# Timeout: 10 min per iteration
# Threads: 8 threads, will synchronize iterations
# Benchmark mode: Throughput, ops/time
# Benchmark: org.apache.lucene.benchmark.jmh.StoredFieldsPrefetchBenchmark.retrieveNoPrefetch_T08
# Parameters: (topK = 10)

# Run progress: 50.00% complete, ETA 00:02:42
# Fork: 1 of 2
WARNING: A terminally deprecated method in sun.misc.Unsafe has been called
WARNING: sun.misc.Unsafe::objectFieldOffset has been called by org.openjdk.jmh.util.Utils (file:/opt/bench/branch/jmh-core-1.37.jar)
WARNING: Please consider reporting this to the maintainers of class org.openjdk.jmh.util.Utils
WARNING: sun.misc.Unsafe::objectFieldOffset will be removed in a future release
# Warmup Iteration   1: Sep 29, 2026 11:57:08 PM org.apache.lucene.internal.vectorization.VectorizationProvider lookup
WARNING: Java vector incubator module is not readable. For optimal vector performance, pass '--add-modules jdk.incubator.vector' to enable Vector API.
4.062 ops/ms
# Warmup Iteration   2: 4.024 ops/ms
Iteration   1: 3.918 ops/ms
Iteration   2: 4.255 ops/ms
Iteration   3: 4.615 ops/ms

# Run progress: 54.17% complete, ETA 00:02:29
# Fork: 2 of 2
WARNING: A terminally deprecated method in sun.misc.Unsafe has been called
WARNING: sun.misc.Unsafe::objectFieldOffset has been called by org.openjdk.jmh.util.Utils (file:/opt/bench/branch/jmh-core-1.37.jar)
WARNING: Please consider reporting this to the maintainers of class org.openjdk.jmh.util.Utils
WARNING: sun.misc.Unsafe::objectFieldOffset will be removed in a future release
# Warmup Iteration   1: Sep 29, 2026 11:57:23 PM org.apache.lucene.internal.vectorization.VectorizationProvider lookup
WARNING: Java vector incubator module is not readable. For optimal vector performance, pass '--add-modules jdk.incubator.vector' to enable Vector API.
4.417 ops/ms
# Warmup Iteration   2: 4.204 ops/ms
Iteration   1: 4.166 ops/ms
Iteration   2: 4.554 ops/ms
Iteration   3: 4.566 ops/ms


Result "org.apache.lucene.benchmark.jmh.StoredFieldsPrefetchBenchmark.retrieveNoPrefetch_T08":
  4.346 ±(99.9%) 0.781 ops/ms [Average]
  (min, avg, max) = (3.918, 4.346, 4.615), stdev = 0.279
  CI (99.9%): [3.564, 5.127] (assumes normal distribution)


# JMH version: 1.37
# VM version: JDK 25.0.4.1, OpenJDK 64-Bit Server VM, 25.0.4.1+1-LTS
# VM invoker: /opt/jdk-25/bin/java
# VM options: --enable-native-access=ALL-UNNAMED -Xms2g -Xmx2g -Dbench.indexPath=/data/sf-index-10223616 -Dbench.numDocs=10223616 -Dbench.docSizeBytes=4096 -Dbench.readAdvice=RANDOM -Dbench.prefetchWindow=16 -Dbench.dropPageCache=false
# Blackhole mode: compiler (auto-detected, use -Djmh.blackhole.autoDetect=false to disable)
# Warmup: 2 iterations, 2 s each
# Measurement: 3 iterations, 3 s each
# Timeout: 10 min per iteration
# Threads: 8 threads, will synchronize iterations
# Benchmark mode: Throughput, ops/time
# Benchmark: org.apache.lucene.benchmark.jmh.StoredFieldsPrefetchBenchmark.retrieveNoPrefetch_T08
# Parameters: (topK = 100)

# Run progress: 58.33% complete, ETA 00:02:16
# Fork: 1 of 2
WARNING: A terminally deprecated method in sun.misc.Unsafe has been called
WARNING: sun.misc.Unsafe::objectFieldOffset has been called by org.openjdk.jmh.util.Utils (file:/opt/bench/branch/jmh-core-1.37.jar)
WARNING: Please consider reporting this to the maintainers of class org.openjdk.jmh.util.Utils
WARNING: sun.misc.Unsafe::objectFieldOffset will be removed in a future release
# Warmup Iteration   1: Sep 29, 2026 11:57:37 PM org.apache.lucene.internal.vectorization.VectorizationProvider lookup
WARNING: Java vector incubator module is not readable. For optimal vector performance, pass '--add-modules jdk.incubator.vector' to enable Vector API.
0.462 ops/ms
# Warmup Iteration   2: 0.407 ops/ms
Iteration   1: 0.403 ops/ms
Iteration   2: 0.414 ops/ms
Iteration   3: 0.444 ops/ms

# Run progress: 62.50% complete, ETA 00:02:03
# Fork: 2 of 2
WARNING: A terminally deprecated method in sun.misc.Unsafe has been called
WARNING: sun.misc.Unsafe::objectFieldOffset has been called by org.openjdk.jmh.util.Utils (file:/opt/bench/branch/jmh-core-1.37.jar)
WARNING: Please consider reporting this to the maintainers of class org.openjdk.jmh.util.Utils
WARNING: sun.misc.Unsafe::objectFieldOffset will be removed in a future release
# Warmup Iteration   1: Sep 29, 2026 11:57:52 PM org.apache.lucene.internal.vectorization.VectorizationProvider lookup
WARNING: Java vector incubator module is not readable. For optimal vector performance, pass '--add-modules jdk.incubator.vector' to enable Vector API.
0.471 ops/ms
# Warmup Iteration   2: 0.423 ops/ms
Iteration   1: 0.422 ops/ms
Iteration   2: 0.461 ops/ms
Iteration   3: 0.496 ops/ms


Result "org.apache.lucene.benchmark.jmh.StoredFieldsPrefetchBenchmark.retrieveNoPrefetch_T08":
  0.440 ±(99.9%) 0.097 ops/ms [Average]
  (min, avg, max) = (0.403, 0.440, 0.496), stdev = 0.035
  CI (99.9%): [0.343, 0.537] (assumes normal distribution)


# JMH version: 1.37
# VM version: JDK 25.0.4.1, OpenJDK 64-Bit Server VM, 25.0.4.1+1-LTS
# VM invoker: /opt/jdk-25/bin/java
# VM options: --enable-native-access=ALL-UNNAMED -Xms2g -Xmx2g -Dbench.indexPath=/data/sf-index-10223616 -Dbench.numDocs=10223616 -Dbench.docSizeBytes=4096 -Dbench.readAdvice=RANDOM -Dbench.prefetchWindow=16 -Dbench.dropPageCache=false
# Blackhole mode: compiler (auto-detected, use -Djmh.blackhole.autoDetect=false to disable)
# Warmup: 2 iterations, 2 s each
# Measurement: 3 iterations, 3 s each
# Timeout: 10 min per iteration
# Threads: 1 thread, will synchronize iterations
# Benchmark mode: Throughput, ops/time
# Benchmark: org.apache.lucene.benchmark.jmh.StoredFieldsPrefetchBenchmark.retrievePrefetchThenRead_T01
# Parameters: (topK = 10)

# Run progress: 66.67% complete, ETA 00:01:50
# Fork: 1 of 2
WARNING: A terminally deprecated method in sun.misc.Unsafe has been called
WARNING: sun.misc.Unsafe::objectFieldOffset has been called by org.openjdk.jmh.util.Utils (file:/opt/bench/branch/jmh-core-1.37.jar)
WARNING: Please consider reporting this to the maintainers of class org.openjdk.jmh.util.Utils
WARNING: sun.misc.Unsafe::objectFieldOffset will be removed in a future release
# Warmup Iteration   1: Sep 29, 2026 11:58:06 PM org.apache.lucene.internal.vectorization.VectorizationProvider lookup
WARNING: Java vector incubator module is not readable. For optimal vector performance, pass '--add-modules jdk.incubator.vector' to enable Vector API.
2.985 ops/ms
# Warmup Iteration   2: 2.989 ops/ms
Iteration   1: 2.572 ops/ms
Iteration   2: 3.158 ops/ms
Iteration   3: 3.135 ops/ms

# Run progress: 70.83% complete, ETA 00:01:36
# Fork: 2 of 2
WARNING: A terminally deprecated method in sun.misc.Unsafe has been called
WARNING: sun.misc.Unsafe::objectFieldOffset has been called by org.openjdk.jmh.util.Utils (file:/opt/bench/branch/jmh-core-1.37.jar)
WARNING: Please consider reporting this to the maintainers of class org.openjdk.jmh.util.Utils
WARNING: sun.misc.Unsafe::objectFieldOffset will be removed in a future release
# Warmup Iteration   1: Sep 29, 2026 11:58:20 PM org.apache.lucene.internal.vectorization.VectorizationProvider lookup
WARNING: Java vector incubator module is not readable. For optimal vector performance, pass '--add-modules jdk.incubator.vector' to enable Vector API.
2.955 ops/ms
# Warmup Iteration   2: 3.068 ops/ms
Iteration   1: 3.043 ops/ms
Iteration   2: 2.652 ops/ms
Iteration   3: 3.143 ops/ms


Result "org.apache.lucene.benchmark.jmh.StoredFieldsPrefetchBenchmark.retrievePrefetchThenRead_T01":
  2.951 ±(99.9%) 0.747 ops/ms [Average]
  (min, avg, max) = (2.572, 2.951, 3.158), stdev = 0.266
  CI (99.9%): [2.203, 3.698] (assumes normal distribution)


# JMH version: 1.37
# VM version: JDK 25.0.4.1, OpenJDK 64-Bit Server VM, 25.0.4.1+1-LTS
# VM invoker: /opt/jdk-25/bin/java
# VM options: --enable-native-access=ALL-UNNAMED -Xms2g -Xmx2g -Dbench.indexPath=/data/sf-index-10223616 -Dbench.numDocs=10223616 -Dbench.docSizeBytes=4096 -Dbench.readAdvice=RANDOM -Dbench.prefetchWindow=16 -Dbench.dropPageCache=false
# Blackhole mode: compiler (auto-detected, use -Djmh.blackhole.autoDetect=false to disable)
# Warmup: 2 iterations, 2 s each
# Measurement: 3 iterations, 3 s each
# Timeout: 10 min per iteration
# Threads: 1 thread, will synchronize iterations
# Benchmark mode: Throughput, ops/time
# Benchmark: org.apache.lucene.benchmark.jmh.StoredFieldsPrefetchBenchmark.retrievePrefetchThenRead_T01
# Parameters: (topK = 100)

# Run progress: 75.00% complete, ETA 00:01:22
# Fork: 1 of 2
WARNING: A terminally deprecated method in sun.misc.Unsafe has been called
WARNING: sun.misc.Unsafe::objectFieldOffset has been called by org.openjdk.jmh.util.Utils (file:/opt/bench/branch/jmh-core-1.37.jar)
WARNING: Please consider reporting this to the maintainers of class org.openjdk.jmh.util.Utils
WARNING: sun.misc.Unsafe::objectFieldOffset will be removed in a future release
# Warmup Iteration   1: Sep 29, 2026 11:58:34 PM org.apache.lucene.internal.vectorization.VectorizationProvider lookup
WARNING: Java vector incubator module is not readable. For optimal vector performance, pass '--add-modules jdk.incubator.vector' to enable Vector API.
0.349 ops/ms
# Warmup Iteration   2: 0.360 ops/ms
Iteration   1: 0.332 ops/ms
Iteration   2: 0.344 ops/ms
Iteration   3: 0.375 ops/ms

# Run progress: 79.17% complete, ETA 00:01:09
# Fork: 2 of 2
WARNING: A terminally deprecated method in sun.misc.Unsafe has been called
WARNING: sun.misc.Unsafe::objectFieldOffset has been called by org.openjdk.jmh.util.Utils (file:/opt/bench/branch/jmh-core-1.37.jar)
WARNING: Please consider reporting this to the maintainers of class org.openjdk.jmh.util.Utils
WARNING: sun.misc.Unsafe::objectFieldOffset will be removed in a future release
# Warmup Iteration   1: Sep 29, 2026 11:58:48 PM org.apache.lucene.internal.vectorization.VectorizationProvider lookup
WARNING: Java vector incubator module is not readable. For optimal vector performance, pass '--add-modules jdk.incubator.vector' to enable Vector API.
0.343 ops/ms
# Warmup Iteration   2: 0.338 ops/ms
Iteration   1: 0.320 ops/ms
Iteration   2: 0.381 ops/ms
Iteration   3: 0.387 ops/ms


Result "org.apache.lucene.benchmark.jmh.StoredFieldsPrefetchBenchmark.retrievePrefetchThenRead_T01":
  0.357 ±(99.9%) 0.080 ops/ms [Average]
  (min, avg, max) = (0.320, 0.357, 0.387), stdev = 0.028
  CI (99.9%): [0.277, 0.436] (assumes normal distribution)


# JMH version: 1.37
# VM version: JDK 25.0.4.1, OpenJDK 64-Bit Server VM, 25.0.4.1+1-LTS
# VM invoker: /opt/jdk-25/bin/java
# VM options: --enable-native-access=ALL-UNNAMED -Xms2g -Xmx2g -Dbench.indexPath=/data/sf-index-10223616 -Dbench.numDocs=10223616 -Dbench.docSizeBytes=4096 -Dbench.readAdvice=RANDOM -Dbench.prefetchWindow=16 -Dbench.dropPageCache=false
# Blackhole mode: compiler (auto-detected, use -Djmh.blackhole.autoDetect=false to disable)
# Warmup: 2 iterations, 2 s each
# Measurement: 3 iterations, 3 s each
# Timeout: 10 min per iteration
# Threads: 8 threads, will synchronize iterations
# Benchmark mode: Throughput, ops/time
# Benchmark: org.apache.lucene.benchmark.jmh.StoredFieldsPrefetchBenchmark.retrievePrefetchThenRead_T08
# Parameters: (topK = 10)

# Run progress: 83.33% complete, ETA 00:00:55
# Fork: 1 of 2
WARNING: A terminally deprecated method in sun.misc.Unsafe has been called
WARNING: sun.misc.Unsafe::objectFieldOffset has been called by org.openjdk.jmh.util.Utils (file:/opt/bench/branch/jmh-core-1.37.jar)
WARNING: Please consider reporting this to the maintainers of class org.openjdk.jmh.util.Utils
WARNING: sun.misc.Unsafe::objectFieldOffset will be removed in a future release
# Warmup Iteration   1: Sep 29, 2026 11:59:02 PM org.apache.lucene.internal.vectorization.VectorizationProvider lookup
WARNING: Java vector incubator module is not readable. For optimal vector performance, pass '--add-modules jdk.incubator.vector' to enable Vector API.
6.377 ops/ms
# Warmup Iteration   2: 6.585 ops/ms
Iteration   1: 6.524 ops/ms
Iteration   2: 6.562 ops/ms
Iteration   3: 6.575 ops/ms

# Run progress: 87.50% complete, ETA 00:00:41
# Fork: 2 of 2
WARNING: A terminally deprecated method in sun.misc.Unsafe has been called
WARNING: sun.misc.Unsafe::objectFieldOffset has been called by org.openjdk.jmh.util.Utils (file:/opt/bench/branch/jmh-core-1.37.jar)
WARNING: Please consider reporting this to the maintainers of class org.openjdk.jmh.util.Utils
WARNING: sun.misc.Unsafe::objectFieldOffset will be removed in a future release
# Warmup Iteration   1: Sep 29, 2026 11:59:16 PM org.apache.lucene.internal.vectorization.VectorizationProvider lookup
WARNING: Java vector incubator module is not readable. For optimal vector performance, pass '--add-modules jdk.incubator.vector' to enable Vector API.
6.529 ops/ms
# Warmup Iteration   2: 5.353 ops/ms
Iteration   1: 4.358 ops/ms
Iteration   2: 6.028 ops/ms
Iteration   3: 6.578 ops/ms


Result "org.apache.lucene.benchmark.jmh.StoredFieldsPrefetchBenchmark.retrievePrefetchThenRead_T08":
  6.104 ±(99.9%) 2.473 ops/ms [Average]
  (min, avg, max) = (4.358, 6.104, 6.578), stdev = 0.882
  CI (99.9%): [3.631, 8.577] (assumes normal distribution)


# JMH version: 1.37
# VM version: JDK 25.0.4.1, OpenJDK 64-Bit Server VM, 25.0.4.1+1-LTS
# VM invoker: /opt/jdk-25/bin/java
# VM options: --enable-native-access=ALL-UNNAMED -Xms2g -Xmx2g -Dbench.indexPath=/data/sf-index-10223616 -Dbench.numDocs=10223616 -Dbench.docSizeBytes=4096 -Dbench.readAdvice=RANDOM -Dbench.prefetchWindow=16 -Dbench.dropPageCache=false
# Blackhole mode: compiler (auto-detected, use -Djmh.blackhole.autoDetect=false to disable)
# Warmup: 2 iterations, 2 s each
# Measurement: 3 iterations, 3 s each
# Timeout: 10 min per iteration
# Threads: 8 threads, will synchronize iterations
# Benchmark mode: Throughput, ops/time
# Benchmark: org.apache.lucene.benchmark.jmh.StoredFieldsPrefetchBenchmark.retrievePrefetchThenRead_T08
# Parameters: (topK = 100)

# Run progress: 91.67% complete, ETA 00:00:27
# Fork: 1 of 2
WARNING: A terminally deprecated method in sun.misc.Unsafe has been called
WARNING: sun.misc.Unsafe::objectFieldOffset has been called by org.openjdk.jmh.util.Utils (file:/opt/bench/branch/jmh-core-1.37.jar)
WARNING: Please consider reporting this to the maintainers of class org.openjdk.jmh.util.Utils
WARNING: sun.misc.Unsafe::objectFieldOffset will be removed in a future release
# Warmup Iteration   1: Sep 29, 2026 11:59:31 PM org.apache.lucene.internal.vectorization.VectorizationProvider lookup
WARNING: Java vector incubator module is not readable. For optimal vector performance, pass '--add-modules jdk.incubator.vector' to enable Vector API.
0.632 ops/ms
# Warmup Iteration   2: 0.534 ops/ms
Iteration   1: 0.541 ops/ms
Iteration   2: 0.655 ops/ms
Iteration   3: 0.659 ops/ms

# Run progress: 95.83% complete, ETA 00:00:13
# Fork: 2 of 2
WARNING: A terminally deprecated method in sun.misc.Unsafe has been called
WARNING: sun.misc.Unsafe::objectFieldOffset has been called by org.openjdk.jmh.util.Utils (file:/opt/bench/branch/jmh-core-1.37.jar)
WARNING: Please consider reporting this to the maintainers of class org.openjdk.jmh.util.Utils
WARNING: sun.misc.Unsafe::objectFieldOffset will be removed in a future release
# Warmup Iteration   1: Sep 29, 2026 11:59:45 PM org.apache.lucene.internal.vectorization.VectorizationProvider lookup
WARNING: Java vector incubator module is not readable. For optimal vector performance, pass '--add-modules jdk.incubator.vector' to enable Vector API.
0.618 ops/ms
# Warmup Iteration   2: 0.571 ops/ms
Iteration   1: 0.662 ops/ms
Iteration   2: 0.657 ops/ms
Iteration   3: 0.657 ops/ms


Result "org.apache.lucene.benchmark.jmh.StoredFieldsPrefetchBenchmark.retrievePrefetchThenRead_T08":
  0.638 ±(99.9%) 0.134 ops/ms [Average]
  (min, avg, max) = (0.541, 0.638, 0.662), stdev = 0.048
  CI (99.9%): [0.505, 0.772] (assumes normal distribution)


# Run complete. Total time: 00:05:34

REMEMBER: The numbers below are just data. To gain reusable insights, you need to follow up on
why the numbers are the way they are. Use profilers (see -prof, -lprof), design factorial
experiments, perform baseline and negative tests that provide experimental control, make sure
the benchmarking environment is safe on JVM/OS/HW level, ask for reviews from the domain experts.
Do not assume the numbers tell you what you want them to tell.

NOTE: Current JVM experimentally supports Compiler Blackholes, and they are in use. Please exercise
extra caution when trusting the results, look into the generated code to check the benchmark still
works, and factor in a small probability of new VM bugs. Additionally, while comparisons between
different JVMs are already problematic, the performance difference caused by different Blackhole
modes can be very significant. Please make sure you use the consistent Blackhole mode for comparisons.

Benchmark                                                   (topK)   Mode  Cnt  Score   Error   Units
StoredFieldsPrefetchBenchmark.prefetchOnly_T01                  10  thrpt    6  7.552 ± 0.154  ops/ms
StoredFieldsPrefetchBenchmark.prefetchOnly_T01                 100  thrpt    6  0.755 ± 0.011  ops/ms
StoredFieldsPrefetchBenchmark.prefetchOnly_T08                  10  thrpt    6  7.550 ± 0.198  ops/ms
StoredFieldsPrefetchBenchmark.prefetchOnly_T08                 100  thrpt    6  0.753 ± 0.119  ops/ms
StoredFieldsPrefetchBenchmark.retrieveNoPrefetch_T01            10  thrpt    6  0.610 ± 0.034  ops/ms
StoredFieldsPrefetchBenchmark.retrieveNoPrefetch_T01           100  thrpt    6  0.062 ± 0.006  ops/ms
StoredFieldsPrefetchBenchmark.retrieveNoPrefetch_T08            10  thrpt    6  4.346 ± 0.781  ops/ms
StoredFieldsPrefetchBenchmark.retrieveNoPrefetch_T08           100  thrpt    6  0.440 ± 0.097  ops/ms
StoredFieldsPrefetchBenchmark.retrievePrefetchThenRead_T01      10  thrpt    6  2.951 ± 0.747  ops/ms
StoredFieldsPrefetchBenchmark.retrievePrefetchThenRead_T01     100  thrpt    6  0.357 ± 0.080  ops/ms
StoredFieldsPrefetchBenchmark.retrievePrefetchThenRead_T08      10  thrpt    6  6.104 ± 2.473  ops/ms
StoredFieldsPrefetchBenchmark.retrievePrefetchThenRead_T08     100  thrpt    6  0.638 ± 0.134  ops/ms

Benchmark result is saved to /opt/bench/results/branch-pressure-storedfields.json
== done branch / pressure  2026-09-30T00:00:00Z
== main / cold  ram=31G file=4096MB sfDocs=1000000 drop=true  2026-09-30T00:00:00Z
   jar=/opt/bench/main/lucene-benchmark-jmh-11.0.0-SNAPSHOT.jar
openjdk version "25.0.4.1" 2026-08-18 LTS
WARNING: A terminally deprecated method in sun.misc.Unsafe has been called
WARNING: sun.misc.Unsafe::objectFieldOffset has been called by org.openjdk.jmh.util.Utils (file:/opt/bench/main/jmh-core-1.37.jar)
WARNING: Please consider reporting this to the maintainers of class org.openjdk.jmh.util.Utils
WARNING: sun.misc.Unsafe::objectFieldOffset will be removed in a future release
# JMH version: 1.37
# VM version: JDK 25.0.4.1, OpenJDK 64-Bit Server VM, 25.0.4.1+1-LTS
# VM invoker: /opt/jdk-25/bin/java
# VM options: --enable-native-access=ALL-UNNAMED -Xms2g -Xmx2g -Dbench.file=/data/pread-bench-4096mb.dat -Dbench.fileSizeMB=4096 -Dbench.dropPageCache=true
# Blackhole mode: compiler (auto-detected, use -Djmh.blackhole.autoDetect=false to disable)
# Warmup: 2 iterations, 3 s each
# Measurement: 3 iterations, 5 s each
# Timeout: 10 min per iteration
# Threads: 1 thread, will synchronize iterations
# Benchmark mode: Throughput, ops/time
# Benchmark: org.apache.lucene.benchmark.jmh.RandomReadIOBenchmark.mmapBatchedPrefetch_T01
# Parameters: (readSize = 16384, readsPerOp = 16)

# Run progress: 0.00% complete, ETA 00:11:12
# Fork: 1 of 2
WARNING: A terminally deprecated method in sun.misc.Unsafe has been called
WARNING: sun.misc.Unsafe::objectFieldOffset has been called by org.openjdk.jmh.util.Utils (file:/opt/bench/main/jmh-core-1.37.jar)
WARNING: Please consider reporting this to the maintainers of class org.openjdk.jmh.util.Utils
WARNING: sun.misc.Unsafe::objectFieldOffset will be removed in a future release
# Warmup Iteration   1: 2.921 ops/ms
# Warmup Iteration   2: 1.785 ops/ms
Iteration   1: 1.599 ops/ms
Iteration   2: 16.652 ops/ms
Iteration   3: 43.294 ops/ms

# Run progress: 3.13% complete, ETA 00:12:55
# Fork: 2 of 2
WARNING: A terminally deprecated method in sun.misc.Unsafe has been called
WARNING: sun.misc.Unsafe::objectFieldOffset has been called by org.openjdk.jmh.util.Utils (file:/opt/bench/main/jmh-core-1.37.jar)
WARNING: Please consider reporting this to the maintainers of class org.openjdk.jmh.util.Utils
WARNING: sun.misc.Unsafe::objectFieldOffset will be removed in a future release
# Warmup Iteration   1: 2.762 ops/ms
# Warmup Iteration   2: 1.785 ops/ms
Iteration   1: 1.100 ops/ms
Iteration   2: 9.986 ops/ms
Iteration   3: 42.598 ops/ms


Result "org.apache.lucene.benchmark.jmh.RandomReadIOBenchmark.mmapBatchedPrefetch_T01":
  19.205 ±(99.9%) 54.038 ops/ms [Average]
  (min, avg, max) = (1.100, 19.205, 43.294), stdev = 19.270
  CI (99.9%): [≈ 0, 73.243] (assumes normal distribution)


# JMH version: 1.37
# VM version: JDK 25.0.4.1, OpenJDK 64-Bit Server VM, 25.0.4.1+1-LTS
# VM invoker: /opt/jdk-25/bin/java
# VM options: --enable-native-access=ALL-UNNAMED -Xms2g -Xmx2g -Dbench.file=/data/pread-bench-4096mb.dat -Dbench.fileSizeMB=4096 -Dbench.dropPageCache=true
# Blackhole mode: compiler (auto-detected, use -Djmh.blackhole.autoDetect=false to disable)
# Warmup: 2 iterations, 3 s each
# Measurement: 3 iterations, 5 s each
# Timeout: 10 min per iteration
# Threads: 4 threads, will synchronize iterations
# Benchmark mode: Throughput, ops/time
# Benchmark: org.apache.lucene.benchmark.jmh.RandomReadIOBenchmark.mmapBatchedPrefetch_T04
# Parameters: (readSize = 16384, readsPerOp = 16)

# Run progress: 6.25% complete, ETA 00:11:56
# Fork: 1 of 2
WARNING: A terminally deprecated method in sun.misc.Unsafe has been called
WARNING: sun.misc.Unsafe::objectFieldOffset has been called by org.openjdk.jmh.util.Utils (file:/opt/bench/main/jmh-core-1.37.jar)
WARNING: Please consider reporting this to the maintainers of class org.openjdk.jmh.util.Utils
WARNING: sun.misc.Unsafe::objectFieldOffset will be removed in a future release
# Warmup Iteration   1: 5.518 ops/ms
# Warmup Iteration   2: 105.091 ops/ms
Iteration   1: 171.974 ops/ms
Iteration   2: 170.842 ops/ms
Iteration   3: 167.593 ops/ms

# Run progress: 9.38% complete, ETA 00:11:31
# Fork: 2 of 2
WARNING: A terminally deprecated method in sun.misc.Unsafe has been called
WARNING: sun.misc.Unsafe::objectFieldOffset has been called by org.openjdk.jmh.util.Utils (file:/opt/bench/main/jmh-core-1.37.jar)
WARNING: Please consider reporting this to the maintainers of class org.openjdk.jmh.util.Utils
WARNING: sun.misc.Unsafe::objectFieldOffset will be removed in a future release
# Warmup Iteration   1: 5.389 ops/ms
# Warmup Iteration   2: 103.171 ops/ms
Iteration   1: 172.562 ops/ms
Iteration   2: 171.690 ops/ms
Iteration   3: 170.836 ops/ms


Result "org.apache.lucene.benchmark.jmh.RandomReadIOBenchmark.mmapBatchedPrefetch_T04":
  170.916 ±(99.9%) 4.935 ops/ms [Average]
  (min, avg, max) = (167.593, 170.916, 172.562), stdev = 1.760
  CI (99.9%): [165.981, 175.851] (assumes normal distribution)


# JMH version: 1.37
# VM version: JDK 25.0.4.1, OpenJDK 64-Bit Server VM, 25.0.4.1+1-LTS
# VM invoker: /opt/jdk-25/bin/java
# VM options: --enable-native-access=ALL-UNNAMED -Xms2g -Xmx2g -Dbench.file=/data/pread-bench-4096mb.dat -Dbench.fileSizeMB=4096 -Dbench.dropPageCache=true
# Blackhole mode: compiler (auto-detected, use -Djmh.blackhole.autoDetect=false to disable)
# Warmup: 2 iterations, 3 s each
# Measurement: 3 iterations, 5 s each
# Timeout: 10 min per iteration
# Threads: 8 threads, will synchronize iterations
# Benchmark mode: Throughput, ops/time
# Benchmark: org.apache.lucene.benchmark.jmh.RandomReadIOBenchmark.mmapBatchedPrefetch_T08
# Parameters: (readSize = 16384, readsPerOp = 16)

# Run progress: 12.50% complete, ETA 00:11:07
# Fork: 1 of 2
WARNING: A terminally deprecated method in sun.misc.Unsafe has been called
WARNING: sun.misc.Unsafe::objectFieldOffset has been called by org.openjdk.jmh.util.Utils (file:/opt/bench/main/jmh-core-1.37.jar)
WARNING: Please consider reporting this to the maintainers of class org.openjdk.jmh.util.Utils
WARNING: sun.misc.Unsafe::objectFieldOffset will be removed in a future release
# Warmup Iteration   1: 11.786 ops/ms
# Warmup Iteration   2: 304.842 ops/ms
Iteration   1: 315.240 ops/ms
Iteration   2: 314.614 ops/ms
Iteration   3: 314.937 ops/ms

# Run progress: 15.63% complete, ETA 00:10:43
# Fork: 2 of 2
WARNING: A terminally deprecated method in sun.misc.Unsafe has been called
WARNING: sun.misc.Unsafe::objectFieldOffset has been called by org.openjdk.jmh.util.Utils (file:/opt/bench/main/jmh-core-1.37.jar)
WARNING: Please consider reporting this to the maintainers of class org.openjdk.jmh.util.Utils
WARNING: sun.misc.Unsafe::objectFieldOffset will be removed in a future release
# Warmup Iteration   1: 11.205 ops/ms
# Warmup Iteration   2: 298.762 ops/ms
Iteration   1: 312.658 ops/ms
Iteration   2: 303.516 ops/ms
Iteration   3: 306.264 ops/ms


Result "org.apache.lucene.benchmark.jmh.RandomReadIOBenchmark.mmapBatchedPrefetch_T08":
  311.205 ±(99.9%) 14.159 ops/ms [Average]
  (min, avg, max) = (303.516, 311.205, 315.240), stdev = 5.049
  CI (99.9%): [297.046, 325.363] (assumes normal distribution)


# JMH version: 1.37
# VM version: JDK 25.0.4.1, OpenJDK 64-Bit Server VM, 25.0.4.1+1-LTS
# VM invoker: /opt/jdk-25/bin/java
# VM options: --enable-native-access=ALL-UNNAMED -Xms2g -Xmx2g -Dbench.file=/data/pread-bench-4096mb.dat -Dbench.fileSizeMB=4096 -Dbench.dropPageCache=true
# Blackhole mode: compiler (auto-detected, use -Djmh.blackhole.autoDetect=false to disable)
# Warmup: 2 iterations, 3 s each
# Measurement: 3 iterations, 5 s each
# Timeout: 10 min per iteration
# Threads: 16 threads, will synchronize iterations
# Benchmark mode: Throughput, ops/time
# Benchmark: org.apache.lucene.benchmark.jmh.RandomReadIOBenchmark.mmapBatchedPrefetch_T16
# Parameters: (readSize = 16384, readsPerOp = 16)

# Run progress: 18.75% complete, ETA 00:10:19
# Fork: 1 of 2
WARNING: A terminally deprecated method in sun.misc.Unsafe has been called
WARNING: sun.misc.Unsafe::objectFieldOffset has been called by org.openjdk.jmh.util.Utils (file:/opt/bench/main/jmh-core-1.37.jar)
WARNING: Please consider reporting this to the maintainers of class org.openjdk.jmh.util.Utils
WARNING: sun.misc.Unsafe::objectFieldOffset will be removed in a future release
# Warmup Iteration   1: 19.719 ops/ms
# Warmup Iteration   2: 320.497 ops/ms
Iteration   1: 320.584 ops/ms
Iteration   2: 322.711 ops/ms
Iteration   3: 320.409 ops/ms

# Run progress: 21.88% complete, ETA 00:09:57
# Fork: 2 of 2
WARNING: A terminally deprecated method in sun.misc.Unsafe has been called
WARNING: sun.misc.Unsafe::objectFieldOffset has been called by org.openjdk.jmh.util.Utils (file:/opt/bench/main/jmh-core-1.37.jar)
WARNING: Please consider reporting this to the maintainers of class org.openjdk.jmh.util.Utils
WARNING: sun.misc.Unsafe::objectFieldOffset will be removed in a future release
# Warmup Iteration   1: 20.058 ops/ms
# Warmup Iteration   2: 321.381 ops/ms
Iteration   1: 323.364 ops/ms
Iteration   2: 322.749 ops/ms
Iteration   3: 322.706 ops/ms


Result "org.apache.lucene.benchmark.jmh.RandomReadIOBenchmark.mmapBatchedPrefetch_T16":
  322.087 ±(99.9%) 3.528 ops/ms [Average]
  (min, avg, max) = (320.409, 322.087, 323.364), stdev = 1.258
  CI (99.9%): [318.559, 325.615] (assumes normal distribution)


# JMH version: 1.37
# VM version: JDK 25.0.4.1, OpenJDK 64-Bit Server VM, 25.0.4.1+1-LTS
# VM invoker: /opt/jdk-25/bin/java
# VM options: --enable-native-access=ALL-UNNAMED -Xms2g -Xmx2g -Dbench.file=/data/pread-bench-4096mb.dat -Dbench.fileSizeMB=4096 -Dbench.dropPageCache=true
# Blackhole mode: compiler (auto-detected, use -Djmh.blackhole.autoDetect=false to disable)
# Warmup: 2 iterations, 3 s each
# Measurement: 3 iterations, 5 s each
# Timeout: 10 min per iteration
# Threads: 1 thread, will synchronize iterations
# Benchmark mode: Throughput, ops/time
# Benchmark: org.apache.lucene.benchmark.jmh.RandomReadIOBenchmark.mmapRandomBatchedPrefetch_T01
# Parameters: (readSize = 16384, readsPerOp = 16)

# Run progress: 25.00% complete, ETA 00:09:35
# Fork: 1 of 2
WARNING: A terminally deprecated method in sun.misc.Unsafe has been called
WARNING: sun.misc.Unsafe::objectFieldOffset has been called by org.openjdk.jmh.util.Utils (file:/opt/bench/main/jmh-core-1.37.jar)
WARNING: Please consider reporting this to the maintainers of class org.openjdk.jmh.util.Utils
WARNING: sun.misc.Unsafe::objectFieldOffset will be removed in a future release
# Warmup Iteration   1: 2.666 ops/ms
# Warmup Iteration   2: 1.523 ops/ms
Iteration   1: 0.962 ops/ms
Iteration   2: 0.379 ops/ms
Iteration   3: 0.422 ops/ms

# Run progress: 28.13% complete, ETA 00:09:07
# Fork: 2 of 2
WARNING: A terminally deprecated method in sun.misc.Unsafe has been called
WARNING: sun.misc.Unsafe::objectFieldOffset has been called by org.openjdk.jmh.util.Utils (file:/opt/bench/main/jmh-core-1.37.jar)
WARNING: Please consider reporting this to the maintainers of class org.openjdk.jmh.util.Utils
WARNING: sun.misc.Unsafe::objectFieldOffset will be removed in a future release
# Warmup Iteration   1: 2.726 ops/ms
# Warmup Iteration   2: 1.716 ops/ms
Iteration   1: 0.840 ops/ms
Iteration   2: 0.632 ops/ms
Iteration   3: 0.571 ops/ms


Result "org.apache.lucene.benchmark.jmh.RandomReadIOBenchmark.mmapRandomBatchedPrefetch_T01":
  0.634 ±(99.9%) 0.645 ops/ms [Average]
  (min, avg, max) = (0.379, 0.634, 0.962), stdev = 0.230
  CI (99.9%): [≈ 0, 1.279] (assumes normal distribution)


# JMH version: 1.37
# VM version: JDK 25.0.4.1, OpenJDK 64-Bit Server VM, 25.0.4.1+1-LTS
# VM invoker: /opt/jdk-25/bin/java
# VM options: --enable-native-access=ALL-UNNAMED -Xms2g -Xmx2g -Dbench.file=/data/pread-bench-4096mb.dat -Dbench.fileSizeMB=4096 -Dbench.dropPageCache=true
# Blackhole mode: compiler (auto-detected, use -Djmh.blackhole.autoDetect=false to disable)
# Warmup: 2 iterations, 3 s each
# Measurement: 3 iterations, 5 s each
# Timeout: 10 min per iteration
# Threads: 4 threads, will synchronize iterations
# Benchmark mode: Throughput, ops/time
# Benchmark: org.apache.lucene.benchmark.jmh.RandomReadIOBenchmark.mmapRandomBatchedPrefetch_T04
# Parameters: (readSize = 16384, readsPerOp = 16)

# Run progress: 31.25% complete, ETA 00:08:41
# Fork: 1 of 2
WARNING: A terminally deprecated method in sun.misc.Unsafe has been called
WARNING: sun.misc.Unsafe::objectFieldOffset has been called by org.openjdk.jmh.util.Utils (file:/opt/bench/main/jmh-core-1.37.jar)
WARNING: Please consider reporting this to the maintainers of class org.openjdk.jmh.util.Utils
WARNING: sun.misc.Unsafe::objectFieldOffset will be removed in a future release
# Warmup Iteration   1: 5.368 ops/ms
# Warmup Iteration   2: 1.740 ops/ms
Iteration   1: 3.125 ops/ms
Iteration   2: 96.902 ops/ms
Iteration   3: 169.358 ops/ms

# Run progress: 34.38% complete, ETA 00:08:17
# Fork: 2 of 2
WARNING: A terminally deprecated method in sun.misc.Unsafe has been called
WARNING: sun.misc.Unsafe::objectFieldOffset has been called by org.openjdk.jmh.util.Utils (file:/opt/bench/main/jmh-core-1.37.jar)
WARNING: Please consider reporting this to the maintainers of class org.openjdk.jmh.util.Utils
WARNING: sun.misc.Unsafe::objectFieldOffset will be removed in a future release
# Warmup Iteration   1: 5.377 ops/ms
# Warmup Iteration   2: 1.865 ops/ms
Iteration   1: 3.248 ops/ms
Iteration   2: 103.315 ops/ms
Iteration   3: 169.748 ops/ms


Result "org.apache.lucene.benchmark.jmh.RandomReadIOBenchmark.mmapRandomBatchedPrefetch_T04":
  90.949 ±(99.9%) 209.659 ops/ms [Average]
  (min, avg, max) = (3.125, 90.949, 169.748), stdev = 74.766
  CI (99.9%): [≈ 0, 300.608] (assumes normal distribution)


# JMH version: 1.37
# VM version: JDK 25.0.4.1, OpenJDK 64-Bit Server VM, 25.0.4.1+1-LTS
# VM invoker: /opt/jdk-25/bin/java
# VM options: --enable-native-access=ALL-UNNAMED -Xms2g -Xmx2g -Dbench.file=/data/pread-bench-4096mb.dat -Dbench.fileSizeMB=4096 -Dbench.dropPageCache=true
# Blackhole mode: compiler (auto-detected, use -Djmh.blackhole.autoDetect=false to disable)
# Warmup: 2 iterations, 3 s each
# Measurement: 3 iterations, 5 s each
# Timeout: 10 min per iteration
# Threads: 8 threads, will synchronize iterations
# Benchmark mode: Throughput, ops/time
# Benchmark: org.apache.lucene.benchmark.jmh.RandomReadIOBenchmark.mmapRandomBatchedPrefetch_T08
# Parameters: (readSize = 16384, readsPerOp = 16)

# Run progress: 37.50% complete, ETA 00:07:54
# Fork: 1 of 2
WARNING: A terminally deprecated method in sun.misc.Unsafe has been called
WARNING: sun.misc.Unsafe::objectFieldOffset has been called by org.openjdk.jmh.util.Utils (file:/opt/bench/main/jmh-core-1.37.jar)
WARNING: Please consider reporting this to the maintainers of class org.openjdk.jmh.util.Utils
WARNING: sun.misc.Unsafe::objectFieldOffset will be removed in a future release
# Warmup Iteration   1: 6.265 ops/ms
# Warmup Iteration   2: 5.602 ops/ms
Iteration   1: 232.136 ops/ms
Iteration   2: 308.533 ops/ms
Iteration   3: 308.237 ops/ms

# Run progress: 40.63% complete, ETA 00:07:30
# Fork: 2 of 2
WARNING: A terminally deprecated method in sun.misc.Unsafe has been called
WARNING: sun.misc.Unsafe::objectFieldOffset has been called by org.openjdk.jmh.util.Utils (file:/opt/bench/main/jmh-core-1.37.jar)
WARNING: Please consider reporting this to the maintainers of class org.openjdk.jmh.util.Utils
WARNING: sun.misc.Unsafe::objectFieldOffset will be removed in a future release
# Warmup Iteration   1: 6.379 ops/ms
# Warmup Iteration   2: 5.096 ops/ms
Iteration   1: 223.831 ops/ms
Iteration   2: 305.584 ops/ms
Iteration   3: 310.358 ops/ms


Result "org.apache.lucene.benchmark.jmh.RandomReadIOBenchmark.mmapRandomBatchedPrefetch_T08":
  281.446 ±(99.9%) 116.440 ops/ms [Average]
  (min, avg, max) = (223.831, 281.446, 310.358), stdev = 41.524
  CI (99.9%): [165.006, 397.886] (assumes normal distribution)


# JMH version: 1.37
# VM version: JDK 25.0.4.1, OpenJDK 64-Bit Server VM, 25.0.4.1+1-LTS
# VM invoker: /opt/jdk-25/bin/java
# VM options: --enable-native-access=ALL-UNNAMED -Xms2g -Xmx2g -Dbench.file=/data/pread-bench-4096mb.dat -Dbench.fileSizeMB=4096 -Dbench.dropPageCache=true
# Blackhole mode: compiler (auto-detected, use -Djmh.blackhole.autoDetect=false to disable)
# Warmup: 2 iterations, 3 s each
# Measurement: 3 iterations, 5 s each
# Timeout: 10 min per iteration
# Threads: 16 threads, will synchronize iterations
# Benchmark mode: Throughput, ops/time
# Benchmark: org.apache.lucene.benchmark.jmh.RandomReadIOBenchmark.mmapRandomBatchedPrefetch_T16
# Parameters: (readSize = 16384, readsPerOp = 16)

# Run progress: 43.75% complete, ETA 00:07:06
# Fork: 1 of 2
WARNING: A terminally deprecated method in sun.misc.Unsafe has been called
WARNING: sun.misc.Unsafe::objectFieldOffset has been called by org.openjdk.jmh.util.Utils (file:/opt/bench/main/jmh-core-1.37.jar)
WARNING: Please consider reporting this to the maintainers of class org.openjdk.jmh.util.Utils
WARNING: sun.misc.Unsafe::objectFieldOffset will be removed in a future release
# Warmup Iteration   1: 7.232 ops/ms
# Warmup Iteration   2: 95.207 ops/ms
Iteration   1: 314.117 ops/ms
Iteration   2: 309.817 ops/ms
Iteration   3: 305.983 ops/ms

# Run progress: 46.88% complete, ETA 00:06:44
# Fork: 2 of 2
WARNING: A terminally deprecated method in sun.misc.Unsafe has been called
WARNING: sun.misc.Unsafe::objectFieldOffset has been called by org.openjdk.jmh.util.Utils (file:/opt/bench/main/jmh-core-1.37.jar)
WARNING: Please consider reporting this to the maintainers of class org.openjdk.jmh.util.Utils
WARNING: sun.misc.Unsafe::objectFieldOffset will be removed in a future release
# Warmup Iteration   1: 7.354 ops/ms
# Warmup Iteration   2: 105.752 ops/ms
Iteration   1: 304.653 ops/ms
Iteration   2: 304.969 ops/ms
Iteration   3: 303.866 ops/ms


Result "org.apache.lucene.benchmark.jmh.RandomReadIOBenchmark.mmapRandomBatchedPrefetch_T16":
  307.234 ±(99.9%) 11.128 ops/ms [Average]
  (min, avg, max) = (303.866, 307.234, 314.117), stdev = 3.968
  CI (99.9%): [296.106, 318.362] (assumes normal distribution)


# JMH version: 1.37
# VM version: JDK 25.0.4.1, OpenJDK 64-Bit Server VM, 25.0.4.1+1-LTS
# VM invoker: /opt/jdk-25/bin/java
# VM options: --enable-native-access=ALL-UNNAMED -Xms2g -Xmx2g -Dbench.file=/data/pread-bench-4096mb.dat -Dbench.fileSizeMB=4096 -Dbench.dropPageCache=true
# Blackhole mode: compiler (auto-detected, use -Djmh.blackhole.autoDetect=false to disable)
# Warmup: 2 iterations, 3 s each
# Measurement: 3 iterations, 5 s each
# Timeout: 10 min per iteration
# Threads: 1 thread, will synchronize iterations
# Benchmark mode: Throughput, ops/time
# Benchmark: org.apache.lucene.benchmark.jmh.RandomReadIOBenchmark.mmapRandom_T01
# Parameters: (readSize = 16384, readsPerOp = 16)

# Run progress: 50.00% complete, ETA 00:06:21
# Fork: 1 of 2
WARNING: A terminally deprecated method in sun.misc.Unsafe has been called
WARNING: sun.misc.Unsafe::objectFieldOffset has been called by org.openjdk.jmh.util.Utils (file:/opt/bench/main/jmh-core-1.37.jar)
WARNING: Please consider reporting this to the maintainers of class org.openjdk.jmh.util.Utils
WARNING: sun.misc.Unsafe::objectFieldOffset will be removed in a future release
# Warmup Iteration   1: 0.098 ops/ms
# Warmup Iteration   2: 0.101 ops/ms
Iteration   1: 0.103 ops/ms
Iteration   2: 0.109 ops/ms
Iteration   3: 0.111 ops/ms

# Run progress: 53.13% complete, ETA 00:05:56
# Fork: 2 of 2
WARNING: A terminally deprecated method in sun.misc.Unsafe has been called
WARNING: sun.misc.Unsafe::objectFieldOffset has been called by org.openjdk.jmh.util.Utils (file:/opt/bench/main/jmh-core-1.37.jar)
WARNING: Please consider reporting this to the maintainers of class org.openjdk.jmh.util.Utils
WARNING: sun.misc.Unsafe::objectFieldOffset will be removed in a future release
# Warmup Iteration   1: 0.097 ops/ms
# Warmup Iteration   2: 0.101 ops/ms
Iteration   1: 0.103 ops/ms
Iteration   2: 0.110 ops/ms
Iteration   3: 0.114 ops/ms


Result "org.apache.lucene.benchmark.jmh.RandomReadIOBenchmark.mmapRandom_T01":
  0.108 ±(99.9%) 0.012 ops/ms [Average]
  (min, avg, max) = (0.103, 0.108, 0.114), stdev = 0.004
  CI (99.9%): [0.096, 0.120] (assumes normal distribution)


# JMH version: 1.37
# VM version: JDK 25.0.4.1, OpenJDK 64-Bit Server VM, 25.0.4.1+1-LTS
# VM invoker: /opt/jdk-25/bin/java
# VM options: --enable-native-access=ALL-UNNAMED -Xms2g -Xmx2g -Dbench.file=/data/pread-bench-4096mb.dat -Dbench.fileSizeMB=4096 -Dbench.dropPageCache=true
# Blackhole mode: compiler (auto-detected, use -Djmh.blackhole.autoDetect=false to disable)
# Warmup: 2 iterations, 3 s each
# Measurement: 3 iterations, 5 s each
# Timeout: 10 min per iteration
# Threads: 4 threads, will synchronize iterations
# Benchmark mode: Throughput, ops/time
# Benchmark: org.apache.lucene.benchmark.jmh.RandomReadIOBenchmark.mmapRandom_T04
# Parameters: (readSize = 16384, readsPerOp = 16)

# Run progress: 56.25% complete, ETA 00:05:31
# Fork: 1 of 2
WARNING: A terminally deprecated method in sun.misc.Unsafe has been called
WARNING: sun.misc.Unsafe::objectFieldOffset has been called by org.openjdk.jmh.util.Utils (file:/opt/bench/main/jmh-core-1.37.jar)
WARNING: Please consider reporting this to the maintainers of class org.openjdk.jmh.util.Utils
WARNING: sun.misc.Unsafe::objectFieldOffset will be removed in a future release
# Warmup Iteration   1: 0.393 ops/ms
# Warmup Iteration   2: 0.430 ops/ms
Iteration   1: 0.462 ops/ms
Iteration   2: 0.541 ops/ms
Iteration   3: 0.655 ops/ms

# Run progress: 59.38% complete, ETA 00:05:07
# Fork: 2 of 2
WARNING: A terminally deprecated method in sun.misc.Unsafe has been called
WARNING: sun.misc.Unsafe::objectFieldOffset has been called by org.openjdk.jmh.util.Utils (file:/opt/bench/main/jmh-core-1.37.jar)
WARNING: Please consider reporting this to the maintainers of class org.openjdk.jmh.util.Utils
WARNING: sun.misc.Unsafe::objectFieldOffset will be removed in a future release
# Warmup Iteration   1: 0.323 ops/ms
# Warmup Iteration   2: 0.404 ops/ms
Iteration   1: 0.408 ops/ms
Iteration   2: 0.494 ops/ms
Iteration   3: 0.624 ops/ms


Result "org.apache.lucene.benchmark.jmh.RandomReadIOBenchmark.mmapRandom_T04":
  0.531 ±(99.9%) 0.266 ops/ms [Average]
  (min, avg, max) = (0.408, 0.531, 0.655), stdev = 0.095
  CI (99.9%): [0.264, 0.797] (assumes normal distribution)


# JMH version: 1.37
# VM version: JDK 25.0.4.1, OpenJDK 64-Bit Server VM, 25.0.4.1+1-LTS
# VM invoker: /opt/jdk-25/bin/java
# VM options: --enable-native-access=ALL-UNNAMED -Xms2g -Xmx2g -Dbench.file=/data/pread-bench-4096mb.dat -Dbench.fileSizeMB=4096 -Dbench.dropPageCache=true
# Blackhole mode: compiler (auto-detected, use -Djmh.blackhole.autoDetect=false to disable)
# Warmup: 2 iterations, 3 s each
# Measurement: 3 iterations, 5 s each
# Timeout: 10 min per iteration
# Threads: 8 threads, will synchronize iterations
# Benchmark mode: Throughput, ops/time
# Benchmark: org.apache.lucene.benchmark.jmh.RandomReadIOBenchmark.mmapRandom_T08
# Parameters: (readSize = 16384, readsPerOp = 16)

# Run progress: 62.50% complete, ETA 00:04:43
# Fork: 1 of 2
WARNING: A terminally deprecated method in sun.misc.Unsafe has been called
WARNING: sun.misc.Unsafe::objectFieldOffset has been called by org.openjdk.jmh.util.Utils (file:/opt/bench/main/jmh-core-1.37.jar)
WARNING: Please consider reporting this to the maintainers of class org.openjdk.jmh.util.Utils
WARNING: sun.misc.Unsafe::objectFieldOffset will be removed in a future release
# Warmup Iteration   1: 0.704 ops/ms
# Warmup Iteration   2: 0.815 ops/ms
Iteration   1: 0.951 ops/ms
Iteration   2: 1.927 ops/ms
Iteration   3: 20.148 ops/ms

# Run progress: 65.63% complete, ETA 00:04:19
# Fork: 2 of 2
WARNING: A terminally deprecated method in sun.misc.Unsafe has been called
WARNING: sun.misc.Unsafe::objectFieldOffset has been called by org.openjdk.jmh.util.Utils (file:/opt/bench/main/jmh-core-1.37.jar)
WARNING: Please consider reporting this to the maintainers of class org.openjdk.jmh.util.Utils
WARNING: sun.misc.Unsafe::objectFieldOffset will be removed in a future release
# Warmup Iteration   1: 0.715 ops/ms
# Warmup Iteration   2: 0.866 ops/ms
Iteration   1: 1.172 ops/ms
Iteration   2: 2.155 ops/ms
Iteration   3: 60.300 ops/ms


Result "org.apache.lucene.benchmark.jmh.RandomReadIOBenchmark.mmapRandom_T08":
  14.442 ±(99.9%) 66.373 ops/ms [Average]
  (min, avg, max) = (0.951, 14.442, 60.300), stdev = 23.669
  CI (99.9%): [≈ 0, 80.815] (assumes normal distribution)


# JMH version: 1.37
# VM version: JDK 25.0.4.1, OpenJDK 64-Bit Server VM, 25.0.4.1+1-LTS
# VM invoker: /opt/jdk-25/bin/java
# VM options: --enable-native-access=ALL-UNNAMED -Xms2g -Xmx2g -Dbench.file=/data/pread-bench-4096mb.dat -Dbench.fileSizeMB=4096 -Dbench.dropPageCache=true
# Blackhole mode: compiler (auto-detected, use -Djmh.blackhole.autoDetect=false to disable)
# Warmup: 2 iterations, 3 s each
# Measurement: 3 iterations, 5 s each
# Timeout: 10 min per iteration
# Threads: 16 threads, will synchronize iterations
# Benchmark mode: Throughput, ops/time
# Benchmark: org.apache.lucene.benchmark.jmh.RandomReadIOBenchmark.mmapRandom_T16
# Parameters: (readSize = 16384, readsPerOp = 16)

# Run progress: 68.75% complete, ETA 00:03:55
# Fork: 1 of 2
WARNING: A terminally deprecated method in sun.misc.Unsafe has been called
WARNING: sun.misc.Unsafe::objectFieldOffset has been called by org.openjdk.jmh.util.Utils (file:/opt/bench/main/jmh-core-1.37.jar)
WARNING: Please consider reporting this to the maintainers of class org.openjdk.jmh.util.Utils
WARNING: sun.misc.Unsafe::objectFieldOffset will be removed in a future release
# Warmup Iteration   1: 1.352 ops/ms
# Warmup Iteration   2: 1.952 ops/ms
Iteration   1: 6.556 ops/ms
Iteration   2: 290.908 ops/ms
Iteration   3: 314.246 ops/ms

# Run progress: 71.88% complete, ETA 00:03:32
# Fork: 2 of 2
WARNING: A terminally deprecated method in sun.misc.Unsafe has been called
WARNING: sun.misc.Unsafe::objectFieldOffset has been called by org.openjdk.jmh.util.Utils (file:/opt/bench/main/jmh-core-1.37.jar)
WARNING: Please consider reporting this to the maintainers of class org.openjdk.jmh.util.Utils
WARNING: sun.misc.Unsafe::objectFieldOffset will be removed in a future release
# Warmup Iteration   1: 1.326 ops/ms
# Warmup Iteration   2: 1.966 ops/ms
Iteration   1: 7.551 ops/ms
Iteration   2: 295.484 ops/ms
Iteration   3: 317.020 ops/ms


Result "org.apache.lucene.benchmark.jmh.RandomReadIOBenchmark.mmapRandom_T16":
  205.294 ±(99.9%) 431.546 ops/ms [Average]
  (min, avg, max) = (6.556, 205.294, 317.020), stdev = 153.894
  CI (99.9%): [≈ 0, 636.840] (assumes normal distribution)


# JMH version: 1.37
# VM version: JDK 25.0.4.1, OpenJDK 64-Bit Server VM, 25.0.4.1+1-LTS
# VM invoker: /opt/jdk-25/bin/java
# VM options: --enable-native-access=ALL-UNNAMED -Xms2g -Xmx2g -Dbench.file=/data/pread-bench-4096mb.dat -Dbench.fileSizeMB=4096 -Dbench.dropPageCache=true
# Blackhole mode: compiler (auto-detected, use -Djmh.blackhole.autoDetect=false to disable)
# Warmup: 2 iterations, 3 s each
# Measurement: 3 iterations, 5 s each
# Timeout: 10 min per iteration
# Threads: 1 thread, will synchronize iterations
# Benchmark mode: Throughput, ops/time
# Benchmark: org.apache.lucene.benchmark.jmh.RandomReadIOBenchmark.mmap_T01
# Parameters: (readSize = 16384, readsPerOp = 16)

# Run progress: 75.00% complete, ETA 00:03:09
# Fork: 1 of 2
WARNING: A terminally deprecated method in sun.misc.Unsafe has been called
WARNING: sun.misc.Unsafe::objectFieldOffset has been called by org.openjdk.jmh.util.Utils (file:/opt/bench/main/jmh-core-1.37.jar)
WARNING: Please consider reporting this to the maintainers of class org.openjdk.jmh.util.Utils
WARNING: sun.misc.Unsafe::objectFieldOffset will be removed in a future release
# Warmup Iteration   1: 0.290 ops/ms
# Warmup Iteration   2: 0.387 ops/ms
Iteration   1: 0.753 ops/ms
Iteration   2: 5.252 ops/ms
Iteration   3: 37.344 ops/ms

# Run progress: 78.13% complete, ETA 00:02:45
# Fork: 2 of 2
WARNING: A terminally deprecated method in sun.misc.Unsafe has been called
WARNING: sun.misc.Unsafe::objectFieldOffset has been called by org.openjdk.jmh.util.Utils (file:/opt/bench/main/jmh-core-1.37.jar)
WARNING: Please consider reporting this to the maintainers of class org.openjdk.jmh.util.Utils
WARNING: sun.misc.Unsafe::objectFieldOffset will be removed in a future release
# Warmup Iteration   1: 0.303 ops/ms
# Warmup Iteration   2: 0.389 ops/ms
Iteration   1: 0.764 ops/ms
Iteration   2: 5.831 ops/ms
Iteration   3: 39.013 ops/ms


Result "org.apache.lucene.benchmark.jmh.RandomReadIOBenchmark.mmap_T01":
  14.826 ±(99.9%) 51.102 ops/ms [Average]
  (min, avg, max) = (0.753, 14.826, 39.013), stdev = 18.223
  CI (99.9%): [≈ 0, 65.928] (assumes normal distribution)


# JMH version: 1.37
# VM version: JDK 25.0.4.1, OpenJDK 64-Bit Server VM, 25.0.4.1+1-LTS
# VM invoker: /opt/jdk-25/bin/java
# VM options: --enable-native-access=ALL-UNNAMED -Xms2g -Xmx2g -Dbench.file=/data/pread-bench-4096mb.dat -Dbench.fileSizeMB=4096 -Dbench.dropPageCache=true
# Blackhole mode: compiler (auto-detected, use -Djmh.blackhole.autoDetect=false to disable)
# Warmup: 2 iterations, 3 s each
# Measurement: 3 iterations, 5 s each
# Timeout: 10 min per iteration
# Threads: 4 threads, will synchronize iterations
# Benchmark mode: Throughput, ops/time
# Benchmark: org.apache.lucene.benchmark.jmh.RandomReadIOBenchmark.mmap_T04
# Parameters: (readSize = 16384, readsPerOp = 16)

# Run progress: 81.25% complete, ETA 00:02:21
# Fork: 1 of 2
WARNING: A terminally deprecated method in sun.misc.Unsafe has been called
WARNING: sun.misc.Unsafe::objectFieldOffset has been called by org.openjdk.jmh.util.Utils (file:/opt/bench/main/jmh-core-1.37.jar)
WARNING: Please consider reporting this to the maintainers of class org.openjdk.jmh.util.Utils
WARNING: sun.misc.Unsafe::objectFieldOffset will be removed in a future release
# Warmup Iteration   1: 4.138 ops/ms
# Warmup Iteration   2: 133.835 ops/ms
Iteration   1: 169.603 ops/ms
Iteration   2: 170.199 ops/ms
Iteration   3: 170.025 ops/ms

# Run progress: 84.38% complete, ETA 00:01:58
# Fork: 2 of 2
WARNING: A terminally deprecated method in sun.misc.Unsafe has been called
WARNING: sun.misc.Unsafe::objectFieldOffset has been called by org.openjdk.jmh.util.Utils (file:/opt/bench/main/jmh-core-1.37.jar)
WARNING: Please consider reporting this to the maintainers of class org.openjdk.jmh.util.Utils
WARNING: sun.misc.Unsafe::objectFieldOffset will be removed in a future release
# Warmup Iteration   1: 2.885 ops/ms
# Warmup Iteration   2: 114.919 ops/ms
Iteration   1: 168.427 ops/ms
Iteration   2: 167.792 ops/ms
Iteration   3: 169.362 ops/ms


Result "org.apache.lucene.benchmark.jmh.RandomReadIOBenchmark.mmap_T04":
  169.235 ±(99.9%) 2.642 ops/ms [Average]
  (min, avg, max) = (167.792, 169.235, 170.199), stdev = 0.942
  CI (99.9%): [166.592, 171.877] (assumes normal distribution)


# JMH version: 1.37
# VM version: JDK 25.0.4.1, OpenJDK 64-Bit Server VM, 25.0.4.1+1-LTS
# VM invoker: /opt/jdk-25/bin/java
# VM options: --enable-native-access=ALL-UNNAMED -Xms2g -Xmx2g -Dbench.file=/data/pread-bench-4096mb.dat -Dbench.fileSizeMB=4096 -Dbench.dropPageCache=true
# Blackhole mode: compiler (auto-detected, use -Djmh.blackhole.autoDetect=false to disable)
# Warmup: 2 iterations, 3 s each
# Measurement: 3 iterations, 5 s each
# Timeout: 10 min per iteration
# Threads: 8 threads, will synchronize iterations
# Benchmark mode: Throughput, ops/time
# Benchmark: org.apache.lucene.benchmark.jmh.RandomReadIOBenchmark.mmap_T08
# Parameters: (readSize = 16384, readsPerOp = 16)

# Run progress: 87.50% complete, ETA 00:01:34
# Fork: 1 of 2
WARNING: A terminally deprecated method in sun.misc.Unsafe has been called
WARNING: sun.misc.Unsafe::objectFieldOffset has been called by org.openjdk.jmh.util.Utils (file:/opt/bench/main/jmh-core-1.37.jar)
WARNING: Please consider reporting this to the maintainers of class org.openjdk.jmh.util.Utils
WARNING: sun.misc.Unsafe::objectFieldOffset will be removed in a future release
# Warmup Iteration   1: 12.620 ops/ms
# Warmup Iteration   2: 299.910 ops/ms
Iteration   1: 303.548 ops/ms
Iteration   2: 304.178 ops/ms
Iteration   3: 312.000 ops/ms

# Run progress: 90.63% complete, ETA 00:01:10
# Fork: 2 of 2
WARNING: A terminally deprecated method in sun.misc.Unsafe has been called
WARNING: sun.misc.Unsafe::objectFieldOffset has been called by org.openjdk.jmh.util.Utils (file:/opt/bench/main/jmh-core-1.37.jar)
WARNING: Please consider reporting this to the maintainers of class org.openjdk.jmh.util.Utils
WARNING: sun.misc.Unsafe::objectFieldOffset will be removed in a future release
# Warmup Iteration   1: 13.186 ops/ms
# Warmup Iteration   2: 308.506 ops/ms
Iteration   1: 317.414 ops/ms
Iteration   2: 316.069 ops/ms
Iteration   3: 315.441 ops/ms


Result "org.apache.lucene.benchmark.jmh.RandomReadIOBenchmark.mmap_T08":
  311.442 ±(99.9%) 17.215 ops/ms [Average]
  (min, avg, max) = (303.548, 311.442, 317.414), stdev = 6.139
  CI (99.9%): [294.226, 328.657] (assumes normal distribution)


# JMH version: 1.37
# VM version: JDK 25.0.4.1, OpenJDK 64-Bit Server VM, 25.0.4.1+1-LTS
# VM invoker: /opt/jdk-25/bin/java
# VM options: --enable-native-access=ALL-UNNAMED -Xms2g -Xmx2g -Dbench.file=/data/pread-bench-4096mb.dat -Dbench.fileSizeMB=4096 -Dbench.dropPageCache=true
# Blackhole mode: compiler (auto-detected, use -Djmh.blackhole.autoDetect=false to disable)
# Warmup: 2 iterations, 3 s each
# Measurement: 3 iterations, 5 s each
# Timeout: 10 min per iteration
# Threads: 16 threads, will synchronize iterations
# Benchmark mode: Throughput, ops/time
# Benchmark: org.apache.lucene.benchmark.jmh.RandomReadIOBenchmark.mmap_T16
# Parameters: (readSize = 16384, readsPerOp = 16)

# Run progress: 93.75% complete, ETA 00:00:47
# Fork: 1 of 2
WARNING: A terminally deprecated method in sun.misc.Unsafe has been called
WARNING: sun.misc.Unsafe::objectFieldOffset has been called by org.openjdk.jmh.util.Utils (file:/opt/bench/main/jmh-core-1.37.jar)
WARNING: Please consider reporting this to the maintainers of class org.openjdk.jmh.util.Utils
WARNING: sun.misc.Unsafe::objectFieldOffset will be removed in a future release
# Warmup Iteration   1: 17.728 ops/ms
# Warmup Iteration   2: 330.331 ops/ms
Iteration   1: 331.114 ops/ms
Iteration   2: 332.137 ops/ms
Iteration   3: 330.906 ops/ms

# Run progress: 96.88% complete, ETA 00:00:23
# Fork: 2 of 2
WARNING: A terminally deprecated method in sun.misc.Unsafe has been called
WARNING: sun.misc.Unsafe::objectFieldOffset has been called by org.openjdk.jmh.util.Utils (file:/opt/bench/main/jmh-core-1.37.jar)
WARNING: Please consider reporting this to the maintainers of class org.openjdk.jmh.util.Utils
WARNING: sun.misc.Unsafe::objectFieldOffset will be removed in a future release
# Warmup Iteration   1: 17.978 ops/ms
# Warmup Iteration   2: 330.136 ops/ms
Iteration   1: 331.611 ops/ms
Iteration   2: 330.757 ops/ms
Iteration   3: 330.025 ops/ms


Result "org.apache.lucene.benchmark.jmh.RandomReadIOBenchmark.mmap_T16":
  331.092 ±(99.9%) 2.041 ops/ms [Average]
  (min, avg, max) = (330.025, 331.092, 332.137), stdev = 0.728
  CI (99.9%): [329.051, 333.133] (assumes normal distribution)


# Run complete. Total time: 00:12:37

REMEMBER: The numbers below are just data. To gain reusable insights, you need to follow up on
why the numbers are the way they are. Use profilers (see -prof, -lprof), design factorial
experiments, perform baseline and negative tests that provide experimental control, make sure
the benchmarking environment is safe on JVM/OS/HW level, ask for reviews from the domain experts.
Do not assume the numbers tell you what you want them to tell.

NOTE: Current JVM experimentally supports Compiler Blackholes, and they are in use. Please exercise
extra caution when trusting the results, look into the generated code to check the benchmark still
works, and factor in a small probability of new VM bugs. Additionally, while comparisons between
different JVMs are already problematic, the performance difference caused by different Blackhole
modes can be very significant. Please make sure you use the consistent Blackhole mode for comparisons.

Benchmark                                            (readSize)  (readsPerOp)   Mode  Cnt    Score     Error   Units
RandomReadIOBenchmark.mmapBatchedPrefetch_T01             16384            16  thrpt    6   19.205 ±  54.038  ops/ms
RandomReadIOBenchmark.mmapBatchedPrefetch_T04             16384            16  thrpt    6  170.916 ±   4.935  ops/ms
RandomReadIOBenchmark.mmapBatchedPrefetch_T08             16384            16  thrpt    6  311.205 ±  14.159  ops/ms
RandomReadIOBenchmark.mmapBatchedPrefetch_T16             16384            16  thrpt    6  322.087 ±   3.528  ops/ms
RandomReadIOBenchmark.mmapRandomBatchedPrefetch_T01       16384            16  thrpt    6    0.634 ±   0.645  ops/ms
RandomReadIOBenchmark.mmapRandomBatchedPrefetch_T04       16384            16  thrpt    6   90.949 ± 209.659  ops/ms
RandomReadIOBenchmark.mmapRandomBatchedPrefetch_T08       16384            16  thrpt    6  281.446 ± 116.440  ops/ms
RandomReadIOBenchmark.mmapRandomBatchedPrefetch_T16       16384            16  thrpt    6  307.234 ±  11.128  ops/ms
RandomReadIOBenchmark.mmapRandom_T01                      16384            16  thrpt    6    0.108 ±   0.012  ops/ms
RandomReadIOBenchmark.mmapRandom_T04                      16384            16  thrpt    6    0.531 ±   0.266  ops/ms
RandomReadIOBenchmark.mmapRandom_T08                      16384            16  thrpt    6   14.442 ±  66.373  ops/ms
RandomReadIOBenchmark.mmapRandom_T16                      16384            16  thrpt    6  205.294 ± 431.546  ops/ms
RandomReadIOBenchmark.mmap_T01                            16384            16  thrpt    6   14.826 ±  51.102  ops/ms
RandomReadIOBenchmark.mmap_T04                            16384            16  thrpt    6  169.235 ±   2.642  ops/ms
RandomReadIOBenchmark.mmap_T08                            16384            16  thrpt    6  311.442 ±  17.215  ops/ms
RandomReadIOBenchmark.mmap_T16                            16384            16  thrpt    6  331.092 ±   2.041  ops/ms

Benchmark result is saved to /opt/bench/results/main-cold-randomread.json
WARNING: A terminally deprecated method in sun.misc.Unsafe has been called
WARNING: sun.misc.Unsafe::objectFieldOffset has been called by org.openjdk.jmh.util.Utils (file:/opt/bench/main/jmh-core-1.37.jar)
WARNING: Please consider reporting this to the maintainers of class org.openjdk.jmh.util.Utils
WARNING: sun.misc.Unsafe::objectFieldOffset will be removed in a future release
# JMH version: 1.37
# VM version: JDK 25.0.4.1, OpenJDK 64-Bit Server VM, 25.0.4.1+1-LTS
# VM invoker: /opt/jdk-25/bin/java
# VM options: --enable-native-access=ALL-UNNAMED -Xms2g -Xmx2g -Dbench.indexPath=/data/sf-index-1000000 -Dbench.numDocs=1000000 -Dbench.docSizeBytes=4096 -Dbench.readAdvice=RANDOM -Dbench.prefetchWindow=16 -Dbench.dropPageCache=true
# Blackhole mode: compiler (auto-detected, use -Djmh.blackhole.autoDetect=false to disable)
# Warmup: 2 iterations, 2 s each
# Measurement: 3 iterations, 3 s each
# Timeout: 10 min per iteration
# Threads: 1 thread, will synchronize iterations
# Benchmark mode: Throughput, ops/time
# Benchmark: org.apache.lucene.benchmark.jmh.StoredFieldsPrefetchBenchmark.prefetchOnly_T01
# Parameters: (topK = 10)

# Run progress: 0.00% complete, ETA 00:05:12
# Fork: 1 of 2
WARNING: A terminally deprecated method in sun.misc.Unsafe has been called
WARNING: sun.misc.Unsafe::objectFieldOffset has been called by org.openjdk.jmh.util.Utils (file:/opt/bench/main/jmh-core-1.37.jar)
WARNING: Please consider reporting this to the maintainers of class org.openjdk.jmh.util.Utils
WARNING: sun.misc.Unsafe::objectFieldOffset will be removed in a future release
# Warmup Iteration   1: Sep 30, 2026 12:12:38 AM org.apache.lucene.internal.vectorization.VectorizationProvider lookup
WARNING: Java vector incubator module is not readable. For optimal vector performance, pass '--add-modules jdk.incubator.vector' to enable Vector API.
53.113 ops/ms
# Warmup Iteration   2: 43.183 ops/ms
Iteration   1: 150.079 ops/ms
Iteration   2: 152.525 ops/ms
Iteration   3: 158.468 ops/ms

# Run progress: 4.17% complete, ETA 00:05:46
# Fork: 2 of 2
WARNING: A terminally deprecated method in sun.misc.Unsafe has been called
WARNING: sun.misc.Unsafe::objectFieldOffset has been called by org.openjdk.jmh.util.Utils (file:/opt/bench/main/jmh-core-1.37.jar)
WARNING: Please consider reporting this to the maintainers of class org.openjdk.jmh.util.Utils
WARNING: sun.misc.Unsafe::objectFieldOffset will be removed in a future release
# Warmup Iteration   1: Sep 30, 2026 12:12:53 AM org.apache.lucene.internal.vectorization.VectorizationProvider lookup
WARNING: Java vector incubator module is not readable. For optimal vector performance, pass '--add-modules jdk.incubator.vector' to enable Vector API.
36.392 ops/ms
# Warmup Iteration   2: 29.452 ops/ms
Iteration   1: 144.711 ops/ms
Iteration   2: 146.913 ops/ms
Iteration   3: 154.032 ops/ms


Result "org.apache.lucene.benchmark.jmh.StoredFieldsPrefetchBenchmark.prefetchOnly_T01":
  151.121 ±(99.9%) 13.982 ops/ms [Average]
  (min, avg, max) = (144.711, 151.121, 158.468), stdev = 4.986
  CI (99.9%): [137.139, 165.104] (assumes normal distribution)


# JMH version: 1.37
# VM version: JDK 25.0.4.1, OpenJDK 64-Bit Server VM, 25.0.4.1+1-LTS
# VM invoker: /opt/jdk-25/bin/java
# VM options: --enable-native-access=ALL-UNNAMED -Xms2g -Xmx2g -Dbench.indexPath=/data/sf-index-1000000 -Dbench.numDocs=1000000 -Dbench.docSizeBytes=4096 -Dbench.readAdvice=RANDOM -Dbench.prefetchWindow=16 -Dbench.dropPageCache=true
# Blackhole mode: compiler (auto-detected, use -Djmh.blackhole.autoDetect=false to disable)
# Warmup: 2 iterations, 2 s each
# Measurement: 3 iterations, 3 s each
# Timeout: 10 min per iteration
# Threads: 1 thread, will synchronize iterations
# Benchmark mode: Throughput, ops/time
# Benchmark: org.apache.lucene.benchmark.jmh.StoredFieldsPrefetchBenchmark.prefetchOnly_T01
# Parameters: (topK = 100)

# Run progress: 8.33% complete, ETA 00:05:32
# Fork: 1 of 2
WARNING: A terminally deprecated method in sun.misc.Unsafe has been called
WARNING: sun.misc.Unsafe::objectFieldOffset has been called by org.openjdk.jmh.util.Utils (file:/opt/bench/main/jmh-core-1.37.jar)
WARNING: Please consider reporting this to the maintainers of class org.openjdk.jmh.util.Utils
WARNING: sun.misc.Unsafe::objectFieldOffset will be removed in a future release
# Warmup Iteration   1: Sep 30, 2026 12:13:09 AM org.apache.lucene.internal.vectorization.VectorizationProvider lookup
WARNING: Java vector incubator module is not readable. For optimal vector performance, pass '--add-modules jdk.incubator.vector' to enable Vector API.
4.748 ops/ms
# Warmup Iteration   2: 4.801 ops/ms
Iteration   1: 15.630 ops/ms
Iteration   2: 18.840 ops/ms
Iteration   3: 17.625 ops/ms

# Run progress: 12.50% complete, ETA 00:05:17
# Fork: 2 of 2
WARNING: A terminally deprecated method in sun.misc.Unsafe has been called
WARNING: sun.misc.Unsafe::objectFieldOffset has been called by org.openjdk.jmh.util.Utils (file:/opt/bench/main/jmh-core-1.37.jar)
WARNING: Please consider reporting this to the maintainers of class org.openjdk.jmh.util.Utils
WARNING: sun.misc.Unsafe::objectFieldOffset will be removed in a future release
# Warmup Iteration   1: Sep 30, 2026 12:13:24 AM org.apache.lucene.internal.vectorization.VectorizationProvider lookup
WARNING: Java vector incubator module is not readable. For optimal vector performance, pass '--add-modules jdk.incubator.vector' to enable Vector API.
4.252 ops/ms
# Warmup Iteration   2: 4.782 ops/ms
Iteration   1: 16.135 ops/ms
Iteration   2: 16.122 ops/ms
Iteration   3: 15.312 ops/ms


Result "org.apache.lucene.benchmark.jmh.StoredFieldsPrefetchBenchmark.prefetchOnly_T01":
  16.611 ±(99.9%) 3.786 ops/ms [Average]
  (min, avg, max) = (15.312, 16.611, 18.840), stdev = 1.350
  CI (99.9%): [12.825, 20.397] (assumes normal distribution)


# JMH version: 1.37
# VM version: JDK 25.0.4.1, OpenJDK 64-Bit Server VM, 25.0.4.1+1-LTS
# VM invoker: /opt/jdk-25/bin/java
# VM options: --enable-native-access=ALL-UNNAMED -Xms2g -Xmx2g -Dbench.indexPath=/data/sf-index-1000000 -Dbench.numDocs=1000000 -Dbench.docSizeBytes=4096 -Dbench.readAdvice=RANDOM -Dbench.prefetchWindow=16 -Dbench.dropPageCache=true
# Blackhole mode: compiler (auto-detected, use -Djmh.blackhole.autoDetect=false to disable)
# Warmup: 2 iterations, 2 s each
# Measurement: 3 iterations, 3 s each
# Timeout: 10 min per iteration
# Threads: 8 threads, will synchronize iterations
# Benchmark mode: Throughput, ops/time
# Benchmark: org.apache.lucene.benchmark.jmh.StoredFieldsPrefetchBenchmark.prefetchOnly_T08
# Parameters: (topK = 10)

# Run progress: 16.67% complete, ETA 00:05:02
# Fork: 1 of 2
WARNING: A terminally deprecated method in sun.misc.Unsafe has been called
WARNING: sun.misc.Unsafe::objectFieldOffset has been called by org.openjdk.jmh.util.Utils (file:/opt/bench/main/jmh-core-1.37.jar)
WARNING: Please consider reporting this to the maintainers of class org.openjdk.jmh.util.Utils
WARNING: sun.misc.Unsafe::objectFieldOffset will be removed in a future release
# Warmup Iteration   1: Sep 30, 2026 12:13:39 AM org.apache.lucene.internal.vectorization.VectorizationProvider lookup
WARNING: Java vector incubator module is not readable. For optimal vector performance, pass '--add-modules jdk.incubator.vector' to enable Vector API.
285.208 ops/ms
# Warmup Iteration   2: 160.652 ops/ms
Iteration   1: 746.867 ops/ms
Iteration   2: 858.707 ops/ms
Iteration   3: 742.177 ops/ms

# Run progress: 20.83% complete, ETA 00:04:49
# Fork: 2 of 2
WARNING: A terminally deprecated method in sun.misc.Unsafe has been called
WARNING: sun.misc.Unsafe::objectFieldOffset has been called by org.openjdk.jmh.util.Utils (file:/opt/bench/main/jmh-core-1.37.jar)
WARNING: Please consider reporting this to the maintainers of class org.openjdk.jmh.util.Utils
WARNING: sun.misc.Unsafe::objectFieldOffset will be removed in a future release
# Warmup Iteration   1: Sep 30, 2026 12:13:54 AM org.apache.lucene.internal.vectorization.VectorizationProvider lookup
WARNING: Java vector incubator module is not readable. For optimal vector performance, pass '--add-modules jdk.incubator.vector' to enable Vector API.
110.453 ops/ms
# Warmup Iteration   2: 146.814 ops/ms
Iteration   1: 819.888 ops/ms
Iteration   2: 713.477 ops/ms
Iteration   3: 741.813 ops/ms


Result "org.apache.lucene.benchmark.jmh.StoredFieldsPrefetchBenchmark.prefetchOnly_T08":
  770.488 ±(99.9%) 156.909 ops/ms [Average]
  (min, avg, max) = (713.477, 770.488, 858.707), stdev = 55.955
  CI (99.9%): [613.580, 927.397] (assumes normal distribution)


# JMH version: 1.37
# VM version: JDK 25.0.4.1, OpenJDK 64-Bit Server VM, 25.0.4.1+1-LTS
# VM invoker: /opt/jdk-25/bin/java
# VM options: --enable-native-access=ALL-UNNAMED -Xms2g -Xmx2g -Dbench.indexPath=/data/sf-index-1000000 -Dbench.numDocs=1000000 -Dbench.docSizeBytes=4096 -Dbench.readAdvice=RANDOM -Dbench.prefetchWindow=16 -Dbench.dropPageCache=true
# Blackhole mode: compiler (auto-detected, use -Djmh.blackhole.autoDetect=false to disable)
# Warmup: 2 iterations, 2 s each
# Measurement: 3 iterations, 3 s each
# Timeout: 10 min per iteration
# Threads: 8 threads, will synchronize iterations
# Benchmark mode: Throughput, ops/time
# Benchmark: org.apache.lucene.benchmark.jmh.StoredFieldsPrefetchBenchmark.prefetchOnly_T08
# Parameters: (topK = 100)

# Run progress: 25.00% complete, ETA 00:04:36
# Fork: 1 of 2
WARNING: A terminally deprecated method in sun.misc.Unsafe has been called
WARNING: sun.misc.Unsafe::objectFieldOffset has been called by org.openjdk.jmh.util.Utils (file:/opt/bench/main/jmh-core-1.37.jar)
WARNING: Please consider reporting this to the maintainers of class org.openjdk.jmh.util.Utils
WARNING: sun.misc.Unsafe::objectFieldOffset will be removed in a future release
# Warmup Iteration   1: Sep 30, 2026 12:14:10 AM org.apache.lucene.internal.vectorization.VectorizationProvider lookup
WARNING: Java vector incubator module is not readable. For optimal vector performance, pass '--add-modules jdk.incubator.vector' to enable Vector API.
7.730 ops/ms
# Warmup Iteration   2: 24.877 ops/ms
Iteration   1: 79.072 ops/ms
Iteration   2: 79.757 ops/ms
Iteration   3: 76.262 ops/ms

# Run progress: 29.17% complete, ETA 00:04:21
# Fork: 2 of 2
WARNING: A terminally deprecated method in sun.misc.Unsafe has been called
WARNING: sun.misc.Unsafe::objectFieldOffset has been called by org.openjdk.jmh.util.Utils (file:/opt/bench/main/jmh-core-1.37.jar)
WARNING: Please consider reporting this to the maintainers of class org.openjdk.jmh.util.Utils
WARNING: sun.misc.Unsafe::objectFieldOffset will be removed in a future release
# Warmup Iteration   1: Sep 30, 2026 12:14:26 AM org.apache.lucene.internal.vectorization.VectorizationProvider lookup
WARNING: Java vector incubator module is not readable. For optimal vector performance, pass '--add-modules jdk.incubator.vector' to enable Vector API.
18.513 ops/ms
# Warmup Iteration   2: 19.332 ops/ms
Iteration   1: 75.121 ops/ms
Iteration   2: 75.934 ops/ms
Iteration   3: 77.284 ops/ms


Result "org.apache.lucene.benchmark.jmh.StoredFieldsPrefetchBenchmark.prefetchOnly_T08":
  77.238 ±(99.9%) 5.147 ops/ms [Average]
  (min, avg, max) = (75.121, 77.238, 79.757), stdev = 1.835
  CI (99.9%): [72.092, 82.385] (assumes normal distribution)


# JMH version: 1.37
# VM version: JDK 25.0.4.1, OpenJDK 64-Bit Server VM, 25.0.4.1+1-LTS
# VM invoker: /opt/jdk-25/bin/java
# VM options: --enable-native-access=ALL-UNNAMED -Xms2g -Xmx2g -Dbench.indexPath=/data/sf-index-1000000 -Dbench.numDocs=1000000 -Dbench.docSizeBytes=4096 -Dbench.readAdvice=RANDOM -Dbench.prefetchWindow=16 -Dbench.dropPageCache=true
# Blackhole mode: compiler (auto-detected, use -Djmh.blackhole.autoDetect=false to disable)
# Warmup: 2 iterations, 2 s each
# Measurement: 3 iterations, 3 s each
# Timeout: 10 min per iteration
# Threads: 1 thread, will synchronize iterations
# Benchmark mode: Throughput, ops/time
# Benchmark: org.apache.lucene.benchmark.jmh.StoredFieldsPrefetchBenchmark.retrieveNoPrefetch_T01
# Parameters: (topK = 10)

# Run progress: 33.33% complete, ETA 00:04:07
# Fork: 1 of 2
WARNING: A terminally deprecated method in sun.misc.Unsafe has been called
WARNING: sun.misc.Unsafe::objectFieldOffset has been called by org.openjdk.jmh.util.Utils (file:/opt/bench/main/jmh-core-1.37.jar)
WARNING: Please consider reporting this to the maintainers of class org.openjdk.jmh.util.Utils
WARNING: sun.misc.Unsafe::objectFieldOffset will be removed in a future release
# Warmup Iteration   1: Sep 30, 2026 12:14:42 AM org.apache.lucene.internal.vectorization.VectorizationProvider lookup
WARNING: Java vector incubator module is not readable. For optimal vector performance, pass '--add-modules jdk.incubator.vector' to enable Vector API.
0.139 ops/ms
# Warmup Iteration   2: 0.145 ops/ms
Iteration   1: 0.153 ops/ms
Iteration   2: 0.161 ops/ms
Iteration   3: 0.168 ops/ms

# Run progress: 37.50% complete, ETA 00:03:50
# Fork: 2 of 2
WARNING: A terminally deprecated method in sun.misc.Unsafe has been called
WARNING: sun.misc.Unsafe::objectFieldOffset has been called by org.openjdk.jmh.util.Utils (file:/opt/bench/main/jmh-core-1.37.jar)
WARNING: Please consider reporting this to the maintainers of class org.openjdk.jmh.util.Utils
WARNING: sun.misc.Unsafe::objectFieldOffset will be removed in a future release
# Warmup Iteration   1: Sep 30, 2026 12:14:56 AM org.apache.lucene.internal.vectorization.VectorizationProvider lookup
WARNING: Java vector incubator module is not readable. For optimal vector performance, pass '--add-modules jdk.incubator.vector' to enable Vector API.
0.140 ops/ms
# Warmup Iteration   2: 0.144 ops/ms
Iteration   1: 0.151 ops/ms
Iteration   2: 0.165 ops/ms
Iteration   3: 0.168 ops/ms


Result "org.apache.lucene.benchmark.jmh.StoredFieldsPrefetchBenchmark.retrieveNoPrefetch_T01":
  0.161 ±(99.9%) 0.021 ops/ms [Average]
  (min, avg, max) = (0.151, 0.161, 0.168), stdev = 0.008
  CI (99.9%): [0.140, 0.182] (assumes normal distribution)


# JMH version: 1.37
# VM version: JDK 25.0.4.1, OpenJDK 64-Bit Server VM, 25.0.4.1+1-LTS
# VM invoker: /opt/jdk-25/bin/java
# VM options: --enable-native-access=ALL-UNNAMED -Xms2g -Xmx2g -Dbench.indexPath=/data/sf-index-1000000 -Dbench.numDocs=1000000 -Dbench.docSizeBytes=4096 -Dbench.readAdvice=RANDOM -Dbench.prefetchWindow=16 -Dbench.dropPageCache=true
# Blackhole mode: compiler (auto-detected, use -Djmh.blackhole.autoDetect=false to disable)
# Warmup: 2 iterations, 2 s each
# Measurement: 3 iterations, 3 s each
# Timeout: 10 min per iteration
# Threads: 1 thread, will synchronize iterations
# Benchmark mode: Throughput, ops/time
# Benchmark: org.apache.lucene.benchmark.jmh.StoredFieldsPrefetchBenchmark.retrieveNoPrefetch_T01
# Parameters: (topK = 100)

# Run progress: 41.67% complete, ETA 00:03:32
# Fork: 1 of 2
WARNING: A terminally deprecated method in sun.misc.Unsafe has been called
WARNING: sun.misc.Unsafe::objectFieldOffset has been called by org.openjdk.jmh.util.Utils (file:/opt/bench/main/jmh-core-1.37.jar)
WARNING: Please consider reporting this to the maintainers of class org.openjdk.jmh.util.Utils
WARNING: sun.misc.Unsafe::objectFieldOffset will be removed in a future release
# Warmup Iteration   1: Sep 30, 2026 12:15:10 AM org.apache.lucene.internal.vectorization.VectorizationProvider lookup
WARNING: Java vector incubator module is not readable. For optimal vector performance, pass '--add-modules jdk.incubator.vector' to enable Vector API.
0.014 ops/ms
# Warmup Iteration   2: 0.015 ops/ms
Iteration   1: 0.015 ops/ms
Iteration   2: 0.016 ops/ms
Iteration   3: 0.017 ops/ms

# Run progress: 45.83% complete, ETA 00:03:16
# Fork: 2 of 2
WARNING: A terminally deprecated method in sun.misc.Unsafe has been called
WARNING: sun.misc.Unsafe::objectFieldOffset has been called by org.openjdk.jmh.util.Utils (file:/opt/bench/main/jmh-core-1.37.jar)
WARNING: Please consider reporting this to the maintainers of class org.openjdk.jmh.util.Utils
WARNING: sun.misc.Unsafe::objectFieldOffset will be removed in a future release
# Warmup Iteration   1: Sep 30, 2026 12:15:25 AM org.apache.lucene.internal.vectorization.VectorizationProvider lookup
WARNING: Java vector incubator module is not readable. For optimal vector performance, pass '--add-modules jdk.incubator.vector' to enable Vector API.
0.014 ops/ms
# Warmup Iteration   2: 0.015 ops/ms
Iteration   1: 0.015 ops/ms
Iteration   2: 0.016 ops/ms
Iteration   3: 0.017 ops/ms


Result "org.apache.lucene.benchmark.jmh.StoredFieldsPrefetchBenchmark.retrieveNoPrefetch_T01":
  0.016 ±(99.9%) 0.002 ops/ms [Average]
  (min, avg, max) = (0.015, 0.016, 0.017), stdev = 0.001
  CI (99.9%): [0.014, 0.019] (assumes normal distribution)


# JMH version: 1.37
# VM version: JDK 25.0.4.1, OpenJDK 64-Bit Server VM, 25.0.4.1+1-LTS
# VM invoker: /opt/jdk-25/bin/java
# VM options: --enable-native-access=ALL-UNNAMED -Xms2g -Xmx2g -Dbench.indexPath=/data/sf-index-1000000 -Dbench.numDocs=1000000 -Dbench.docSizeBytes=4096 -Dbench.readAdvice=RANDOM -Dbench.prefetchWindow=16 -Dbench.dropPageCache=true
# Blackhole mode: compiler (auto-detected, use -Djmh.blackhole.autoDetect=false to disable)
# Warmup: 2 iterations, 2 s each
# Measurement: 3 iterations, 3 s each
# Timeout: 10 min per iteration
# Threads: 8 threads, will synchronize iterations
# Benchmark mode: Throughput, ops/time
# Benchmark: org.apache.lucene.benchmark.jmh.StoredFieldsPrefetchBenchmark.retrieveNoPrefetch_T08
# Parameters: (topK = 10)

# Run progress: 50.00% complete, ETA 00:03:00
# Fork: 1 of 2
WARNING: A terminally deprecated method in sun.misc.Unsafe has been called
WARNING: sun.misc.Unsafe::objectFieldOffset has been called by org.openjdk.jmh.util.Utils (file:/opt/bench/main/jmh-core-1.37.jar)
WARNING: Please consider reporting this to the maintainers of class org.openjdk.jmh.util.Utils
WARNING: sun.misc.Unsafe::objectFieldOffset will be removed in a future release
# Warmup Iteration   1: Sep 30, 2026 12:15:39 AM org.apache.lucene.internal.vectorization.VectorizationProvider lookup
WARNING: Java vector incubator module is not readable. For optimal vector performance, pass '--add-modules jdk.incubator.vector' to enable Vector API.
1.093 ops/ms
# Warmup Iteration   2: 1.383 ops/ms
Iteration   1: 1.831 ops/ms
Iteration   2: 2.616 ops/ms
Iteration   3: 4.082 ops/ms

# Run progress: 54.17% complete, ETA 00:02:45
# Fork: 2 of 2
WARNING: A terminally deprecated method in sun.misc.Unsafe has been called
WARNING: sun.misc.Unsafe::objectFieldOffset has been called by org.openjdk.jmh.util.Utils (file:/opt/bench/main/jmh-core-1.37.jar)
WARNING: Please consider reporting this to the maintainers of class org.openjdk.jmh.util.Utils
WARNING: sun.misc.Unsafe::objectFieldOffset will be removed in a future release
# Warmup Iteration   1: Sep 30, 2026 12:15:54 AM org.apache.lucene.internal.vectorization.VectorizationProvider lookup
WARNING: Java vector incubator module is not readable. For optimal vector performance, pass '--add-modules jdk.incubator.vector' to enable Vector API.
1.108 ops/ms
# Warmup Iteration   2: 1.396 ops/ms
Iteration   1: 1.904 ops/ms
Iteration   2: 2.698 ops/ms
Iteration   3: 4.113 ops/ms


Result "org.apache.lucene.benchmark.jmh.StoredFieldsPrefetchBenchmark.retrieveNoPrefetch_T08":
  2.874 ±(99.9%) 2.838 ops/ms [Average]
  (min, avg, max) = (1.831, 2.874, 4.113), stdev = 1.012
  CI (99.9%): [0.036, 5.712] (assumes normal distribution)


# JMH version: 1.37
# VM version: JDK 25.0.4.1, OpenJDK 64-Bit Server VM, 25.0.4.1+1-LTS
# VM invoker: /opt/jdk-25/bin/java
# VM options: --enable-native-access=ALL-UNNAMED -Xms2g -Xmx2g -Dbench.indexPath=/data/sf-index-1000000 -Dbench.numDocs=1000000 -Dbench.docSizeBytes=4096 -Dbench.readAdvice=RANDOM -Dbench.prefetchWindow=16 -Dbench.dropPageCache=true
# Blackhole mode: compiler (auto-detected, use -Djmh.blackhole.autoDetect=false to disable)
# Warmup: 2 iterations, 2 s each
# Measurement: 3 iterations, 3 s each
# Timeout: 10 min per iteration
# Threads: 8 threads, will synchronize iterations
# Benchmark mode: Throughput, ops/time
# Benchmark: org.apache.lucene.benchmark.jmh.StoredFieldsPrefetchBenchmark.retrieveNoPrefetch_T08
# Parameters: (topK = 100)

# Run progress: 58.33% complete, ETA 00:02:31
# Fork: 1 of 2
WARNING: A terminally deprecated method in sun.misc.Unsafe has been called
WARNING: sun.misc.Unsafe::objectFieldOffset has been called by org.openjdk.jmh.util.Utils (file:/opt/bench/main/jmh-core-1.37.jar)
WARNING: Please consider reporting this to the maintainers of class org.openjdk.jmh.util.Utils
WARNING: sun.misc.Unsafe::objectFieldOffset will be removed in a future release
# Warmup Iteration   1: Sep 30, 2026 12:16:10 AM org.apache.lucene.internal.vectorization.VectorizationProvider lookup
WARNING: Java vector incubator module is not readable. For optimal vector performance, pass '--add-modules jdk.incubator.vector' to enable Vector API.
0.107 ops/ms
# Warmup Iteration   2: 0.142 ops/ms
Iteration   1: 0.194 ops/ms
Iteration   2: 0.280 ops/ms
Iteration   3: 0.436 ops/ms

# Run progress: 62.50% complete, ETA 00:02:16
# Fork: 2 of 2
WARNING: A terminally deprecated method in sun.misc.Unsafe has been called
WARNING: sun.misc.Unsafe::objectFieldOffset has been called by org.openjdk.jmh.util.Utils (file:/opt/bench/main/jmh-core-1.37.jar)
WARNING: Please consider reporting this to the maintainers of class org.openjdk.jmh.util.Utils
WARNING: sun.misc.Unsafe::objectFieldOffset will be removed in a future release
# Warmup Iteration   1: Sep 30, 2026 12:16:25 AM org.apache.lucene.internal.vectorization.VectorizationProvider lookup
WARNING: Java vector incubator module is not readable. For optimal vector performance, pass '--add-modules jdk.incubator.vector' to enable Vector API.
0.109 ops/ms
# Warmup Iteration   2: 0.138 ops/ms
Iteration   1: 0.188 ops/ms
Iteration   2: 0.273 ops/ms
Iteration   3: 0.416 ops/ms


Result "org.apache.lucene.benchmark.jmh.StoredFieldsPrefetchBenchmark.retrieveNoPrefetch_T08":
  0.298 ±(99.9%) 0.299 ops/ms [Average]
  (min, avg, max) = (0.188, 0.298, 0.436), stdev = 0.107
  CI (99.9%): [≈ 0, 0.597] (assumes normal distribution)


# JMH version: 1.37
# VM version: JDK 25.0.4.1, OpenJDK 64-Bit Server VM, 25.0.4.1+1-LTS
# VM invoker: /opt/jdk-25/bin/java
# VM options: --enable-native-access=ALL-UNNAMED -Xms2g -Xmx2g -Dbench.indexPath=/data/sf-index-1000000 -Dbench.numDocs=1000000 -Dbench.docSizeBytes=4096 -Dbench.readAdvice=RANDOM -Dbench.prefetchWindow=16 -Dbench.dropPageCache=true
# Blackhole mode: compiler (auto-detected, use -Djmh.blackhole.autoDetect=false to disable)
# Warmup: 2 iterations, 2 s each
# Measurement: 3 iterations, 3 s each
# Timeout: 10 min per iteration
# Threads: 1 thread, will synchronize iterations
# Benchmark mode: Throughput, ops/time
# Benchmark: org.apache.lucene.benchmark.jmh.StoredFieldsPrefetchBenchmark.retrievePrefetchThenRead_T01
# Parameters: (topK = 10)

# Run progress: 66.67% complete, ETA 00:02:01
# Fork: 1 of 2
WARNING: A terminally deprecated method in sun.misc.Unsafe has been called
WARNING: sun.misc.Unsafe::objectFieldOffset has been called by org.openjdk.jmh.util.Utils (file:/opt/bench/main/jmh-core-1.37.jar)
WARNING: Please consider reporting this to the maintainers of class org.openjdk.jmh.util.Utils
WARNING: sun.misc.Unsafe::objectFieldOffset will be removed in a future release
# Warmup Iteration   1: Sep 30, 2026 12:16:41 AM org.apache.lucene.internal.vectorization.VectorizationProvider lookup
WARNING: Java vector incubator module is not readable. For optimal vector performance, pass '--add-modules jdk.incubator.vector' to enable Vector API.
1.458 ops/ms
# Warmup Iteration   2: 1.083 ops/ms
Iteration   1: 0.906 ops/ms
Iteration   2: 0.871 ops/ms
Iteration   3: 0.914 ops/ms

# Run progress: 70.83% complete, ETA 00:01:46
# Fork: 2 of 2
WARNING: A terminally deprecated method in sun.misc.Unsafe has been called
WARNING: sun.misc.Unsafe::objectFieldOffset has been called by org.openjdk.jmh.util.Utils (file:/opt/bench/main/jmh-core-1.37.jar)
WARNING: Please consider reporting this to the maintainers of class org.openjdk.jmh.util.Utils
WARNING: sun.misc.Unsafe::objectFieldOffset will be removed in a future release
# Warmup Iteration   1: Sep 30, 2026 12:16:56 AM org.apache.lucene.internal.vectorization.VectorizationProvider lookup
WARNING: Java vector incubator module is not readable. For optimal vector performance, pass '--add-modules jdk.incubator.vector' to enable Vector API.
1.417 ops/ms
# Warmup Iteration   2: 1.086 ops/ms
Iteration   1: 0.822 ops/ms
Iteration   2: 0.813 ops/ms
Iteration   3: 0.913 ops/ms


Result "org.apache.lucene.benchmark.jmh.StoredFieldsPrefetchBenchmark.retrievePrefetchThenRead_T01":
  0.873 ±(99.9%) 0.129 ops/ms [Average]
  (min, avg, max) = (0.813, 0.873, 0.914), stdev = 0.046
  CI (99.9%): [0.744, 1.002] (assumes normal distribution)


# JMH version: 1.37
# VM version: JDK 25.0.4.1, OpenJDK 64-Bit Server VM, 25.0.4.1+1-LTS
# VM invoker: /opt/jdk-25/bin/java
# VM options: --enable-native-access=ALL-UNNAMED -Xms2g -Xmx2g -Dbench.indexPath=/data/sf-index-1000000 -Dbench.numDocs=1000000 -Dbench.docSizeBytes=4096 -Dbench.readAdvice=RANDOM -Dbench.prefetchWindow=16 -Dbench.dropPageCache=true
# Blackhole mode: compiler (auto-detected, use -Djmh.blackhole.autoDetect=false to disable)
# Warmup: 2 iterations, 2 s each
# Measurement: 3 iterations, 3 s each
# Timeout: 10 min per iteration
# Threads: 1 thread, will synchronize iterations
# Benchmark mode: Throughput, ops/time
# Benchmark: org.apache.lucene.benchmark.jmh.StoredFieldsPrefetchBenchmark.retrievePrefetchThenRead_T01
# Parameters: (topK = 100)

# Run progress: 75.00% complete, ETA 00:01:30
# Fork: 1 of 2
WARNING: A terminally deprecated method in sun.misc.Unsafe has been called
WARNING: sun.misc.Unsafe::objectFieldOffset has been called by org.openjdk.jmh.util.Utils (file:/opt/bench/main/jmh-core-1.37.jar)
WARNING: Please consider reporting this to the maintainers of class org.openjdk.jmh.util.Utils
WARNING: sun.misc.Unsafe::objectFieldOffset will be removed in a future release
# Warmup Iteration   1: Sep 30, 2026 12:17:11 AM org.apache.lucene.internal.vectorization.VectorizationProvider lookup
WARNING: Java vector incubator module is not readable. For optimal vector performance, pass '--add-modules jdk.incubator.vector' to enable Vector API.
0.144 ops/ms
# Warmup Iteration   2: 0.101 ops/ms
Iteration   1: 0.079 ops/ms
Iteration   2: 0.077 ops/ms
Iteration   3: 0.075 ops/ms

# Run progress: 79.17% complete, ETA 00:01:15
# Fork: 2 of 2
WARNING: A terminally deprecated method in sun.misc.Unsafe has been called
WARNING: sun.misc.Unsafe::objectFieldOffset has been called by org.openjdk.jmh.util.Utils (file:/opt/bench/main/jmh-core-1.37.jar)
WARNING: Please consider reporting this to the maintainers of class org.openjdk.jmh.util.Utils
WARNING: sun.misc.Unsafe::objectFieldOffset will be removed in a future release
# Warmup Iteration   1: Sep 30, 2026 12:17:25 AM org.apache.lucene.internal.vectorization.VectorizationProvider lookup
WARNING: Java vector incubator module is not readable. For optimal vector performance, pass '--add-modules jdk.incubator.vector' to enable Vector API.
0.123 ops/ms
# Warmup Iteration   2: 0.094 ops/ms
Iteration   1: 0.061 ops/ms
Iteration   2: 0.068 ops/ms
Iteration   3: 0.078 ops/ms


Result "org.apache.lucene.benchmark.jmh.StoredFieldsPrefetchBenchmark.retrievePrefetchThenRead_T01":
  0.073 ±(99.9%) 0.020 ops/ms [Average]
  (min, avg, max) = (0.061, 0.073, 0.079), stdev = 0.007
  CI (99.9%): [0.053, 0.093] (assumes normal distribution)


# JMH version: 1.37
# VM version: JDK 25.0.4.1, OpenJDK 64-Bit Server VM, 25.0.4.1+1-LTS
# VM invoker: /opt/jdk-25/bin/java
# VM options: --enable-native-access=ALL-UNNAMED -Xms2g -Xmx2g -Dbench.indexPath=/data/sf-index-1000000 -Dbench.numDocs=1000000 -Dbench.docSizeBytes=4096 -Dbench.readAdvice=RANDOM -Dbench.prefetchWindow=16 -Dbench.dropPageCache=true
# Blackhole mode: compiler (auto-detected, use -Djmh.blackhole.autoDetect=false to disable)
# Warmup: 2 iterations, 2 s each
# Measurement: 3 iterations, 3 s each
# Timeout: 10 min per iteration
# Threads: 8 threads, will synchronize iterations
# Benchmark mode: Throughput, ops/time
# Benchmark: org.apache.lucene.benchmark.jmh.StoredFieldsPrefetchBenchmark.retrievePrefetchThenRead_T08
# Parameters: (topK = 10)

# Run progress: 83.33% complete, ETA 00:01:00
# Fork: 1 of 2
WARNING: A terminally deprecated method in sun.misc.Unsafe has been called
WARNING: sun.misc.Unsafe::objectFieldOffset has been called by org.openjdk.jmh.util.Utils (file:/opt/bench/main/jmh-core-1.37.jar)
WARNING: Please consider reporting this to the maintainers of class org.openjdk.jmh.util.Utils
WARNING: sun.misc.Unsafe::objectFieldOffset will be removed in a future release
# Warmup Iteration   1: Sep 30, 2026 12:17:40 AM org.apache.lucene.internal.vectorization.VectorizationProvider lookup
WARNING: Java vector incubator module is not readable. For optimal vector performance, pass '--add-modules jdk.incubator.vector' to enable Vector API.
2.850 ops/ms
# Warmup Iteration   2: 5.259 ops/ms
Iteration   1: 12.136 ops/ms
Iteration   2: 109.326 ops/ms
Iteration   3: 167.296 ops/ms

# Run progress: 87.50% complete, ETA 00:00:45
# Fork: 2 of 2
WARNING: A terminally deprecated method in sun.misc.Unsafe has been called
WARNING: sun.misc.Unsafe::objectFieldOffset has been called by org.openjdk.jmh.util.Utils (file:/opt/bench/main/jmh-core-1.37.jar)
WARNING: Please consider reporting this to the maintainers of class org.openjdk.jmh.util.Utils
WARNING: sun.misc.Unsafe::objectFieldOffset will be removed in a future release
# Warmup Iteration   1: Sep 30, 2026 12:17:55 AM org.apache.lucene.internal.vectorization.VectorizationProvider lookup
WARNING: Java vector incubator module is not readable. For optimal vector performance, pass '--add-modules jdk.incubator.vector' to enable Vector API.
2.663 ops/ms
# Warmup Iteration   2: 5.419 ops/ms
Iteration   1: 13.467 ops/ms
Iteration   2: 120.035 ops/ms
Iteration   3: 165.730 ops/ms


Result "org.apache.lucene.benchmark.jmh.StoredFieldsPrefetchBenchmark.retrievePrefetchThenRead_T08":
  97.998 ±(99.9%) 196.379 ops/ms [Average]
  (min, avg, max) = (12.136, 97.998, 167.296), stdev = 70.031
  CI (99.9%): [≈ 0, 294.378] (assumes normal distribution)


# JMH version: 1.37
# VM version: JDK 25.0.4.1, OpenJDK 64-Bit Server VM, 25.0.4.1+1-LTS
# VM invoker: /opt/jdk-25/bin/java
# VM options: --enable-native-access=ALL-UNNAMED -Xms2g -Xmx2g -Dbench.indexPath=/data/sf-index-1000000 -Dbench.numDocs=1000000 -Dbench.docSizeBytes=4096 -Dbench.readAdvice=RANDOM -Dbench.prefetchWindow=16 -Dbench.dropPageCache=true
# Blackhole mode: compiler (auto-detected, use -Djmh.blackhole.autoDetect=false to disable)
# Warmup: 2 iterations, 2 s each
# Measurement: 3 iterations, 3 s each
# Timeout: 10 min per iteration
# Threads: 8 threads, will synchronize iterations
# Benchmark mode: Throughput, ops/time
# Benchmark: org.apache.lucene.benchmark.jmh.StoredFieldsPrefetchBenchmark.retrievePrefetchThenRead_T08
# Parameters: (topK = 100)

# Run progress: 91.67% complete, ETA 00:00:30
# Fork: 1 of 2
WARNING: A terminally deprecated method in sun.misc.Unsafe has been called
WARNING: sun.misc.Unsafe::objectFieldOffset has been called by org.openjdk.jmh.util.Utils (file:/opt/bench/main/jmh-core-1.37.jar)
WARNING: Please consider reporting this to the maintainers of class org.openjdk.jmh.util.Utils
WARNING: sun.misc.Unsafe::objectFieldOffset will be removed in a future release
# Warmup Iteration   1: Sep 30, 2026 12:18:11 AM org.apache.lucene.internal.vectorization.VectorizationProvider lookup
WARNING: Java vector incubator module is not readable. For optimal vector performance, pass '--add-modules jdk.incubator.vector' to enable Vector API.
0.289 ops/ms
# Warmup Iteration   2: 0.535 ops/ms
Iteration   1: 1.652 ops/ms
Iteration   2: 13.447 ops/ms
Iteration   3: 16.767 ops/ms

# Run progress: 95.83% complete, ETA 00:00:15
# Fork: 2 of 2
WARNING: A terminally deprecated method in sun.misc.Unsafe has been called
WARNING: sun.misc.Unsafe::objectFieldOffset has been called by org.openjdk.jmh.util.Utils (file:/opt/bench/main/jmh-core-1.37.jar)
WARNING: Please consider reporting this to the maintainers of class org.openjdk.jmh.util.Utils
WARNING: sun.misc.Unsafe::objectFieldOffset will be removed in a future release
# Warmup Iteration   1: Sep 30, 2026 12:18:27 AM org.apache.lucene.internal.vectorization.VectorizationProvider lookup
WARNING: Java vector incubator module is not readable. For optimal vector performance, pass '--add-modules jdk.incubator.vector' to enable Vector API.
0.292 ops/ms
# Warmup Iteration   2: 0.487 ops/ms
Iteration   1: 1.277 ops/ms
Iteration   2: 11.568 ops/ms
Iteration   3: 16.771 ops/ms


Result "org.apache.lucene.benchmark.jmh.StoredFieldsPrefetchBenchmark.retrievePrefetchThenRead_T08":
  10.247 ±(99.9%) 19.884 ops/ms [Average]
  (min, avg, max) = (1.277, 10.247, 16.771), stdev = 7.091
  CI (99.9%): [≈ 0, 30.131] (assumes normal distribution)


# Run complete. Total time: 00:06:04

REMEMBER: The numbers below are just data. To gain reusable insights, you need to follow up on
why the numbers are the way they are. Use profilers (see -prof, -lprof), design factorial
experiments, perform baseline and negative tests that provide experimental control, make sure
the benchmarking environment is safe on JVM/OS/HW level, ask for reviews from the domain experts.
Do not assume the numbers tell you what you want them to tell.

NOTE: Current JVM experimentally supports Compiler Blackholes, and they are in use. Please exercise
extra caution when trusting the results, look into the generated code to check the benchmark still
works, and factor in a small probability of new VM bugs. Additionally, while comparisons between
different JVMs are already problematic, the performance difference caused by different Blackhole
modes can be very significant. Please make sure you use the consistent Blackhole mode for comparisons.

Benchmark                                                   (topK)   Mode  Cnt    Score     Error   Units
StoredFieldsPrefetchBenchmark.prefetchOnly_T01                  10  thrpt    6  151.121 ±  13.982  ops/ms
StoredFieldsPrefetchBenchmark.prefetchOnly_T01                 100  thrpt    6   16.611 ±   3.786  ops/ms
StoredFieldsPrefetchBenchmark.prefetchOnly_T08                  10  thrpt    6  770.488 ± 156.909  ops/ms
StoredFieldsPrefetchBenchmark.prefetchOnly_T08                 100  thrpt    6   77.238 ±   5.147  ops/ms
StoredFieldsPrefetchBenchmark.retrieveNoPrefetch_T01            10  thrpt    6    0.161 ±   0.021  ops/ms
StoredFieldsPrefetchBenchmark.retrieveNoPrefetch_T01           100  thrpt    6    0.016 ±   0.002  ops/ms
StoredFieldsPrefetchBenchmark.retrieveNoPrefetch_T08            10  thrpt    6    2.874 ±   2.838  ops/ms
StoredFieldsPrefetchBenchmark.retrieveNoPrefetch_T08           100  thrpt    6    0.298 ±   0.299  ops/ms
StoredFieldsPrefetchBenchmark.retrievePrefetchThenRead_T01      10  thrpt    6    0.873 ±   0.129  ops/ms
StoredFieldsPrefetchBenchmark.retrievePrefetchThenRead_T01     100  thrpt    6    0.073 ±   0.020  ops/ms
StoredFieldsPrefetchBenchmark.retrievePrefetchThenRead_T08      10  thrpt    6   97.998 ± 196.379  ops/ms
StoredFieldsPrefetchBenchmark.retrievePrefetchThenRead_T08     100  thrpt    6   10.247 ±  19.884  ops/ms

Benchmark result is saved to /opt/bench/results/main-cold-storedfields.json
== done main / cold  2026-09-30T00:18:42Z
== branch / cold  ram=31G file=4096MB sfDocs=1000000 drop=true  2026-09-30T00:18:42Z
   jar=/opt/bench/branch/lucene-benchmark-jmh-11.0.0-SNAPSHOT.jar
openjdk version "25.0.4.1" 2026-08-18 LTS
WARNING: A terminally deprecated method in sun.misc.Unsafe has been called
WARNING: sun.misc.Unsafe::objectFieldOffset has been called by org.openjdk.jmh.util.Utils (file:/opt/bench/branch/jmh-core-1.37.jar)
WARNING: Please consider reporting this to the maintainers of class org.openjdk.jmh.util.Utils
WARNING: sun.misc.Unsafe::objectFieldOffset will be removed in a future release
# JMH version: 1.37
# VM version: JDK 25.0.4.1, OpenJDK 64-Bit Server VM, 25.0.4.1+1-LTS
# VM invoker: /opt/jdk-25/bin/java
# VM options: --enable-native-access=ALL-UNNAMED -Xms2g -Xmx2g -Dbench.file=/data/pread-bench-4096mb.dat -Dbench.fileSizeMB=4096 -Dbench.dropPageCache=true
# Blackhole mode: compiler (auto-detected, use -Djmh.blackhole.autoDetect=false to disable)
# Warmup: 2 iterations, 3 s each
# Measurement: 3 iterations, 5 s each
# Timeout: 10 min per iteration
# Threads: 1 thread, will synchronize iterations
# Benchmark mode: Throughput, ops/time
# Benchmark: org.apache.lucene.benchmark.jmh.RandomReadIOBenchmark.mmapBatchedPrefetch_T01
# Parameters: (readSize = 16384, readsPerOp = 16)

# Run progress: 0.00% complete, ETA 00:11:12
# Fork: 1 of 2
WARNING: A terminally deprecated method in sun.misc.Unsafe has been called
WARNING: sun.misc.Unsafe::objectFieldOffset has been called by org.openjdk.jmh.util.Utils (file:/opt/bench/branch/jmh-core-1.37.jar)
WARNING: Please consider reporting this to the maintainers of class org.openjdk.jmh.util.Utils
WARNING: sun.misc.Unsafe::objectFieldOffset will be removed in a future release
# Warmup Iteration   1: 3.019 ops/ms
# Warmup Iteration   2: 3.775 ops/ms
Iteration   1: 5.330 ops/ms
Iteration   2: 23.710 ops/ms
Iteration   3: 44.005 ops/ms

# Run progress: 3.13% complete, ETA 00:11:38
# Fork: 2 of 2
WARNING: A terminally deprecated method in sun.misc.Unsafe has been called
WARNING: sun.misc.Unsafe::objectFieldOffset has been called by org.openjdk.jmh.util.Utils (file:/opt/bench/branch/jmh-core-1.37.jar)
WARNING: Please consider reporting this to the maintainers of class org.openjdk.jmh.util.Utils
WARNING: sun.misc.Unsafe::objectFieldOffset will be removed in a future release
# Warmup Iteration   1: 2.863 ops/ms
# Warmup Iteration   2: 3.405 ops/ms
Iteration   1: 5.080 ops/ms
Iteration   2: 20.220 ops/ms
Iteration   3: 43.825 ops/ms


Result "org.apache.lucene.benchmark.jmh.RandomReadIOBenchmark.mmapBatchedPrefetch_T01":
  23.695 ±(99.9%) 48.789 ops/ms [Average]
  (min, avg, max) = (5.080, 23.695, 44.005), stdev = 17.399
  CI (99.9%): [≈ 0, 72.484] (assumes normal distribution)


# JMH version: 1.37
# VM version: JDK 25.0.4.1, OpenJDK 64-Bit Server VM, 25.0.4.1+1-LTS
# VM invoker: /opt/jdk-25/bin/java
# VM options: --enable-native-access=ALL-UNNAMED -Xms2g -Xmx2g -Dbench.file=/data/pread-bench-4096mb.dat -Dbench.fileSizeMB=4096 -Dbench.dropPageCache=true
# Blackhole mode: compiler (auto-detected, use -Djmh.blackhole.autoDetect=false to disable)
# Warmup: 2 iterations, 3 s each
# Measurement: 3 iterations, 5 s each
# Timeout: 10 min per iteration
# Threads: 4 threads, will synchronize iterations
# Benchmark mode: Throughput, ops/time
# Benchmark: org.apache.lucene.benchmark.jmh.RandomReadIOBenchmark.mmapBatchedPrefetch_T04
# Parameters: (readSize = 16384, readsPerOp = 16)

# Run progress: 6.25% complete, ETA 00:11:18
# Fork: 1 of 2
WARNING: A terminally deprecated method in sun.misc.Unsafe has been called
WARNING: sun.misc.Unsafe::objectFieldOffset has been called by org.openjdk.jmh.util.Utils (file:/opt/bench/branch/jmh-core-1.37.jar)
WARNING: Please consider reporting this to the maintainers of class org.openjdk.jmh.util.Utils
WARNING: sun.misc.Unsafe::objectFieldOffset will be removed in a future release
# Warmup Iteration   1: 10.233 ops/ms
# Warmup Iteration   2: 100.371 ops/ms
Iteration   1: 172.577 ops/ms
Iteration   2: 173.239 ops/ms
Iteration   3: 172.990 ops/ms

# Run progress: 9.38% complete, ETA 00:11:06
# Fork: 2 of 2
WARNING: A terminally deprecated method in sun.misc.Unsafe has been called
WARNING: sun.misc.Unsafe::objectFieldOffset has been called by org.openjdk.jmh.util.Utils (file:/opt/bench/branch/jmh-core-1.37.jar)
WARNING: Please consider reporting this to the maintainers of class org.openjdk.jmh.util.Utils
WARNING: sun.misc.Unsafe::objectFieldOffset will be removed in a future release
# Warmup Iteration   1: 10.184 ops/ms
# Warmup Iteration   2: 99.519 ops/ms
Iteration   1: 172.572 ops/ms
Iteration   2: 173.368 ops/ms
Iteration   3: 172.768 ops/ms


Result "org.apache.lucene.benchmark.jmh.RandomReadIOBenchmark.mmapBatchedPrefetch_T04":
  172.919 ±(99.9%) 0.946 ops/ms [Average]
  (min, avg, max) = (172.572, 172.919, 173.368), stdev = 0.337
  CI (99.9%): [171.973, 173.865] (assumes normal distribution)


# JMH version: 1.37
# VM version: JDK 25.0.4.1, OpenJDK 64-Bit Server VM, 25.0.4.1+1-LTS
# VM invoker: /opt/jdk-25/bin/java
# VM options: --enable-native-access=ALL-UNNAMED -Xms2g -Xmx2g -Dbench.file=/data/pread-bench-4096mb.dat -Dbench.fileSizeMB=4096 -Dbench.dropPageCache=true
# Blackhole mode: compiler (auto-detected, use -Djmh.blackhole.autoDetect=false to disable)
# Warmup: 2 iterations, 3 s each
# Measurement: 3 iterations, 5 s each
# Timeout: 10 min per iteration
# Threads: 8 threads, will synchronize iterations
# Benchmark mode: Throughput, ops/time
# Benchmark: org.apache.lucene.benchmark.jmh.RandomReadIOBenchmark.mmapBatchedPrefetch_T08
# Parameters: (readSize = 16384, readsPerOp = 16)

# Run progress: 12.50% complete, ETA 00:10:48
# Fork: 1 of 2
WARNING: A terminally deprecated method in sun.misc.Unsafe has been called
WARNING: sun.misc.Unsafe::objectFieldOffset has been called by org.openjdk.jmh.util.Utils (file:/opt/bench/branch/jmh-core-1.37.jar)
WARNING: Please consider reporting this to the maintainers of class org.openjdk.jmh.util.Utils
WARNING: sun.misc.Unsafe::objectFieldOffset will be removed in a future release
# Warmup Iteration   1: 14.732 ops/ms
# Warmup Iteration   2: 276.788 ops/ms
Iteration   1: 319.133 ops/ms
Iteration   2: 319.468 ops/ms
Iteration   3: 320.269 ops/ms

# Run progress: 15.63% complete, ETA 00:10:28
# Fork: 2 of 2
WARNING: A terminally deprecated method in sun.misc.Unsafe has been called
WARNING: sun.misc.Unsafe::objectFieldOffset has been called by org.openjdk.jmh.util.Utils (file:/opt/bench/branch/jmh-core-1.37.jar)
WARNING: Please consider reporting this to the maintainers of class org.openjdk.jmh.util.Utils
WARNING: sun.misc.Unsafe::objectFieldOffset will be removed in a future release
# Warmup Iteration   1: 14.465 ops/ms
# Warmup Iteration   2: 273.398 ops/ms
Iteration   1: 318.497 ops/ms
Iteration   2: 318.590 ops/ms
Iteration   3: 320.022 ops/ms


Result "org.apache.lucene.benchmark.jmh.RandomReadIOBenchmark.mmapBatchedPrefetch_T08":
  319.330 ±(99.9%) 2.044 ops/ms [Average]
  (min, avg, max) = (318.497, 319.330, 320.269), stdev = 0.729
  CI (99.9%): [317.285, 321.374] (assumes normal distribution)


# JMH version: 1.37
# VM version: JDK 25.0.4.1, OpenJDK 64-Bit Server VM, 25.0.4.1+1-LTS
# VM invoker: /opt/jdk-25/bin/java
# VM options: --enable-native-access=ALL-UNNAMED -Xms2g -Xmx2g -Dbench.file=/data/pread-bench-4096mb.dat -Dbench.fileSizeMB=4096 -Dbench.dropPageCache=true
# Blackhole mode: compiler (auto-detected, use -Djmh.blackhole.autoDetect=false to disable)
# Warmup: 2 iterations, 3 s each
# Measurement: 3 iterations, 5 s each
# Timeout: 10 min per iteration
# Threads: 16 threads, will synchronize iterations
# Benchmark mode: Throughput, ops/time
# Benchmark: org.apache.lucene.benchmark.jmh.RandomReadIOBenchmark.mmapBatchedPrefetch_T16
# Parameters: (readSize = 16384, readsPerOp = 16)

# Run progress: 18.75% complete, ETA 00:10:07
# Fork: 1 of 2
WARNING: A terminally deprecated method in sun.misc.Unsafe has been called
WARNING: sun.misc.Unsafe::objectFieldOffset has been called by org.openjdk.jmh.util.Utils (file:/opt/bench/branch/jmh-core-1.37.jar)
WARNING: Please consider reporting this to the maintainers of class org.openjdk.jmh.util.Utils
WARNING: sun.misc.Unsafe::objectFieldOffset will be removed in a future release
# Warmup Iteration   1: 20.989 ops/ms
# Warmup Iteration   2: 328.219 ops/ms
Iteration   1: 336.249 ops/ms
Iteration   2: 336.740 ops/ms
Iteration   3: 337.461 ops/ms

# Run progress: 21.88% complete, ETA 00:09:47
# Fork: 2 of 2
WARNING: A terminally deprecated method in sun.misc.Unsafe has been called
WARNING: sun.misc.Unsafe::objectFieldOffset has been called by org.openjdk.jmh.util.Utils (file:/opt/bench/branch/jmh-core-1.37.jar)
WARNING: Please consider reporting this to the maintainers of class org.openjdk.jmh.util.Utils
WARNING: sun.misc.Unsafe::objectFieldOffset will be removed in a future release
# Warmup Iteration   1: 21.875 ops/ms
# Warmup Iteration   2: 327.101 ops/ms
Iteration   1: 335.999 ops/ms
Iteration   2: 335.754 ops/ms
Iteration   3: 335.369 ops/ms


Result "org.apache.lucene.benchmark.jmh.RandomReadIOBenchmark.mmapBatchedPrefetch_T16":
  336.262 ±(99.9%) 2.095 ops/ms [Average]
  (min, avg, max) = (335.369, 336.262, 337.461), stdev = 0.747
  CI (99.9%): [334.167, 338.357] (assumes normal distribution)


# JMH version: 1.37
# VM version: JDK 25.0.4.1, OpenJDK 64-Bit Server VM, 25.0.4.1+1-LTS
# VM invoker: /opt/jdk-25/bin/java
# VM options: --enable-native-access=ALL-UNNAMED -Xms2g -Xmx2g -Dbench.file=/data/pread-bench-4096mb.dat -Dbench.fileSizeMB=4096 -Dbench.dropPageCache=true
# Blackhole mode: compiler (auto-detected, use -Djmh.blackhole.autoDetect=false to disable)
# Warmup: 2 iterations, 3 s each
# Measurement: 3 iterations, 5 s each
# Timeout: 10 min per iteration
# Threads: 1 thread, will synchronize iterations
# Benchmark mode: Throughput, ops/time
# Benchmark: org.apache.lucene.benchmark.jmh.RandomReadIOBenchmark.mmapRandomBatchedPrefetch_T01
# Parameters: (readSize = 16384, readsPerOp = 16)

# Run progress: 25.00% complete, ETA 00:09:26
# Fork: 1 of 2
WARNING: A terminally deprecated method in sun.misc.Unsafe has been called
WARNING: sun.misc.Unsafe::objectFieldOffset has been called by org.openjdk.jmh.util.Utils (file:/opt/bench/branch/jmh-core-1.37.jar)
WARNING: Please consider reporting this to the maintainers of class org.openjdk.jmh.util.Utils
WARNING: sun.misc.Unsafe::objectFieldOffset will be removed in a future release
# Warmup Iteration   1: 3.084 ops/ms
# Warmup Iteration   2: 3.766 ops/ms
Iteration   1: 5.309 ops/ms
Iteration   2: 23.529 ops/ms
Iteration   3: 44.291 ops/ms

# Run progress: 28.13% complete, ETA 00:09:00
# Fork: 2 of 2
WARNING: A terminally deprecated method in sun.misc.Unsafe has been called
WARNING: sun.misc.Unsafe::objectFieldOffset has been called by org.openjdk.jmh.util.Utils (file:/opt/bench/branch/jmh-core-1.37.jar)
WARNING: Please consider reporting this to the maintainers of class org.openjdk.jmh.util.Utils
WARNING: sun.misc.Unsafe::objectFieldOffset will be removed in a future release
# Warmup Iteration   1: 3.022 ops/ms
# Warmup Iteration   2: 3.794 ops/ms
Iteration   1: 5.395 ops/ms
Iteration   2: 23.332 ops/ms
Iteration   3: 43.193 ops/ms


Result "org.apache.lucene.benchmark.jmh.RandomReadIOBenchmark.mmapRandomBatchedPrefetch_T01":
  24.175 ±(99.9%) 48.181 ops/ms [Average]
  (min, avg, max) = (5.309, 24.175, 44.291), stdev = 17.182
  CI (99.9%): [≈ 0, 72.355] (assumes normal distribution)


# JMH version: 1.37
# VM version: JDK 25.0.4.1, OpenJDK 64-Bit Server VM, 25.0.4.1+1-LTS
# VM invoker: /opt/jdk-25/bin/java
# VM options: --enable-native-access=ALL-UNNAMED -Xms2g -Xmx2g -Dbench.file=/data/pread-bench-4096mb.dat -Dbench.fileSizeMB=4096 -Dbench.dropPageCache=true
# Blackhole mode: compiler (auto-detected, use -Djmh.blackhole.autoDetect=false to disable)
# Warmup: 2 iterations, 3 s each
# Measurement: 3 iterations, 5 s each
# Timeout: 10 min per iteration
# Threads: 4 threads, will synchronize iterations
# Benchmark mode: Throughput, ops/time
# Benchmark: org.apache.lucene.benchmark.jmh.RandomReadIOBenchmark.mmapRandomBatchedPrefetch_T04
# Parameters: (readSize = 16384, readsPerOp = 16)

# Run progress: 31.25% complete, ETA 00:08:35
# Fork: 1 of 2
WARNING: A terminally deprecated method in sun.misc.Unsafe has been called
WARNING: sun.misc.Unsafe::objectFieldOffset has been called by org.openjdk.jmh.util.Utils (file:/opt/bench/branch/jmh-core-1.37.jar)
WARNING: Please consider reporting this to the maintainers of class org.openjdk.jmh.util.Utils
WARNING: sun.misc.Unsafe::objectFieldOffset will be removed in a future release
# Warmup Iteration   1: 10.195 ops/ms
# Warmup Iteration   2: 96.512 ops/ms
Iteration   1: 172.097 ops/ms
Iteration   2: 170.282 ops/ms
Iteration   3: 171.127 ops/ms

# Run progress: 34.38% complete, ETA 00:08:12
# Fork: 2 of 2
WARNING: A terminally deprecated method in sun.misc.Unsafe has been called
WARNING: sun.misc.Unsafe::objectFieldOffset has been called by org.openjdk.jmh.util.Utils (file:/opt/bench/branch/jmh-core-1.37.jar)
WARNING: Please consider reporting this to the maintainers of class org.openjdk.jmh.util.Utils
WARNING: sun.misc.Unsafe::objectFieldOffset will be removed in a future release
# Warmup Iteration   1: 10.304 ops/ms
# Warmup Iteration   2: 93.486 ops/ms
Iteration   1: 171.136 ops/ms
Iteration   2: 172.861 ops/ms
Iteration   3: 171.954 ops/ms


Result "org.apache.lucene.benchmark.jmh.RandomReadIOBenchmark.mmapRandomBatchedPrefetch_T04":
  171.576 ±(99.9%) 2.551 ops/ms [Average]
  (min, avg, max) = (170.282, 171.576, 172.861), stdev = 0.910
  CI (99.9%): [169.026, 174.127] (assumes normal distribution)


# JMH version: 1.37
# VM version: JDK 25.0.4.1, OpenJDK 64-Bit Server VM, 25.0.4.1+1-LTS
# VM invoker: /opt/jdk-25/bin/java
# VM options: --enable-native-access=ALL-UNNAMED -Xms2g -Xmx2g -Dbench.file=/data/pread-bench-4096mb.dat -Dbench.fileSizeMB=4096 -Dbench.dropPageCache=true
# Blackhole mode: compiler (auto-detected, use -Djmh.blackhole.autoDetect=false to disable)
# Warmup: 2 iterations, 3 s each
# Measurement: 3 iterations, 5 s each
# Timeout: 10 min per iteration
# Threads: 8 threads, will synchronize iterations
# Benchmark mode: Throughput, ops/time
# Benchmark: org.apache.lucene.benchmark.jmh.RandomReadIOBenchmark.mmapRandomBatchedPrefetch_T08
# Parameters: (readSize = 16384, readsPerOp = 16)

# Run progress: 37.50% complete, ETA 00:07:49
# Fork: 1 of 2
WARNING: A terminally deprecated method in sun.misc.Unsafe has been called
WARNING: sun.misc.Unsafe::objectFieldOffset has been called by org.openjdk.jmh.util.Utils (file:/opt/bench/branch/jmh-core-1.37.jar)
WARNING: Please consider reporting this to the maintainers of class org.openjdk.jmh.util.Utils
WARNING: sun.misc.Unsafe::objectFieldOffset will be removed in a future release
# Warmup Iteration   1: 14.712 ops/ms
# Warmup Iteration   2: 271.895 ops/ms
Iteration   1: 316.000 ops/ms
Iteration   2: 316.404 ops/ms
Iteration   3: 317.415 ops/ms

# Run progress: 40.63% complete, ETA 00:07:26
# Fork: 2 of 2
WARNING: A terminally deprecated method in sun.misc.Unsafe has been called
WARNING: sun.misc.Unsafe::objectFieldOffset has been called by org.openjdk.jmh.util.Utils (file:/opt/bench/branch/jmh-core-1.37.jar)
WARNING: Please consider reporting this to the maintainers of class org.openjdk.jmh.util.Utils
WARNING: sun.misc.Unsafe::objectFieldOffset will be removed in a future release
# Warmup Iteration   1: 14.446 ops/ms
# Warmup Iteration   2: 269.653 ops/ms
Iteration   1: 316.254 ops/ms
Iteration   2: 314.181 ops/ms
Iteration   3: 314.848 ops/ms


Result "org.apache.lucene.benchmark.jmh.RandomReadIOBenchmark.mmapRandomBatchedPrefetch_T08":
  315.850 ±(99.9%) 3.254 ops/ms [Average]
  (min, avg, max) = (314.181, 315.850, 317.415), stdev = 1.160
  CI (99.9%): [312.597, 319.104] (assumes normal distribution)


# JMH version: 1.37
# VM version: JDK 25.0.4.1, OpenJDK 64-Bit Server VM, 25.0.4.1+1-LTS
# VM invoker: /opt/jdk-25/bin/java
# VM options: --enable-native-access=ALL-UNNAMED -Xms2g -Xmx2g -Dbench.file=/data/pread-bench-4096mb.dat -Dbench.fileSizeMB=4096 -Dbench.dropPageCache=true
# Blackhole mode: compiler (auto-detected, use -Djmh.blackhole.autoDetect=false to disable)
# Warmup: 2 iterations, 3 s each
# Measurement: 3 iterations, 5 s each
# Timeout: 10 min per iteration
# Threads: 16 threads, will synchronize iterations
# Benchmark mode: Throughput, ops/time
# Benchmark: org.apache.lucene.benchmark.jmh.RandomReadIOBenchmark.mmapRandomBatchedPrefetch_T16
# Parameters: (readSize = 16384, readsPerOp = 16)

# Run progress: 43.75% complete, ETA 00:07:03
# Fork: 1 of 2
WARNING: A terminally deprecated method in sun.misc.Unsafe has been called
WARNING: sun.misc.Unsafe::objectFieldOffset has been called by org.openjdk.jmh.util.Utils (file:/opt/bench/branch/jmh-core-1.37.jar)
WARNING: Please consider reporting this to the maintainers of class org.openjdk.jmh.util.Utils
WARNING: sun.misc.Unsafe::objectFieldOffset will be removed in a future release
# Warmup Iteration   1: 21.051 ops/ms
# Warmup Iteration   2: 323.753 ops/ms
Iteration   1: 330.774 ops/ms
Iteration   2: 328.945 ops/ms
Iteration   3: 332.379 ops/ms

# Run progress: 46.88% complete, ETA 00:06:41
# Fork: 2 of 2
WARNING: A terminally deprecated method in sun.misc.Unsafe has been called
WARNING: sun.misc.Unsafe::objectFieldOffset has been called by org.openjdk.jmh.util.Utils (file:/opt/bench/branch/jmh-core-1.37.jar)
WARNING: Please consider reporting this to the maintainers of class org.openjdk.jmh.util.Utils
WARNING: sun.misc.Unsafe::objectFieldOffset will be removed in a future release
# Warmup Iteration   1: 21.086 ops/ms
# Warmup Iteration   2: 319.794 ops/ms
Iteration   1: 332.198 ops/ms
Iteration   2: 330.231 ops/ms
Iteration   3: 333.088 ops/ms


Result "org.apache.lucene.benchmark.jmh.RandomReadIOBenchmark.mmapRandomBatchedPrefetch_T16":
  331.269 ±(99.9%) 4.367 ops/ms [Average]
  (min, avg, max) = (328.945, 331.269, 333.088), stdev = 1.557
  CI (99.9%): [326.902, 335.637] (assumes normal distribution)


# JMH version: 1.37
# VM version: JDK 25.0.4.1, OpenJDK 64-Bit Server VM, 25.0.4.1+1-LTS
# VM invoker: /opt/jdk-25/bin/java
# VM options: --enable-native-access=ALL-UNNAMED -Xms2g -Xmx2g -Dbench.file=/data/pread-bench-4096mb.dat -Dbench.fileSizeMB=4096 -Dbench.dropPageCache=true
# Blackhole mode: compiler (auto-detected, use -Djmh.blackhole.autoDetect=false to disable)
# Warmup: 2 iterations, 3 s each
# Measurement: 3 iterations, 5 s each
# Timeout: 10 min per iteration
# Threads: 1 thread, will synchronize iterations
# Benchmark mode: Throughput, ops/time
# Benchmark: org.apache.lucene.benchmark.jmh.RandomReadIOBenchmark.mmapRandom_T01
# Parameters: (readSize = 16384, readsPerOp = 16)

# Run progress: 50.00% complete, ETA 00:06:18
# Fork: 1 of 2
WARNING: A terminally deprecated method in sun.misc.Unsafe has been called
WARNING: sun.misc.Unsafe::objectFieldOffset has been called by org.openjdk.jmh.util.Utils (file:/opt/bench/branch/jmh-core-1.37.jar)
WARNING: Please consider reporting this to the maintainers of class org.openjdk.jmh.util.Utils
WARNING: sun.misc.Unsafe::objectFieldOffset will be removed in a future release
# Warmup Iteration   1: 0.100 ops/ms
# Warmup Iteration   2: 0.101 ops/ms
Iteration   1: 0.099 ops/ms
Iteration   2: 0.094 ops/ms
Iteration   3: 0.101 ops/ms

# Run progress: 53.13% complete, ETA 00:05:53
# Fork: 2 of 2
WARNING: A terminally deprecated method in sun.misc.Unsafe has been called
WARNING: sun.misc.Unsafe::objectFieldOffset has been called by org.openjdk.jmh.util.Utils (file:/opt/bench/branch/jmh-core-1.37.jar)
WARNING: Please consider reporting this to the maintainers of class org.openjdk.jmh.util.Utils
WARNING: sun.misc.Unsafe::objectFieldOffset will be removed in a future release
# Warmup Iteration   1: 0.103 ops/ms
# Warmup Iteration   2: 0.105 ops/ms
Iteration   1: 0.109 ops/ms
Iteration   2: 0.113 ops/ms
Iteration   3: 0.109 ops/ms


Result "org.apache.lucene.benchmark.jmh.RandomReadIOBenchmark.mmapRandom_T01":
  0.104 ±(99.9%) 0.020 ops/ms [Average]
  (min, avg, max) = (0.094, 0.104, 0.113), stdev = 0.007
  CI (99.9%): [0.084, 0.124] (assumes normal distribution)


# JMH version: 1.37
# VM version: JDK 25.0.4.1, OpenJDK 64-Bit Server VM, 25.0.4.1+1-LTS
# VM invoker: /opt/jdk-25/bin/java
# VM options: --enable-native-access=ALL-UNNAMED -Xms2g -Xmx2g -Dbench.file=/data/pread-bench-4096mb.dat -Dbench.fileSizeMB=4096 -Dbench.dropPageCache=true
# Blackhole mode: compiler (auto-detected, use -Djmh.blackhole.autoDetect=false to disable)
# Warmup: 2 iterations, 3 s each
# Measurement: 3 iterations, 5 s each
# Timeout: 10 min per iteration
# Threads: 4 threads, will synchronize iterations
# Benchmark mode: Throughput, ops/time
# Benchmark: org.apache.lucene.benchmark.jmh.RandomReadIOBenchmark.mmapRandom_T04
# Parameters: (readSize = 16384, readsPerOp = 16)

# Run progress: 56.25% complete, ETA 00:05:28
# Fork: 1 of 2
WARNING: A terminally deprecated method in sun.misc.Unsafe has been called
WARNING: sun.misc.Unsafe::objectFieldOffset has been called by org.openjdk.jmh.util.Utils (file:/opt/bench/branch/jmh-core-1.37.jar)
WARNING: Please consider reporting this to the maintainers of class org.openjdk.jmh.util.Utils
WARNING: sun.misc.Unsafe::objectFieldOffset will be removed in a future release
# Warmup Iteration   1: 0.332 ops/ms
# Warmup Iteration   2: 0.349 ops/ms
Iteration   1: 0.463 ops/ms
Iteration   2: 0.576 ops/ms
Iteration   3: 0.766 ops/ms

# Run progress: 59.38% complete, ETA 00:05:05
# Fork: 2 of 2
WARNING: A terminally deprecated method in sun.misc.Unsafe has been called
WARNING: sun.misc.Unsafe::objectFieldOffset has been called by org.openjdk.jmh.util.Utils (file:/opt/bench/branch/jmh-core-1.37.jar)
WARNING: Please consider reporting this to the maintainers of class org.openjdk.jmh.util.Utils
WARNING: sun.misc.Unsafe::objectFieldOffset will be removed in a future release
# Warmup Iteration   1: 0.404 ops/ms
# Warmup Iteration   2: 0.442 ops/ms
Iteration   1: 0.505 ops/ms
Iteration   2: 0.617 ops/ms
Iteration   3: 0.808 ops/ms


Result "org.apache.lucene.benchmark.jmh.RandomReadIOBenchmark.mmapRandom_T04":
  0.622 ±(99.9%) 0.390 ops/ms [Average]
  (min, avg, max) = (0.463, 0.622, 0.808), stdev = 0.139
  CI (99.9%): [0.233, 1.012] (assumes normal distribution)


# JMH version: 1.37
# VM version: JDK 25.0.4.1, OpenJDK 64-Bit Server VM, 25.0.4.1+1-LTS
# VM invoker: /opt/jdk-25/bin/java
# VM options: --enable-native-access=ALL-UNNAMED -Xms2g -Xmx2g -Dbench.file=/data/pread-bench-4096mb.dat -Dbench.fileSizeMB=4096 -Dbench.dropPageCache=true
# Blackhole mode: compiler (auto-detected, use -Djmh.blackhole.autoDetect=false to disable)
# Warmup: 2 iterations, 3 s each
# Measurement: 3 iterations, 5 s each
# Timeout: 10 min per iteration
# Threads: 8 threads, will synchronize iterations
# Benchmark mode: Throughput, ops/time
# Benchmark: org.apache.lucene.benchmark.jmh.RandomReadIOBenchmark.mmapRandom_T08
# Parameters: (readSize = 16384, readsPerOp = 16)

# Run progress: 62.50% complete, ETA 00:04:41
# Fork: 1 of 2
WARNING: A terminally deprecated method in sun.misc.Unsafe has been called
WARNING: sun.misc.Unsafe::objectFieldOffset has been called by org.openjdk.jmh.util.Utils (file:/opt/bench/branch/jmh-core-1.37.jar)
WARNING: Please consider reporting this to the maintainers of class org.openjdk.jmh.util.Utils
WARNING: sun.misc.Unsafe::objectFieldOffset will be removed in a future release
# Warmup Iteration   1: 0.769 ops/ms
# Warmup Iteration   2: 0.944 ops/ms
Iteration   1: 1.318 ops/ms
Iteration   2: 2.698 ops/ms
Iteration   3: 139.730 ops/ms

# Run progress: 65.63% complete, ETA 00:04:17
# Fork: 2 of 2
WARNING: A terminally deprecated method in sun.misc.Unsafe has been called
WARNING: sun.misc.Unsafe::objectFieldOffset has been called by org.openjdk.jmh.util.Utils (file:/opt/bench/branch/jmh-core-1.37.jar)
WARNING: Please consider reporting this to the maintainers of class org.openjdk.jmh.util.Utils
WARNING: sun.misc.Unsafe::objectFieldOffset will be removed in a future release
# Warmup Iteration   1: 0.754 ops/ms
# Warmup Iteration   2: 0.910 ops/ms
Iteration   1: 1.285 ops/ms
Iteration   2: 2.519 ops/ms
Iteration   3: 123.034 ops/ms


Result "org.apache.lucene.benchmark.jmh.RandomReadIOBenchmark.mmapRandom_T08":
  45.097 ±(99.9%) 188.011 ops/ms [Average]
  (min, avg, max) = (1.285, 45.097, 139.730), stdev = 67.047
  CI (99.9%): [≈ 0, 233.109] (assumes normal distribution)


# JMH version: 1.37
# VM version: JDK 25.0.4.1, OpenJDK 64-Bit Server VM, 25.0.4.1+1-LTS
# VM invoker: /opt/jdk-25/bin/java
# VM options: --enable-native-access=ALL-UNNAMED -Xms2g -Xmx2g -Dbench.file=/data/pread-bench-4096mb.dat -Dbench.fileSizeMB=4096 -Dbench.dropPageCache=true
# Blackhole mode: compiler (auto-detected, use -Djmh.blackhole.autoDetect=false to disable)
# Warmup: 2 iterations, 3 s each
# Measurement: 3 iterations, 5 s each
# Timeout: 10 min per iteration
# Threads: 16 threads, will synchronize iterations
# Benchmark mode: Throughput, ops/time
# Benchmark: org.apache.lucene.benchmark.jmh.RandomReadIOBenchmark.mmapRandom_T16
# Parameters: (readSize = 16384, readsPerOp = 16)

# Run progress: 68.75% complete, ETA 00:03:54
# Fork: 1 of 2
WARNING: A terminally deprecated method in sun.misc.Unsafe has been called
WARNING: sun.misc.Unsafe::objectFieldOffset has been called by org.openjdk.jmh.util.Utils (file:/opt/bench/branch/jmh-core-1.37.jar)
WARNING: Please consider reporting this to the maintainers of class org.openjdk.jmh.util.Utils
WARNING: sun.misc.Unsafe::objectFieldOffset will be removed in a future release
# Warmup Iteration   1: 1.440 ops/ms
# Warmup Iteration   2: 2.137 ops/ms
Iteration   1: 27.411 ops/ms
Iteration   2: 338.451 ops/ms
Iteration   3: 338.142 ops/ms

# Run progress: 71.88% complete, ETA 00:03:31
# Fork: 2 of 2
WARNING: A terminally deprecated method in sun.misc.Unsafe has been called
WARNING: sun.misc.Unsafe::objectFieldOffset has been called by org.openjdk.jmh.util.Utils (file:/opt/bench/branch/jmh-core-1.37.jar)
WARNING: Please consider reporting this to the maintainers of class org.openjdk.jmh.util.Utils
WARNING: sun.misc.Unsafe::objectFieldOffset will be removed in a future release
# Warmup Iteration   1: 1.462 ops/ms
# Warmup Iteration   2: 2.160 ops/ms
Iteration   1: 22.440 ops/ms
Iteration   2: 337.877 ops/ms
Iteration   3: 337.788 ops/ms


Result "org.apache.lucene.benchmark.jmh.RandomReadIOBenchmark.mmapRandom_T16":
  233.685 ±(99.9%) 453.471 ops/ms [Average]
  (min, avg, max) = (22.440, 233.685, 338.451), stdev = 161.712
  CI (99.9%): [≈ 0, 687.156] (assumes normal distribution)


# JMH version: 1.37
# VM version: JDK 25.0.4.1, OpenJDK 64-Bit Server VM, 25.0.4.1+1-LTS
# VM invoker: /opt/jdk-25/bin/java
# VM options: --enable-native-access=ALL-UNNAMED -Xms2g -Xmx2g -Dbench.file=/data/pread-bench-4096mb.dat -Dbench.fileSizeMB=4096 -Dbench.dropPageCache=true
# Blackhole mode: compiler (auto-detected, use -Djmh.blackhole.autoDetect=false to disable)
# Warmup: 2 iterations, 3 s each
# Measurement: 3 iterations, 5 s each
# Timeout: 10 min per iteration
# Threads: 1 thread, will synchronize iterations
# Benchmark mode: Throughput, ops/time
# Benchmark: org.apache.lucene.benchmark.jmh.RandomReadIOBenchmark.mmap_T01
# Parameters: (readSize = 16384, readsPerOp = 16)

# Run progress: 75.00% complete, ETA 00:03:08
# Fork: 1 of 2
WARNING: A terminally deprecated method in sun.misc.Unsafe has been called
WARNING: sun.misc.Unsafe::objectFieldOffset has been called by org.openjdk.jmh.util.Utils (file:/opt/bench/branch/jmh-core-1.37.jar)
WARNING: Please consider reporting this to the maintainers of class org.openjdk.jmh.util.Utils
WARNING: sun.misc.Unsafe::objectFieldOffset will be removed in a future release
# Warmup Iteration   1: 0.310 ops/ms
# Warmup Iteration   2: 0.420 ops/ms
Iteration   1: 0.924 ops/ms
Iteration   2: 9.729 ops/ms
Iteration   3: 43.605 ops/ms

# Run progress: 78.13% complete, ETA 00:02:44
# Fork: 2 of 2
WARNING: A terminally deprecated method in sun.misc.Unsafe has been called
WARNING: sun.misc.Unsafe::objectFieldOffset has been called by org.openjdk.jmh.util.Utils (file:/opt/bench/branch/jmh-core-1.37.jar)
WARNING: Please consider reporting this to the maintainers of class org.openjdk.jmh.util.Utils
WARNING: sun.misc.Unsafe::objectFieldOffset will be removed in a future release
# Warmup Iteration   1: 0.317 ops/ms
# Warmup Iteration   2: 0.427 ops/ms
Iteration   1: 0.929 ops/ms
Iteration   2: 10.096 ops/ms
Iteration   3: 43.092 ops/ms


Result "org.apache.lucene.benchmark.jmh.RandomReadIOBenchmark.mmap_T01":
  18.063 ±(99.9%) 56.071 ops/ms [Average]
  (min, avg, max) = (0.924, 18.063, 43.605), stdev = 19.995
  CI (99.9%): [≈ 0, 74.133] (assumes normal distribution)


# JMH version: 1.37
# VM version: JDK 25.0.4.1, OpenJDK 64-Bit Server VM, 25.0.4.1+1-LTS
# VM invoker: /opt/jdk-25/bin/java
# VM options: --enable-native-access=ALL-UNNAMED -Xms2g -Xmx2g -Dbench.file=/data/pread-bench-4096mb.dat -Dbench.fileSizeMB=4096 -Dbench.dropPageCache=true
# Blackhole mode: compiler (auto-detected, use -Djmh.blackhole.autoDetect=false to disable)
# Warmup: 2 iterations, 3 s each
# Measurement: 3 iterations, 5 s each
# Timeout: 10 min per iteration
# Threads: 4 threads, will synchronize iterations
# Benchmark mode: Throughput, ops/time
# Benchmark: org.apache.lucene.benchmark.jmh.RandomReadIOBenchmark.mmap_T04
# Parameters: (readSize = 16384, readsPerOp = 16)

# Run progress: 81.25% complete, ETA 00:02:20
# Fork: 1 of 2
WARNING: A terminally deprecated method in sun.misc.Unsafe has been called
WARNING: sun.misc.Unsafe::objectFieldOffset has been called by org.openjdk.jmh.util.Utils (file:/opt/bench/branch/jmh-core-1.37.jar)
WARNING: Please consider reporting this to the maintainers of class org.openjdk.jmh.util.Utils
WARNING: sun.misc.Unsafe::objectFieldOffset will be removed in a future release
# Warmup Iteration   1: 4.187 ops/ms
# Warmup Iteration   2: 139.363 ops/ms
Iteration   1: 175.759 ops/ms
Iteration   2: 175.402 ops/ms
Iteration   3: 176.161 ops/ms

# Run progress: 84.38% complete, ETA 00:01:57
# Fork: 2 of 2
WARNING: A terminally deprecated method in sun.misc.Unsafe has been called
WARNING: sun.misc.Unsafe::objectFieldOffset has been called by org.openjdk.jmh.util.Utils (file:/opt/bench/branch/jmh-core-1.37.jar)
WARNING: Please consider reporting this to the maintainers of class org.openjdk.jmh.util.Utils
WARNING: sun.misc.Unsafe::objectFieldOffset will be removed in a future release
# Warmup Iteration   1: 4.602 ops/ms
# Warmup Iteration   2: 144.672 ops/ms
Iteration   1: 177.675 ops/ms
Iteration   2: 177.508 ops/ms
Iteration   3: 177.225 ops/ms


Result "org.apache.lucene.benchmark.jmh.RandomReadIOBenchmark.mmap_T04":
  176.622 ±(99.9%) 2.719 ops/ms [Average]
  (min, avg, max) = (175.402, 176.622, 177.675), stdev = 0.970
  CI (99.9%): [173.902, 179.341] (assumes normal distribution)


# JMH version: 1.37
# VM version: JDK 25.0.4.1, OpenJDK 64-Bit Server VM, 25.0.4.1+1-LTS
# VM invoker: /opt/jdk-25/bin/java
# VM options: --enable-native-access=ALL-UNNAMED -Xms2g -Xmx2g -Dbench.file=/data/pread-bench-4096mb.dat -Dbench.fileSizeMB=4096 -Dbench.dropPageCache=true
# Blackhole mode: compiler (auto-detected, use -Djmh.blackhole.autoDetect=false to disable)
# Warmup: 2 iterations, 3 s each
# Measurement: 3 iterations, 5 s each
# Timeout: 10 min per iteration
# Threads: 8 threads, will synchronize iterations
# Benchmark mode: Throughput, ops/time
# Benchmark: org.apache.lucene.benchmark.jmh.RandomReadIOBenchmark.mmap_T08
# Parameters: (readSize = 16384, readsPerOp = 16)

# Run progress: 87.50% complete, ETA 00:01:33
# Fork: 1 of 2
WARNING: A terminally deprecated method in sun.misc.Unsafe has been called
WARNING: sun.misc.Unsafe::objectFieldOffset has been called by org.openjdk.jmh.util.Utils (file:/opt/bench/branch/jmh-core-1.37.jar)
WARNING: Please consider reporting this to the maintainers of class org.openjdk.jmh.util.Utils
WARNING: sun.misc.Unsafe::objectFieldOffset will be removed in a future release
# Warmup Iteration   1: 13.163 ops/ms
# Warmup Iteration   2: 318.621 ops/ms
Iteration   1: 323.489 ops/ms
Iteration   2: 323.527 ops/ms
Iteration   3: 324.279 ops/ms

# Run progress: 90.63% complete, ETA 00:01:10
# Fork: 2 of 2
WARNING: A terminally deprecated method in sun.misc.Unsafe has been called
WARNING: sun.misc.Unsafe::objectFieldOffset has been called by org.openjdk.jmh.util.Utils (file:/opt/bench/branch/jmh-core-1.37.jar)
WARNING: Please consider reporting this to the maintainers of class org.openjdk.jmh.util.Utils
WARNING: sun.misc.Unsafe::objectFieldOffset will be removed in a future release
# Warmup Iteration   1: 13.990 ops/ms
# Warmup Iteration   2: 321.568 ops/ms
Iteration   1: 323.237 ops/ms
Iteration   2: 324.471 ops/ms
Iteration   3: 325.051 ops/ms


Result "org.apache.lucene.benchmark.jmh.RandomReadIOBenchmark.mmap_T08":
  324.009 ±(99.9%) 1.971 ops/ms [Average]
  (min, avg, max) = (323.237, 324.009, 325.051), stdev = 0.703
  CI (99.9%): [322.038, 325.980] (assumes normal distribution)


# JMH version: 1.37
# VM version: JDK 25.0.4.1, OpenJDK 64-Bit Server VM, 25.0.4.1+1-LTS
# VM invoker: /opt/jdk-25/bin/java
# VM options: --enable-native-access=ALL-UNNAMED -Xms2g -Xmx2g -Dbench.file=/data/pread-bench-4096mb.dat -Dbench.fileSizeMB=4096 -Dbench.dropPageCache=true
# Blackhole mode: compiler (auto-detected, use -Djmh.blackhole.autoDetect=false to disable)
# Warmup: 2 iterations, 3 s each
# Measurement: 3 iterations, 5 s each
# Timeout: 10 min per iteration
# Threads: 16 threads, will synchronize iterations
# Benchmark mode: Throughput, ops/time
# Benchmark: org.apache.lucene.benchmark.jmh.RandomReadIOBenchmark.mmap_T16
# Parameters: (readSize = 16384, readsPerOp = 16)

# Run progress: 93.75% complete, ETA 00:00:46
# Fork: 1 of 2
WARNING: A terminally deprecated method in sun.misc.Unsafe has been called
WARNING: sun.misc.Unsafe::objectFieldOffset has been called by org.openjdk.jmh.util.Utils (file:/opt/bench/branch/jmh-core-1.37.jar)
WARNING: Please consider reporting this to the maintainers of class org.openjdk.jmh.util.Utils
WARNING: sun.misc.Unsafe::objectFieldOffset will be removed in a future release
# Warmup Iteration   1: 17.897 ops/ms
# Warmup Iteration   2: 340.522 ops/ms
Iteration   1: 340.436 ops/ms
Iteration   2: 340.558 ops/ms
Iteration   3: 340.241 ops/ms

# Run progress: 96.88% complete, ETA 00:00:23
# Fork: 2 of 2
WARNING: A terminally deprecated method in sun.misc.Unsafe has been called
WARNING: sun.misc.Unsafe::objectFieldOffset has been called by org.openjdk.jmh.util.Utils (file:/opt/bench/branch/jmh-core-1.37.jar)
WARNING: Please consider reporting this to the maintainers of class org.openjdk.jmh.util.Utils
WARNING: sun.misc.Unsafe::objectFieldOffset will be removed in a future release
# Warmup Iteration   1: 17.981 ops/ms
# Warmup Iteration   2: 338.449 ops/ms
Iteration   1: 338.674 ops/ms
Iteration   2: 338.982 ops/ms
Iteration   3: 338.332 ops/ms


Result "org.apache.lucene.benchmark.jmh.RandomReadIOBenchmark.mmap_T16":
  339.537 ±(99.9%) 2.762 ops/ms [Average]
  (min, avg, max) = (338.332, 339.537, 340.558), stdev = 0.985
  CI (99.9%): [336.775, 342.299] (assumes normal distribution)


# Run complete. Total time: 00:12:33

REMEMBER: The numbers below are just data. To gain reusable insights, you need to follow up on
why the numbers are the way they are. Use profilers (see -prof, -lprof), design factorial
experiments, perform baseline and negative tests that provide experimental control, make sure
the benchmarking environment is safe on JVM/OS/HW level, ask for reviews from the domain experts.
Do not assume the numbers tell you what you want them to tell.

NOTE: Current JVM experimentally supports Compiler Blackholes, and they are in use. Please exercise
extra caution when trusting the results, look into the generated code to check the benchmark still
works, and factor in a small probability of new VM bugs. Additionally, while comparisons between
different JVMs are already problematic, the performance difference caused by different Blackhole
modes can be very significant. Please make sure you use the consistent Blackhole mode for comparisons.

Benchmark                                            (readSize)  (readsPerOp)   Mode  Cnt    Score     Error   Units
RandomReadIOBenchmark.mmapBatchedPrefetch_T01             16384            16  thrpt    6   23.695 ±  48.789  ops/ms
RandomReadIOBenchmark.mmapBatchedPrefetch_T04             16384            16  thrpt    6  172.919 ±   0.946  ops/ms
RandomReadIOBenchmark.mmapBatchedPrefetch_T08             16384            16  thrpt    6  319.330 ±   2.044  ops/ms
RandomReadIOBenchmark.mmapBatchedPrefetch_T16             16384            16  thrpt    6  336.262 ±   2.095  ops/ms
RandomReadIOBenchmark.mmapRandomBatchedPrefetch_T01       16384            16  thrpt    6   24.175 ±  48.181  ops/ms
RandomReadIOBenchmark.mmapRandomBatchedPrefetch_T04       16384            16  thrpt    6  171.576 ±   2.551  ops/ms
RandomReadIOBenchmark.mmapRandomBatchedPrefetch_T08       16384            16  thrpt    6  315.850 ±   3.254  ops/ms
RandomReadIOBenchmark.mmapRandomBatchedPrefetch_T16       16384            16  thrpt    6  331.269 ±   4.367  ops/ms
RandomReadIOBenchmark.mmapRandom_T01                      16384            16  thrpt    6    0.104 ±   0.020  ops/ms
RandomReadIOBenchmark.mmapRandom_T04                      16384            16  thrpt    6    0.622 ±   0.390  ops/ms
RandomReadIOBenchmark.mmapRandom_T08                      16384            16  thrpt    6   45.097 ± 188.011  ops/ms
RandomReadIOBenchmark.mmapRandom_T16                      16384            16  thrpt    6  233.685 ± 453.471  ops/ms
RandomReadIOBenchmark.mmap_T01                            16384            16  thrpt    6   18.063 ±  56.071  ops/ms
RandomReadIOBenchmark.mmap_T04                            16384            16  thrpt    6  176.622 ±   2.719  ops/ms
RandomReadIOBenchmark.mmap_T08                            16384            16  thrpt    6  324.009 ±   1.971  ops/ms
RandomReadIOBenchmark.mmap_T16                            16384            16  thrpt    6  339.537 ±   2.762  ops/ms

Benchmark result is saved to /opt/bench/results/branch-cold-randomread.json
WARNING: A terminally deprecated method in sun.misc.Unsafe has been called
WARNING: sun.misc.Unsafe::objectFieldOffset has been called by org.openjdk.jmh.util.Utils (file:/opt/bench/branch/jmh-core-1.37.jar)
WARNING: Please consider reporting this to the maintainers of class org.openjdk.jmh.util.Utils
WARNING: sun.misc.Unsafe::objectFieldOffset will be removed in a future release
# JMH version: 1.37
# VM version: JDK 25.0.4.1, OpenJDK 64-Bit Server VM, 25.0.4.1+1-LTS
# VM invoker: /opt/jdk-25/bin/java
# VM options: --enable-native-access=ALL-UNNAMED -Xms2g -Xmx2g -Dbench.indexPath=/data/sf-index-1000000 -Dbench.numDocs=1000000 -Dbench.docSizeBytes=4096 -Dbench.readAdvice=RANDOM -Dbench.prefetchWindow=16 -Dbench.dropPageCache=true
# Blackhole mode: compiler (auto-detected, use -Djmh.blackhole.autoDetect=false to disable)
# Warmup: 2 iterations, 2 s each
# Measurement: 3 iterations, 3 s each
# Timeout: 10 min per iteration
# Threads: 1 thread, will synchronize iterations
# Benchmark mode: Throughput, ops/time
# Benchmark: org.apache.lucene.benchmark.jmh.StoredFieldsPrefetchBenchmark.prefetchOnly_T01
# Parameters: (topK = 10)

# Run progress: 0.00% complete, ETA 00:05:12
# Fork: 1 of 2
WARNING: A terminally deprecated method in sun.misc.Unsafe has been called
WARNING: sun.misc.Unsafe::objectFieldOffset has been called by org.openjdk.jmh.util.Utils (file:/opt/bench/branch/jmh-core-1.37.jar)
WARNING: Please consider reporting this to the maintainers of class org.openjdk.jmh.util.Utils
WARNING: sun.misc.Unsafe::objectFieldOffset will be removed in a future release
# Warmup Iteration   1: Sep 30, 2026 12:31:17 AM org.apache.lucene.internal.vectorization.VectorizationProvider lookup
WARNING: Java vector incubator module is not readable. For optimal vector performance, pass '--add-modules jdk.incubator.vector' to enable Vector API.
3.190 ops/ms
# Warmup Iteration   2: 3.189 ops/ms
Iteration   1: 9.116 ops/ms
Iteration   2: 9.022 ops/ms
Iteration   3: 8.995 ops/ms

# Run progress: 4.17% complete, ETA 00:05:50
# Fork: 2 of 2
WARNING: A terminally deprecated method in sun.misc.Unsafe has been called
WARNING: sun.misc.Unsafe::objectFieldOffset has been called by org.openjdk.jmh.util.Utils (file:/opt/bench/branch/jmh-core-1.37.jar)
WARNING: Please consider reporting this to the maintainers of class org.openjdk.jmh.util.Utils
WARNING: sun.misc.Unsafe::objectFieldOffset will be removed in a future release
# Warmup Iteration   1: Sep 30, 2026 12:31:32 AM org.apache.lucene.internal.vectorization.VectorizationProvider lookup
WARNING: Java vector incubator module is not readable. For optimal vector performance, pass '--add-modules jdk.incubator.vector' to enable Vector API.
3.207 ops/ms
# Warmup Iteration   2: 3.207 ops/ms
Iteration   1: 9.016 ops/ms
Iteration   2: 9.145 ops/ms
Iteration   3: 9.126 ops/ms


Result "org.apache.lucene.benchmark.jmh.StoredFieldsPrefetchBenchmark.prefetchOnly_T01":
  9.070 ±(99.9%) 0.185 ops/ms [Average]
  (min, avg, max) = (8.995, 9.070, 9.145), stdev = 0.066
  CI (99.9%): [8.886, 9.255] (assumes normal distribution)


# JMH version: 1.37
# VM version: JDK 25.0.4.1, OpenJDK 64-Bit Server VM, 25.0.4.1+1-LTS
# VM invoker: /opt/jdk-25/bin/java
# VM options: --enable-native-access=ALL-UNNAMED -Xms2g -Xmx2g -Dbench.indexPath=/data/sf-index-1000000 -Dbench.numDocs=1000000 -Dbench.docSizeBytes=4096 -Dbench.readAdvice=RANDOM -Dbench.prefetchWindow=16 -Dbench.dropPageCache=true
# Blackhole mode: compiler (auto-detected, use -Djmh.blackhole.autoDetect=false to disable)
# Warmup: 2 iterations, 2 s each
# Measurement: 3 iterations, 3 s each
# Timeout: 10 min per iteration
# Threads: 1 thread, will synchronize iterations
# Benchmark mode: Throughput, ops/time
# Benchmark: org.apache.lucene.benchmark.jmh.StoredFieldsPrefetchBenchmark.prefetchOnly_T01
# Parameters: (topK = 100)

# Run progress: 8.33% complete, ETA 00:05:36
# Fork: 1 of 2
WARNING: A terminally deprecated method in sun.misc.Unsafe has been called
WARNING: sun.misc.Unsafe::objectFieldOffset has been called by org.openjdk.jmh.util.Utils (file:/opt/bench/branch/jmh-core-1.37.jar)
WARNING: Please consider reporting this to the maintainers of class org.openjdk.jmh.util.Utils
WARNING: sun.misc.Unsafe::objectFieldOffset will be removed in a future release
# Warmup Iteration   1: Sep 30, 2026 12:31:48 AM org.apache.lucene.internal.vectorization.VectorizationProvider lookup
WARNING: Java vector incubator module is not readable. For optimal vector performance, pass '--add-modules jdk.incubator.vector' to enable Vector API.
0.317 ops/ms
# Warmup Iteration   2: 0.322 ops/ms
Iteration   1: 0.900 ops/ms
Iteration   2: 0.909 ops/ms
Iteration   3: 0.916 ops/ms

# Run progress: 12.50% complete, ETA 00:05:22
# Fork: 2 of 2
WARNING: A terminally deprecated method in sun.misc.Unsafe has been called
WARNING: sun.misc.Unsafe::objectFieldOffset has been called by org.openjdk.jmh.util.Utils (file:/opt/bench/branch/jmh-core-1.37.jar)
WARNING: Please consider reporting this to the maintainers of class org.openjdk.jmh.util.Utils
WARNING: sun.misc.Unsafe::objectFieldOffset will be removed in a future release
# Warmup Iteration   1: Sep 30, 2026 12:32:03 AM org.apache.lucene.internal.vectorization.VectorizationProvider lookup
WARNING: Java vector incubator module is not readable. For optimal vector performance, pass '--add-modules jdk.incubator.vector' to enable Vector API.
0.323 ops/ms
# Warmup Iteration   2: 0.322 ops/ms
Iteration   1: 0.902 ops/ms
Iteration   2: 0.897 ops/ms
Iteration   3: 0.898 ops/ms


Result "org.apache.lucene.benchmark.jmh.StoredFieldsPrefetchBenchmark.prefetchOnly_T01":
  0.903 ±(99.9%) 0.020 ops/ms [Average]
  (min, avg, max) = (0.897, 0.903, 0.916), stdev = 0.007
  CI (99.9%): [0.883, 0.924] (assumes normal distribution)


# JMH version: 1.37
# VM version: JDK 25.0.4.1, OpenJDK 64-Bit Server VM, 25.0.4.1+1-LTS
# VM invoker: /opt/jdk-25/bin/java
# VM options: --enable-native-access=ALL-UNNAMED -Xms2g -Xmx2g -Dbench.indexPath=/data/sf-index-1000000 -Dbench.numDocs=1000000 -Dbench.docSizeBytes=4096 -Dbench.readAdvice=RANDOM -Dbench.prefetchWindow=16 -Dbench.dropPageCache=true
# Blackhole mode: compiler (auto-detected, use -Djmh.blackhole.autoDetect=false to disable)
# Warmup: 2 iterations, 2 s each
# Measurement: 3 iterations, 3 s each
# Timeout: 10 min per iteration
# Threads: 8 threads, will synchronize iterations
# Benchmark mode: Throughput, ops/time
# Benchmark: org.apache.lucene.benchmark.jmh.StoredFieldsPrefetchBenchmark.prefetchOnly_T08
# Parameters: (topK = 10)

# Run progress: 16.67% complete, ETA 00:05:06
# Fork: 1 of 2
WARNING: A terminally deprecated method in sun.misc.Unsafe has been called
WARNING: sun.misc.Unsafe::objectFieldOffset has been called by org.openjdk.jmh.util.Utils (file:/opt/bench/branch/jmh-core-1.37.jar)
WARNING: Please consider reporting this to the maintainers of class org.openjdk.jmh.util.Utils
WARNING: sun.misc.Unsafe::objectFieldOffset will be removed in a future release
# Warmup Iteration   1: Sep 30, 2026 12:32:18 AM org.apache.lucene.internal.vectorization.VectorizationProvider lookup
WARNING: Java vector incubator module is not readable. For optimal vector performance, pass '--add-modules jdk.incubator.vector' to enable Vector API.
4.869 ops/ms
# Warmup Iteration   2: 4.709 ops/ms
Iteration   1: 398.599 ops/ms
Iteration   2: 278.144 ops/ms
Iteration   3: 281.049 ops/ms

# Run progress: 20.83% complete, ETA 00:04:54
# Fork: 2 of 2
WARNING: A terminally deprecated method in sun.misc.Unsafe has been called
WARNING: sun.misc.Unsafe::objectFieldOffset has been called by org.openjdk.jmh.util.Utils (file:/opt/bench/branch/jmh-core-1.37.jar)
WARNING: Please consider reporting this to the maintainers of class org.openjdk.jmh.util.Utils
WARNING: sun.misc.Unsafe::objectFieldOffset will be removed in a future release
# Warmup Iteration   1: Sep 30, 2026 12:32:34 AM org.apache.lucene.internal.vectorization.VectorizationProvider lookup
WARNING: Java vector incubator module is not readable. For optimal vector performance, pass '--add-modules jdk.incubator.vector' to enable Vector API.
4.807 ops/ms
# Warmup Iteration   2: 4.841 ops/ms
Iteration   1: 269.332 ops/ms
Iteration   2: 276.535 ops/ms
Iteration   3: 276.991 ops/ms


Result "org.apache.lucene.benchmark.jmh.StoredFieldsPrefetchBenchmark.prefetchOnly_T08":
  296.775 ±(99.9%) 140.303 ops/ms [Average]
  (min, avg, max) = (269.332, 296.775, 398.599), stdev = 50.033
  CI (99.9%): [156.472, 437.078] (assumes normal distribution)


# JMH version: 1.37
# VM version: JDK 25.0.4.1, OpenJDK 64-Bit Server VM, 25.0.4.1+1-LTS
# VM invoker: /opt/jdk-25/bin/java
# VM options: --enable-native-access=ALL-UNNAMED -Xms2g -Xmx2g -Dbench.indexPath=/data/sf-index-1000000 -Dbench.numDocs=1000000 -Dbench.docSizeBytes=4096 -Dbench.readAdvice=RANDOM -Dbench.prefetchWindow=16 -Dbench.dropPageCache=true
# Blackhole mode: compiler (auto-detected, use -Djmh.blackhole.autoDetect=false to disable)
# Warmup: 2 iterations, 2 s each
# Measurement: 3 iterations, 3 s each
# Timeout: 10 min per iteration
# Threads: 8 threads, will synchronize iterations
# Benchmark mode: Throughput, ops/time
# Benchmark: org.apache.lucene.benchmark.jmh.StoredFieldsPrefetchBenchmark.prefetchOnly_T08
# Parameters: (topK = 100)

# Run progress: 25.00% complete, ETA 00:04:41
# Fork: 1 of 2
WARNING: A terminally deprecated method in sun.misc.Unsafe has been called
WARNING: sun.misc.Unsafe::objectFieldOffset has been called by org.openjdk.jmh.util.Utils (file:/opt/bench/branch/jmh-core-1.37.jar)
WARNING: Please consider reporting this to the maintainers of class org.openjdk.jmh.util.Utils
WARNING: sun.misc.Unsafe::objectFieldOffset will be removed in a future release
# Warmup Iteration   1: Sep 30, 2026 12:32:51 AM org.apache.lucene.internal.vectorization.VectorizationProvider lookup
WARNING: Java vector incubator module is not readable. For optimal vector performance, pass '--add-modules jdk.incubator.vector' to enable Vector API.
0.493 ops/ms
# Warmup Iteration   2: 0.560 ops/ms
Iteration   1: 27.883 ops/ms
Iteration   2: 29.486 ops/ms
Iteration   3: 29.397 ops/ms

# Run progress: 29.17% complete, ETA 00:04:26
# Fork: 2 of 2
WARNING: A terminally deprecated method in sun.misc.Unsafe has been called
WARNING: sun.misc.Unsafe::objectFieldOffset has been called by org.openjdk.jmh.util.Utils (file:/opt/bench/branch/jmh-core-1.37.jar)
WARNING: Please consider reporting this to the maintainers of class org.openjdk.jmh.util.Utils
WARNING: sun.misc.Unsafe::objectFieldOffset will be removed in a future release
# Warmup Iteration   1: Sep 30, 2026 12:33:07 AM org.apache.lucene.internal.vectorization.VectorizationProvider lookup
WARNING: Java vector incubator module is not readable. For optimal vector performance, pass '--add-modules jdk.incubator.vector' to enable Vector API.
0.482 ops/ms
# Warmup Iteration   2: 0.481 ops/ms
Iteration   1: 28.490 ops/ms
Iteration   2: 27.973 ops/ms
Iteration   3: 29.145 ops/ms


Result "org.apache.lucene.benchmark.jmh.StoredFieldsPrefetchBenchmark.prefetchOnly_T08":
  28.729 ±(99.9%) 1.998 ops/ms [Average]
  (min, avg, max) = (27.883, 28.729, 29.486), stdev = 0.712
  CI (99.9%): [26.731, 30.727] (assumes normal distribution)


# JMH version: 1.37
# VM version: JDK 25.0.4.1, OpenJDK 64-Bit Server VM, 25.0.4.1+1-LTS
# VM invoker: /opt/jdk-25/bin/java
# VM options: --enable-native-access=ALL-UNNAMED -Xms2g -Xmx2g -Dbench.indexPath=/data/sf-index-1000000 -Dbench.numDocs=1000000 -Dbench.docSizeBytes=4096 -Dbench.readAdvice=RANDOM -Dbench.prefetchWindow=16 -Dbench.dropPageCache=true
# Blackhole mode: compiler (auto-detected, use -Djmh.blackhole.autoDetect=false to disable)
# Warmup: 2 iterations, 2 s each
# Measurement: 3 iterations, 3 s each
# Timeout: 10 min per iteration
# Threads: 1 thread, will synchronize iterations
# Benchmark mode: Throughput, ops/time
# Benchmark: org.apache.lucene.benchmark.jmh.StoredFieldsPrefetchBenchmark.retrieveNoPrefetch_T01
# Parameters: (topK = 10)

# Run progress: 33.33% complete, ETA 00:04:12
# Fork: 1 of 2
WARNING: A terminally deprecated method in sun.misc.Unsafe has been called
WARNING: sun.misc.Unsafe::objectFieldOffset has been called by org.openjdk.jmh.util.Utils (file:/opt/bench/branch/jmh-core-1.37.jar)
WARNING: Please consider reporting this to the maintainers of class org.openjdk.jmh.util.Utils
WARNING: sun.misc.Unsafe::objectFieldOffset will be removed in a future release
# Warmup Iteration   1: Sep 30, 2026 12:33:23 AM org.apache.lucene.internal.vectorization.VectorizationProvider lookup
WARNING: Java vector incubator module is not readable. For optimal vector performance, pass '--add-modules jdk.incubator.vector' to enable Vector API.
0.140 ops/ms
# Warmup Iteration   2: 0.146 ops/ms
Iteration   1: 0.151 ops/ms
Iteration   2: 0.160 ops/ms
Iteration   3: 0.172 ops/ms

# Run progress: 37.50% complete, ETA 00:03:54
# Fork: 2 of 2
WARNING: A terminally deprecated method in sun.misc.Unsafe has been called
WARNING: sun.misc.Unsafe::objectFieldOffset has been called by org.openjdk.jmh.util.Utils (file:/opt/bench/branch/jmh-core-1.37.jar)
WARNING: Please consider reporting this to the maintainers of class org.openjdk.jmh.util.Utils
WARNING: sun.misc.Unsafe::objectFieldOffset will be removed in a future release
# Warmup Iteration   1: Sep 30, 2026 12:33:38 AM org.apache.lucene.internal.vectorization.VectorizationProvider lookup
WARNING: Java vector incubator module is not readable. For optimal vector performance, pass '--add-modules jdk.incubator.vector' to enable Vector API.
0.144 ops/ms
# Warmup Iteration   2: 0.151 ops/ms
Iteration   1: 0.153 ops/ms
Iteration   2: 0.158 ops/ms
Iteration   3: 0.168 ops/ms


Result "org.apache.lucene.benchmark.jmh.StoredFieldsPrefetchBenchmark.retrieveNoPrefetch_T01":
  0.160 ±(99.9%) 0.023 ops/ms [Average]
  (min, avg, max) = (0.151, 0.160, 0.172), stdev = 0.008
  CI (99.9%): [0.137, 0.184] (assumes normal distribution)


# JMH version: 1.37
# VM version: JDK 25.0.4.1, OpenJDK 64-Bit Server VM, 25.0.4.1+1-LTS
# VM invoker: /opt/jdk-25/bin/java
# VM options: --enable-native-access=ALL-UNNAMED -Xms2g -Xmx2g -Dbench.indexPath=/data/sf-index-1000000 -Dbench.numDocs=1000000 -Dbench.docSizeBytes=4096 -Dbench.readAdvice=RANDOM -Dbench.prefetchWindow=16 -Dbench.dropPageCache=true
# Blackhole mode: compiler (auto-detected, use -Djmh.blackhole.autoDetect=false to disable)
# Warmup: 2 iterations, 2 s each
# Measurement: 3 iterations, 3 s each
# Timeout: 10 min per iteration
# Threads: 1 thread, will synchronize iterations
# Benchmark mode: Throughput, ops/time
# Benchmark: org.apache.lucene.benchmark.jmh.StoredFieldsPrefetchBenchmark.retrieveNoPrefetch_T01
# Parameters: (topK = 100)

# Run progress: 41.67% complete, ETA 00:03:36
# Fork: 1 of 2
WARNING: A terminally deprecated method in sun.misc.Unsafe has been called
WARNING: sun.misc.Unsafe::objectFieldOffset has been called by org.openjdk.jmh.util.Utils (file:/opt/bench/branch/jmh-core-1.37.jar)
WARNING: Please consider reporting this to the maintainers of class org.openjdk.jmh.util.Utils
WARNING: sun.misc.Unsafe::objectFieldOffset will be removed in a future release
# Warmup Iteration   1: Sep 30, 2026 12:33:52 AM org.apache.lucene.internal.vectorization.VectorizationProvider lookup
WARNING: Java vector incubator module is not readable. For optimal vector performance, pass '--add-modules jdk.incubator.vector' to enable Vector API.
0.014 ops/ms
# Warmup Iteration   2: 0.013 ops/ms
Iteration   1: 0.014 ops/ms
Iteration   2: 0.015 ops/ms
Iteration   3: 0.017 ops/ms

# Run progress: 45.83% complete, ETA 00:03:19
# Fork: 2 of 2
WARNING: A terminally deprecated method in sun.misc.Unsafe has been called
WARNING: sun.misc.Unsafe::objectFieldOffset has been called by org.openjdk.jmh.util.Utils (file:/opt/bench/branch/jmh-core-1.37.jar)
WARNING: Please consider reporting this to the maintainers of class org.openjdk.jmh.util.Utils
WARNING: sun.misc.Unsafe::objectFieldOffset will be removed in a future release
# Warmup Iteration   1: Sep 30, 2026 12:34:06 AM org.apache.lucene.internal.vectorization.VectorizationProvider lookup
WARNING: Java vector incubator module is not readable. For optimal vector performance, pass '--add-modules jdk.incubator.vector' to enable Vector API.
0.014 ops/ms
# Warmup Iteration   2: 0.015 ops/ms
Iteration   1: 0.016 ops/ms
Iteration   2: 0.017 ops/ms
Iteration   3: 0.017 ops/ms


Result "org.apache.lucene.benchmark.jmh.StoredFieldsPrefetchBenchmark.retrieveNoPrefetch_T01":
  0.016 ±(99.9%) 0.003 ops/ms [Average]
  (min, avg, max) = (0.014, 0.016, 0.017), stdev = 0.001
  CI (99.9%): [0.012, 0.019] (assumes normal distribution)


# JMH version: 1.37
# VM version: JDK 25.0.4.1, OpenJDK 64-Bit Server VM, 25.0.4.1+1-LTS
# VM invoker: /opt/jdk-25/bin/java
# VM options: --enable-native-access=ALL-UNNAMED -Xms2g -Xmx2g -Dbench.indexPath=/data/sf-index-1000000 -Dbench.numDocs=1000000 -Dbench.docSizeBytes=4096 -Dbench.readAdvice=RANDOM -Dbench.prefetchWindow=16 -Dbench.dropPageCache=true
# Blackhole mode: compiler (auto-detected, use -Djmh.blackhole.autoDetect=false to disable)
# Warmup: 2 iterations, 2 s each
# Measurement: 3 iterations, 3 s each
# Timeout: 10 min per iteration
# Threads: 8 threads, will synchronize iterations
# Benchmark mode: Throughput, ops/time
# Benchmark: org.apache.lucene.benchmark.jmh.StoredFieldsPrefetchBenchmark.retrieveNoPrefetch_T08
# Parameters: (topK = 10)

# Run progress: 50.00% complete, ETA 00:03:02
# Fork: 1 of 2
WARNING: A terminally deprecated method in sun.misc.Unsafe has been called
WARNING: sun.misc.Unsafe::objectFieldOffset has been called by org.openjdk.jmh.util.Utils (file:/opt/bench/branch/jmh-core-1.37.jar)
WARNING: Please consider reporting this to the maintainers of class org.openjdk.jmh.util.Utils
WARNING: sun.misc.Unsafe::objectFieldOffset will be removed in a future release
# Warmup Iteration   1: Sep 30, 2026 12:34:20 AM org.apache.lucene.internal.vectorization.VectorizationProvider lookup
WARNING: Java vector incubator module is not readable. For optimal vector performance, pass '--add-modules jdk.incubator.vector' to enable Vector API.
1.098 ops/ms
# Warmup Iteration   2: 1.323 ops/ms
Iteration   1: 1.817 ops/ms
Iteration   2: 2.632 ops/ms
Iteration   3: 4.133 ops/ms

# Run progress: 54.17% complete, ETA 00:02:47
# Fork: 2 of 2
WARNING: A terminally deprecated method in sun.misc.Unsafe has been called
WARNING: sun.misc.Unsafe::objectFieldOffset has been called by org.openjdk.jmh.util.Utils (file:/opt/bench/branch/jmh-core-1.37.jar)
WARNING: Please consider reporting this to the maintainers of class org.openjdk.jmh.util.Utils
WARNING: sun.misc.Unsafe::objectFieldOffset will be removed in a future release
# Warmup Iteration   1: Sep 30, 2026 12:34:35 AM org.apache.lucene.internal.vectorization.VectorizationProvider lookup
WARNING: Java vector incubator module is not readable. For optimal vector performance, pass '--add-modules jdk.incubator.vector' to enable Vector API.
1.132 ops/ms
# Warmup Iteration   2: 1.417 ops/ms
Iteration   1: 1.926 ops/ms
Iteration   2: 2.818 ops/ms
Iteration   3: 4.135 ops/ms


Result "org.apache.lucene.benchmark.jmh.StoredFieldsPrefetchBenchmark.retrieveNoPrefetch_T08":
  2.910 ±(99.9%) 2.873 ops/ms [Average]
  (min, avg, max) = (1.817, 2.910, 4.135), stdev = 1.024
  CI (99.9%): [0.038, 5.783] (assumes normal distribution)


# JMH version: 1.37
# VM version: JDK 25.0.4.1, OpenJDK 64-Bit Server VM, 25.0.4.1+1-LTS
# VM invoker: /opt/jdk-25/bin/java
# VM options: --enable-native-access=ALL-UNNAMED -Xms2g -Xmx2g -Dbench.indexPath=/data/sf-index-1000000 -Dbench.numDocs=1000000 -Dbench.docSizeBytes=4096 -Dbench.readAdvice=RANDOM -Dbench.prefetchWindow=16 -Dbench.dropPageCache=true
# Blackhole mode: compiler (auto-detected, use -Djmh.blackhole.autoDetect=false to disable)
# Warmup: 2 iterations, 2 s each
# Measurement: 3 iterations, 3 s each
# Timeout: 10 min per iteration
# Threads: 8 threads, will synchronize iterations
# Benchmark mode: Throughput, ops/time
# Benchmark: org.apache.lucene.benchmark.jmh.StoredFieldsPrefetchBenchmark.retrieveNoPrefetch_T08
# Parameters: (topK = 100)

# Run progress: 58.33% complete, ETA 00:02:32
# Fork: 1 of 2
WARNING: A terminally deprecated method in sun.misc.Unsafe has been called
WARNING: sun.misc.Unsafe::objectFieldOffset has been called by org.openjdk.jmh.util.Utils (file:/opt/bench/branch/jmh-core-1.37.jar)
WARNING: Please consider reporting this to the maintainers of class org.openjdk.jmh.util.Utils
WARNING: sun.misc.Unsafe::objectFieldOffset will be removed in a future release
# Warmup Iteration   1: Sep 30, 2026 12:34:51 AM org.apache.lucene.internal.vectorization.VectorizationProvider lookup
WARNING: Java vector incubator module is not readable. For optimal vector performance, pass '--add-modules jdk.incubator.vector' to enable Vector API.
0.106 ops/ms
# Warmup Iteration   2: 0.135 ops/ms
Iteration   1: 0.182 ops/ms
Iteration   2: 0.269 ops/ms
Iteration   3: 0.413 ops/ms

# Run progress: 62.50% complete, ETA 00:02:17
# Fork: 2 of 2
WARNING: A terminally deprecated method in sun.misc.Unsafe has been called
WARNING: sun.misc.Unsafe::objectFieldOffset has been called by org.openjdk.jmh.util.Utils (file:/opt/bench/branch/jmh-core-1.37.jar)
WARNING: Please consider reporting this to the maintainers of class org.openjdk.jmh.util.Utils
WARNING: sun.misc.Unsafe::objectFieldOffset will be removed in a future release
# Warmup Iteration   1: Sep 30, 2026 12:35:07 AM org.apache.lucene.internal.vectorization.VectorizationProvider lookup
WARNING: Java vector incubator module is not readable. For optimal vector performance, pass '--add-modules jdk.incubator.vector' to enable Vector API.
0.111 ops/ms
# Warmup Iteration   2: 0.141 ops/ms
Iteration   1: 0.189 ops/ms
Iteration   2: 0.285 ops/ms
Iteration   3: 0.454 ops/ms


Result "org.apache.lucene.benchmark.jmh.StoredFieldsPrefetchBenchmark.retrieveNoPrefetch_T08":
  0.298 ±(99.9%) 0.317 ops/ms [Average]
  (min, avg, max) = (0.182, 0.298, 0.454), stdev = 0.113
  CI (99.9%): [≈ 0, 0.616] (assumes normal distribution)


# JMH version: 1.37
# VM version: JDK 25.0.4.1, OpenJDK 64-Bit Server VM, 25.0.4.1+1-LTS
# VM invoker: /opt/jdk-25/bin/java
# VM options: --enable-native-access=ALL-UNNAMED -Xms2g -Xmx2g -Dbench.indexPath=/data/sf-index-1000000 -Dbench.numDocs=1000000 -Dbench.docSizeBytes=4096 -Dbench.readAdvice=RANDOM -Dbench.prefetchWindow=16 -Dbench.dropPageCache=true
# Blackhole mode: compiler (auto-detected, use -Djmh.blackhole.autoDetect=false to disable)
# Warmup: 2 iterations, 2 s each
# Measurement: 3 iterations, 3 s each
# Timeout: 10 min per iteration
# Threads: 1 thread, will synchronize iterations
# Benchmark mode: Throughput, ops/time
# Benchmark: org.apache.lucene.benchmark.jmh.StoredFieldsPrefetchBenchmark.retrievePrefetchThenRead_T01
# Parameters: (topK = 10)

# Run progress: 66.67% complete, ETA 00:02:02
# Fork: 1 of 2
WARNING: A terminally deprecated method in sun.misc.Unsafe has been called
WARNING: sun.misc.Unsafe::objectFieldOffset has been called by org.openjdk.jmh.util.Utils (file:/opt/bench/branch/jmh-core-1.37.jar)
WARNING: Please consider reporting this to the maintainers of class org.openjdk.jmh.util.Utils
WARNING: sun.misc.Unsafe::objectFieldOffset will be removed in a future release
# Warmup Iteration   1: Sep 30, 2026 12:35:22 AM org.apache.lucene.internal.vectorization.VectorizationProvider lookup
WARNING: Java vector incubator module is not readable. For optimal vector performance, pass '--add-modules jdk.incubator.vector' to enable Vector API.
2.275 ops/ms
# Warmup Iteration   2: 3.615 ops/ms
Iteration   1: 12.470 ops/ms
Iteration   2: 23.613 ops/ms
Iteration   3: 24.982 ops/ms

# Run progress: 70.83% complete, ETA 00:01:47
# Fork: 2 of 2
WARNING: A terminally deprecated method in sun.misc.Unsafe has been called
WARNING: sun.misc.Unsafe::objectFieldOffset has been called by org.openjdk.jmh.util.Utils (file:/opt/bench/branch/jmh-core-1.37.jar)
WARNING: Please consider reporting this to the maintainers of class org.openjdk.jmh.util.Utils
WARNING: sun.misc.Unsafe::objectFieldOffset will be removed in a future release
# Warmup Iteration   1: Sep 30, 2026 12:35:37 AM org.apache.lucene.internal.vectorization.VectorizationProvider lookup
WARNING: Java vector incubator module is not readable. For optimal vector performance, pass '--add-modules jdk.incubator.vector' to enable Vector API.
2.264 ops/ms
# Warmup Iteration   2: 3.591 ops/ms
Iteration   1: 12.042 ops/ms
Iteration   2: 23.435 ops/ms
Iteration   3: 25.171 ops/ms


Result "org.apache.lucene.benchmark.jmh.StoredFieldsPrefetchBenchmark.retrievePrefetchThenRead_T01":
  20.286 ±(99.9%) 17.555 ops/ms [Average]
  (min, avg, max) = (12.042, 20.286, 25.171), stdev = 6.260
  CI (99.9%): [2.730, 37.841] (assumes normal distribution)


# JMH version: 1.37
# VM version: JDK 25.0.4.1, OpenJDK 64-Bit Server VM, 25.0.4.1+1-LTS
# VM invoker: /opt/jdk-25/bin/java
# VM options: --enable-native-access=ALL-UNNAMED -Xms2g -Xmx2g -Dbench.indexPath=/data/sf-index-1000000 -Dbench.numDocs=1000000 -Dbench.docSizeBytes=4096 -Dbench.readAdvice=RANDOM -Dbench.prefetchWindow=16 -Dbench.dropPageCache=true
# Blackhole mode: compiler (auto-detected, use -Djmh.blackhole.autoDetect=false to disable)
# Warmup: 2 iterations, 2 s each
# Measurement: 3 iterations, 3 s each
# Timeout: 10 min per iteration
# Threads: 1 thread, will synchronize iterations
# Benchmark mode: Throughput, ops/time
# Benchmark: org.apache.lucene.benchmark.jmh.StoredFieldsPrefetchBenchmark.retrievePrefetchThenRead_T01
# Parameters: (topK = 100)

# Run progress: 75.00% complete, ETA 00:01:31
# Fork: 1 of 2
WARNING: A terminally deprecated method in sun.misc.Unsafe has been called
WARNING: sun.misc.Unsafe::objectFieldOffset has been called by org.openjdk.jmh.util.Utils (file:/opt/bench/branch/jmh-core-1.37.jar)
WARNING: Please consider reporting this to the maintainers of class org.openjdk.jmh.util.Utils
WARNING: sun.misc.Unsafe::objectFieldOffset will be removed in a future release
# Warmup Iteration   1: Sep 30, 2026 12:35:52 AM org.apache.lucene.internal.vectorization.VectorizationProvider lookup
WARNING: Java vector incubator module is not readable. For optimal vector performance, pass '--add-modules jdk.incubator.vector' to enable Vector API.
0.263 ops/ms
# Warmup Iteration   2: 0.509 ops/ms
Iteration   1: 1.774 ops/ms
Iteration   2: 2.478 ops/ms
Iteration   3: 2.571 ops/ms

# Run progress: 79.17% complete, ETA 00:01:16
# Fork: 2 of 2
WARNING: A terminally deprecated method in sun.misc.Unsafe has been called
WARNING: sun.misc.Unsafe::objectFieldOffset has been called by org.openjdk.jmh.util.Utils (file:/opt/bench/branch/jmh-core-1.37.jar)
WARNING: Please consider reporting this to the maintainers of class org.openjdk.jmh.util.Utils
WARNING: sun.misc.Unsafe::objectFieldOffset will be removed in a future release
# Warmup Iteration   1: Sep 30, 2026 12:36:07 AM org.apache.lucene.internal.vectorization.VectorizationProvider lookup
WARNING: Java vector incubator module is not readable. For optimal vector performance, pass '--add-modules jdk.incubator.vector' to enable Vector API.
0.262 ops/ms
# Warmup Iteration   2: 0.498 ops/ms
Iteration   1: 1.731 ops/ms
Iteration   2: 2.401 ops/ms
Iteration   3: 2.534 ops/ms


Result "org.apache.lucene.benchmark.jmh.StoredFieldsPrefetchBenchmark.retrievePrefetchThenRead_T01":
  2.248 ±(99.9%) 1.090 ops/ms [Average]
  (min, avg, max) = (1.731, 2.248, 2.571), stdev = 0.389
  CI (99.9%): [1.158, 3.338] (assumes normal distribution)


# JMH version: 1.37
# VM version: JDK 25.0.4.1, OpenJDK 64-Bit Server VM, 25.0.4.1+1-LTS
# VM invoker: /opt/jdk-25/bin/java
# VM options: --enable-native-access=ALL-UNNAMED -Xms2g -Xmx2g -Dbench.indexPath=/data/sf-index-1000000 -Dbench.numDocs=1000000 -Dbench.docSizeBytes=4096 -Dbench.readAdvice=RANDOM -Dbench.prefetchWindow=16 -Dbench.dropPageCache=true
# Blackhole mode: compiler (auto-detected, use -Djmh.blackhole.autoDetect=false to disable)
# Warmup: 2 iterations, 2 s each
# Measurement: 3 iterations, 3 s each
# Timeout: 10 min per iteration
# Threads: 8 threads, will synchronize iterations
# Benchmark mode: Throughput, ops/time
# Benchmark: org.apache.lucene.benchmark.jmh.StoredFieldsPrefetchBenchmark.retrievePrefetchThenRead_T08
# Parameters: (topK = 10)

# Run progress: 83.33% complete, ETA 00:01:00
# Fork: 1 of 2
WARNING: A terminally deprecated method in sun.misc.Unsafe has been called
WARNING: sun.misc.Unsafe::objectFieldOffset has been called by org.openjdk.jmh.util.Utils (file:/opt/bench/branch/jmh-core-1.37.jar)
WARNING: Please consider reporting this to the maintainers of class org.openjdk.jmh.util.Utils
WARNING: sun.misc.Unsafe::objectFieldOffset will be removed in a future release
# Warmup Iteration   1: Sep 30, 2026 12:36:21 AM org.apache.lucene.internal.vectorization.VectorizationProvider lookup
WARNING: Java vector incubator module is not readable. For optimal vector performance, pass '--add-modules jdk.incubator.vector' to enable Vector API.
3.090 ops/ms
# Warmup Iteration   2: 91.802 ops/ms
Iteration   1: 161.746 ops/ms
Iteration   2: 162.118 ops/ms
Iteration   3: 161.564 ops/ms

# Run progress: 87.50% complete, ETA 00:00:45
# Fork: 2 of 2
WARNING: A terminally deprecated method in sun.misc.Unsafe has been called
WARNING: sun.misc.Unsafe::objectFieldOffset has been called by org.openjdk.jmh.util.Utils (file:/opt/bench/branch/jmh-core-1.37.jar)
WARNING: Please consider reporting this to the maintainers of class org.openjdk.jmh.util.Utils
WARNING: sun.misc.Unsafe::objectFieldOffset will be removed in a future release
# Warmup Iteration   1: Sep 30, 2026 12:36:37 AM org.apache.lucene.internal.vectorization.VectorizationProvider lookup
WARNING: Java vector incubator module is not readable. For optimal vector performance, pass '--add-modules jdk.incubator.vector' to enable Vector API.
3.072 ops/ms
# Warmup Iteration   2: 91.616 ops/ms
Iteration   1: 166.588 ops/ms
Iteration   2: 166.605 ops/ms
Iteration   3: 166.389 ops/ms


Result "org.apache.lucene.benchmark.jmh.StoredFieldsPrefetchBenchmark.retrievePrefetchThenRead_T08":
  164.168 ±(99.9%) 7.267 ops/ms [Average]
  (min, avg, max) = (161.564, 164.168, 166.605), stdev = 2.591
  CI (99.9%): [156.901, 171.435] (assumes normal distribution)


# JMH version: 1.37
# VM version: JDK 25.0.4.1, OpenJDK 64-Bit Server VM, 25.0.4.1+1-LTS
# VM invoker: /opt/jdk-25/bin/java
# VM options: --enable-native-access=ALL-UNNAMED -Xms2g -Xmx2g -Dbench.indexPath=/data/sf-index-1000000 -Dbench.numDocs=1000000 -Dbench.docSizeBytes=4096 -Dbench.readAdvice=RANDOM -Dbench.prefetchWindow=16 -Dbench.dropPageCache=true
# Blackhole mode: compiler (auto-detected, use -Djmh.blackhole.autoDetect=false to disable)
# Warmup: 2 iterations, 2 s each
# Measurement: 3 iterations, 3 s each
# Timeout: 10 min per iteration
# Threads: 8 threads, will synchronize iterations
# Benchmark mode: Throughput, ops/time
# Benchmark: org.apache.lucene.benchmark.jmh.StoredFieldsPrefetchBenchmark.retrievePrefetchThenRead_T08
# Parameters: (topK = 100)

# Run progress: 91.67% complete, ETA 00:00:30
# Fork: 1 of 2
WARNING: A terminally deprecated method in sun.misc.Unsafe has been called
WARNING: sun.misc.Unsafe::objectFieldOffset has been called by org.openjdk.jmh.util.Utils (file:/opt/bench/branch/jmh-core-1.37.jar)
WARNING: Please consider reporting this to the maintainers of class org.openjdk.jmh.util.Utils
WARNING: sun.misc.Unsafe::objectFieldOffset will be removed in a future release
# Warmup Iteration   1: Sep 30, 2026 12:36:53 AM org.apache.lucene.internal.vectorization.VectorizationProvider lookup
WARNING: Java vector incubator module is not readable. For optimal vector performance, pass '--add-modules jdk.incubator.vector' to enable Vector API.
0.310 ops/ms
# Warmup Iteration   2: 9.106 ops/ms
Iteration   1: 16.598 ops/ms
Iteration   2: 16.734 ops/ms
Iteration   3: 16.625 ops/ms

# Run progress: 95.83% complete, ETA 00:00:15
# Fork: 2 of 2
WARNING: A terminally deprecated method in sun.misc.Unsafe has been called
WARNING: sun.misc.Unsafe::objectFieldOffset has been called by org.openjdk.jmh.util.Utils (file:/opt/bench/branch/jmh-core-1.37.jar)
WARNING: Please consider reporting this to the maintainers of class org.openjdk.jmh.util.Utils
WARNING: sun.misc.Unsafe::objectFieldOffset will be removed in a future release
# Warmup Iteration   1: Sep 30, 2026 12:37:09 AM org.apache.lucene.internal.vectorization.VectorizationProvider lookup
WARNING: Java vector incubator module is not readable. For optimal vector performance, pass '--add-modules jdk.incubator.vector' to enable Vector API.
0.310 ops/ms
# Warmup Iteration   2: 9.211 ops/ms
Iteration   1: 16.155 ops/ms
Iteration   2: 16.365 ops/ms
Iteration   3: 16.227 ops/ms


Result "org.apache.lucene.benchmark.jmh.StoredFieldsPrefetchBenchmark.retrievePrefetchThenRead_T08":
  16.451 ±(99.9%) 0.661 ops/ms [Average]
  (min, avg, max) = (16.155, 16.451, 16.734), stdev = 0.236
  CI (99.9%): [15.790, 17.111] (assumes normal distribution)


# Run complete. Total time: 00:06:07

REMEMBER: The numbers below are just data. To gain reusable insights, you need to follow up on
why the numbers are the way they are. Use profilers (see -prof, -lprof), design factorial
experiments, perform baseline and negative tests that provide experimental control, make sure
the benchmarking environment is safe on JVM/OS/HW level, ask for reviews from the domain experts.
Do not assume the numbers tell you what you want them to tell.

NOTE: Current JVM experimentally supports Compiler Blackholes, and they are in use. Please exercise
extra caution when trusting the results, look into the generated code to check the benchmark still
works, and factor in a small probability of new VM bugs. Additionally, while comparisons between
different JVMs are already problematic, the performance difference caused by different Blackhole
modes can be very significant. Please make sure you use the consistent Blackhole mode for comparisons.

Benchmark                                                   (topK)   Mode  Cnt    Score     Error   Units
StoredFieldsPrefetchBenchmark.prefetchOnly_T01                  10  thrpt    6    9.070 ±   0.185  ops/ms
StoredFieldsPrefetchBenchmark.prefetchOnly_T01                 100  thrpt    6    0.903 ±   0.020  ops/ms
StoredFieldsPrefetchBenchmark.prefetchOnly_T08                  10  thrpt    6  296.775 ± 140.303  ops/ms
StoredFieldsPrefetchBenchmark.prefetchOnly_T08                 100  thrpt    6   28.729 ±   1.998  ops/ms
StoredFieldsPrefetchBenchmark.retrieveNoPrefetch_T01            10  thrpt    6    0.160 ±   0.023  ops/ms
StoredFieldsPrefetchBenchmark.retrieveNoPrefetch_T01           100  thrpt    6    0.016 ±   0.003  ops/ms
StoredFieldsPrefetchBenchmark.retrieveNoPrefetch_T08            10  thrpt    6    2.910 ±   2.873  ops/ms
StoredFieldsPrefetchBenchmark.retrieveNoPrefetch_T08           100  thrpt    6    0.298 ±   0.317  ops/ms
StoredFieldsPrefetchBenchmark.retrievePrefetchThenRead_T01      10  thrpt    6   20.286 ±  17.555  ops/ms
StoredFieldsPrefetchBenchmark.retrievePrefetchThenRead_T01     100  thrpt    6    2.248 ±   1.090  ops/ms
StoredFieldsPrefetchBenchmark.retrievePrefetchThenRead_T08      10  thrpt    6  164.168 ±   7.267  ops/ms
StoredFieldsPrefetchBenchmark.retrievePrefetchThenRead_T08     100  thrpt    6   16.451 ±   0.661  ops/ms

Benchmark result is saved to /opt/bench/results/branch-cold-storedfields.json
== done branch / cold  2026-09-30T00:37:24Z
== main / hot  ram=31G file=1024MB sfDocs=1000000 drop=false  2026-09-30T00:37:24Z
   jar=/opt/bench/main/lucene-benchmark-jmh-11.0.0-SNAPSHOT.jar
openjdk version "25.0.4.1" 2026-08-18 LTS
   priming: drop caches, sequential read of /data/pread-bench-1024mb.dat
WARNING: A terminally deprecated method in sun.misc.Unsafe has been called
WARNING: sun.misc.Unsafe::objectFieldOffset has been called by org.openjdk.jmh.util.Utils (file:/opt/bench/main/jmh-core-1.37.jar)
WARNING: Please consider reporting this to the maintainers of class org.openjdk.jmh.util.Utils
WARNING: sun.misc.Unsafe::objectFieldOffset will be removed in a future release
# JMH version: 1.37
# VM version: JDK 25.0.4.1, OpenJDK 64-Bit Server VM, 25.0.4.1+1-LTS
# VM invoker: /opt/jdk-25/bin/java
# VM options: --enable-native-access=ALL-UNNAMED -Xms2g -Xmx2g -Dbench.file=/data/pread-bench-1024mb.dat -Dbench.fileSizeMB=1024 -Dbench.dropPageCache=false
# Blackhole mode: compiler (auto-detected, use -Djmh.blackhole.autoDetect=false to disable)
# Warmup: 2 iterations, 3 s each
# Measurement: 3 iterations, 5 s each
# Timeout: 10 min per iteration
# Threads: 1 thread, will synchronize iterations
# Benchmark mode: Throughput, ops/time
# Benchmark: org.apache.lucene.benchmark.jmh.RandomReadIOBenchmark.mmapBatchedPrefetch_T01
# Parameters: (readSize = 16384, readsPerOp = 16)

# Run progress: 0.00% complete, ETA 00:11:12
# Fork: 1 of 2
WARNING: A terminally deprecated method in sun.misc.Unsafe has been called
WARNING: sun.misc.Unsafe::objectFieldOffset has been called by org.openjdk.jmh.util.Utils (file:/opt/bench/main/jmh-core-1.37.jar)
WARNING: Please consider reporting this to the maintainers of class org.openjdk.jmh.util.Utils
WARNING: sun.misc.Unsafe::objectFieldOffset will be removed in a future release
# Warmup Iteration   1: 44.241 ops/ms
# Warmup Iteration   2: 45.964 ops/ms
Iteration   1: 45.303 ops/ms
Iteration   2: 45.287 ops/ms
Iteration   3: 45.130 ops/ms

# Run progress: 3.13% complete, ETA 00:11:04
# Fork: 2 of 2
WARNING: A terminally deprecated method in sun.misc.Unsafe has been called
WARNING: sun.misc.Unsafe::objectFieldOffset has been called by org.openjdk.jmh.util.Utils (file:/opt/bench/main/jmh-core-1.37.jar)
WARNING: Please consider reporting this to the maintainers of class org.openjdk.jmh.util.Utils
WARNING: sun.misc.Unsafe::objectFieldOffset will be removed in a future release
# Warmup Iteration   1: 44.279 ops/ms
# Warmup Iteration   2: 45.702 ops/ms
Iteration   1: 45.380 ops/ms
Iteration   2: 44.811 ops/ms
Iteration   3: 45.520 ops/ms


Result "org.apache.lucene.benchmark.jmh.RandomReadIOBenchmark.mmapBatchedPrefetch_T01":
  45.239 ±(99.9%) 0.687 ops/ms [Average]
  (min, avg, max) = (44.811, 45.239, 45.520), stdev = 0.245
  CI (99.9%): [44.551, 45.926] (assumes normal distribution)


# JMH version: 1.37
# VM version: JDK 25.0.4.1, OpenJDK 64-Bit Server VM, 25.0.4.1+1-LTS
# VM invoker: /opt/jdk-25/bin/java
# VM options: --enable-native-access=ALL-UNNAMED -Xms2g -Xmx2g -Dbench.file=/data/pread-bench-1024mb.dat -Dbench.fileSizeMB=1024 -Dbench.dropPageCache=false
# Blackhole mode: compiler (auto-detected, use -Djmh.blackhole.autoDetect=false to disable)
# Warmup: 2 iterations, 3 s each
# Measurement: 3 iterations, 5 s each
# Timeout: 10 min per iteration
# Threads: 4 threads, will synchronize iterations
# Benchmark mode: Throughput, ops/time
# Benchmark: org.apache.lucene.benchmark.jmh.RandomReadIOBenchmark.mmapBatchedPrefetch_T04
# Parameters: (readSize = 16384, readsPerOp = 16)

# Run progress: 6.25% complete, ETA 00:10:41
# Fork: 1 of 2
WARNING: A terminally deprecated method in sun.misc.Unsafe has been called
WARNING: sun.misc.Unsafe::objectFieldOffset has been called by org.openjdk.jmh.util.Utils (file:/opt/bench/main/jmh-core-1.37.jar)
WARNING: Please consider reporting this to the maintainers of class org.openjdk.jmh.util.Utils
WARNING: sun.misc.Unsafe::objectFieldOffset will be removed in a future release
# Warmup Iteration   1: 179.480 ops/ms
# Warmup Iteration   2: 180.335 ops/ms
Iteration   1: 180.043 ops/ms
Iteration   2: 177.803 ops/ms
Iteration   3: 179.246 ops/ms

# Run progress: 9.38% complete, ETA 00:10:29
# Fork: 2 of 2
WARNING: A terminally deprecated method in sun.misc.Unsafe has been called
WARNING: sun.misc.Unsafe::objectFieldOffset has been called by org.openjdk.jmh.util.Utils (file:/opt/bench/main/jmh-core-1.37.jar)
WARNING: Please consider reporting this to the maintainers of class org.openjdk.jmh.util.Utils
WARNING: sun.misc.Unsafe::objectFieldOffset will be removed in a future release
# Warmup Iteration   1: 179.776 ops/ms
# Warmup Iteration   2: 180.046 ops/ms
Iteration   1: 180.077 ops/ms
Iteration   2: 179.431 ops/ms
Iteration   3: 179.261 ops/ms


Result "org.apache.lucene.benchmark.jmh.RandomReadIOBenchmark.mmapBatchedPrefetch_T04":
  179.310 ±(99.9%) 2.318 ops/ms [Average]
  (min, avg, max) = (177.803, 179.310, 180.077), stdev = 0.827
  CI (99.9%): [176.992, 181.628] (assumes normal distribution)


# JMH version: 1.37
# VM version: JDK 25.0.4.1, OpenJDK 64-Bit Server VM, 25.0.4.1+1-LTS
# VM invoker: /opt/jdk-25/bin/java
# VM options: --enable-native-access=ALL-UNNAMED -Xms2g -Xmx2g -Dbench.file=/data/pread-bench-1024mb.dat -Dbench.fileSizeMB=1024 -Dbench.dropPageCache=false
# Blackhole mode: compiler (auto-detected, use -Djmh.blackhole.autoDetect=false to disable)
# Warmup: 2 iterations, 3 s each
# Measurement: 3 iterations, 5 s each
# Timeout: 10 min per iteration
# Threads: 8 threads, will synchronize iterations
# Benchmark mode: Throughput, ops/time
# Benchmark: org.apache.lucene.benchmark.jmh.RandomReadIOBenchmark.mmapBatchedPrefetch_T08
# Parameters: (readSize = 16384, readsPerOp = 16)

# Run progress: 12.50% complete, ETA 00:10:11
# Fork: 1 of 2
WARNING: A terminally deprecated method in sun.misc.Unsafe has been called
WARNING: sun.misc.Unsafe::objectFieldOffset has been called by org.openjdk.jmh.util.Utils (file:/opt/bench/main/jmh-core-1.37.jar)
WARNING: Please consider reporting this to the maintainers of class org.openjdk.jmh.util.Utils
WARNING: sun.misc.Unsafe::objectFieldOffset will be removed in a future release
# Warmup Iteration   1: 328.667 ops/ms
# Warmup Iteration   2: 332.156 ops/ms
Iteration   1: 333.822 ops/ms
Iteration   2: 331.205 ops/ms
Iteration   3: 331.197 ops/ms

# Run progress: 15.63% complete, ETA 00:09:52
# Fork: 2 of 2
WARNING: A terminally deprecated method in sun.misc.Unsafe has been called
WARNING: sun.misc.Unsafe::objectFieldOffset has been called by org.openjdk.jmh.util.Utils (file:/opt/bench/main/jmh-core-1.37.jar)
WARNING: Please consider reporting this to the maintainers of class org.openjdk.jmh.util.Utils
WARNING: sun.misc.Unsafe::objectFieldOffset will be removed in a future release
# Warmup Iteration   1: 328.288 ops/ms
# Warmup Iteration   2: 329.873 ops/ms
Iteration   1: 331.224 ops/ms
Iteration   2: 331.563 ops/ms
Iteration   3: 331.300 ops/ms


Result "org.apache.lucene.benchmark.jmh.RandomReadIOBenchmark.mmapBatchedPrefetch_T08":
  331.719 ±(99.9%) 2.915 ops/ms [Average]
  (min, avg, max) = (331.197, 331.719, 333.822), stdev = 1.040
  CI (99.9%): [328.803, 334.634] (assumes normal distribution)


# JMH version: 1.37
# VM version: JDK 25.0.4.1, OpenJDK 64-Bit Server VM, 25.0.4.1+1-LTS
# VM invoker: /opt/jdk-25/bin/java
# VM options: --enable-native-access=ALL-UNNAMED -Xms2g -Xmx2g -Dbench.file=/data/pread-bench-1024mb.dat -Dbench.fileSizeMB=1024 -Dbench.dropPageCache=false
# Blackhole mode: compiler (auto-detected, use -Djmh.blackhole.autoDetect=false to disable)
# Warmup: 2 iterations, 3 s each
# Measurement: 3 iterations, 5 s each
# Timeout: 10 min per iteration
# Threads: 16 threads, will synchronize iterations
# Benchmark mode: Throughput, ops/time
# Benchmark: org.apache.lucene.benchmark.jmh.RandomReadIOBenchmark.mmapBatchedPrefetch_T16
# Parameters: (readSize = 16384, readsPerOp = 16)

# Run progress: 18.75% complete, ETA 00:09:32
# Fork: 1 of 2
WARNING: A terminally deprecated method in sun.misc.Unsafe has been called
WARNING: sun.misc.Unsafe::objectFieldOffset has been called by org.openjdk.jmh.util.Utils (file:/opt/bench/main/jmh-core-1.37.jar)
WARNING: Please consider reporting this to the maintainers of class org.openjdk.jmh.util.Utils
WARNING: sun.misc.Unsafe::objectFieldOffset will be removed in a future release
# Warmup Iteration   1: 337.705 ops/ms
# Warmup Iteration   2: 344.534 ops/ms
Iteration   1: 344.811 ops/ms
Iteration   2: 343.931 ops/ms
Iteration   3: 344.505 ops/ms

# Run progress: 21.88% complete, ETA 00:09:11
# Fork: 2 of 2
WARNING: A terminally deprecated method in sun.misc.Unsafe has been called
WARNING: sun.misc.Unsafe::objectFieldOffset has been called by org.openjdk.jmh.util.Utils (file:/opt/bench/main/jmh-core-1.37.jar)
WARNING: Please consider reporting this to the maintainers of class org.openjdk.jmh.util.Utils
WARNING: sun.misc.Unsafe::objectFieldOffset will be removed in a future release
# Warmup Iteration   1: 341.444 ops/ms
# Warmup Iteration   2: 342.805 ops/ms
Iteration   1: 344.544 ops/ms
Iteration   2: 345.399 ops/ms
Iteration   3: 345.227 ops/ms


Result "org.apache.lucene.benchmark.jmh.RandomReadIOBenchmark.mmapBatchedPrefetch_T16":
  344.736 ±(99.9%) 1.497 ops/ms [Average]
  (min, avg, max) = (343.931, 344.736, 345.399), stdev = 0.534
  CI (99.9%): [343.240, 346.233] (assumes normal distribution)


# JMH version: 1.37
# VM version: JDK 25.0.4.1, OpenJDK 64-Bit Server VM, 25.0.4.1+1-LTS
# VM invoker: /opt/jdk-25/bin/java
# VM options: --enable-native-access=ALL-UNNAMED -Xms2g -Xmx2g -Dbench.file=/data/pread-bench-1024mb.dat -Dbench.fileSizeMB=1024 -Dbench.dropPageCache=false
# Blackhole mode: compiler (auto-detected, use -Djmh.blackhole.autoDetect=false to disable)
# Warmup: 2 iterations, 3 s each
# Measurement: 3 iterations, 5 s each
# Timeout: 10 min per iteration
# Threads: 1 thread, will synchronize iterations
# Benchmark mode: Throughput, ops/time
# Benchmark: org.apache.lucene.benchmark.jmh.RandomReadIOBenchmark.mmapRandomBatchedPrefetch_T01
# Parameters: (readSize = 16384, readsPerOp = 16)

# Run progress: 25.00% complete, ETA 00:08:50
# Fork: 1 of 2
WARNING: A terminally deprecated method in sun.misc.Unsafe has been called
WARNING: sun.misc.Unsafe::objectFieldOffset has been called by org.openjdk.jmh.util.Utils (file:/opt/bench/main/jmh-core-1.37.jar)
WARNING: Please consider reporting this to the maintainers of class org.openjdk.jmh.util.Utils
WARNING: sun.misc.Unsafe::objectFieldOffset will be removed in a future release
# Warmup Iteration   1: 43.951 ops/ms
# Warmup Iteration   2: 45.124 ops/ms
Iteration   1: 43.928 ops/ms
Iteration   2: 44.225 ops/ms
Iteration   3: 44.524 ops/ms

# Run progress: 28.13% complete, ETA 00:08:26
# Fork: 2 of 2
WARNING: A terminally deprecated method in sun.misc.Unsafe has been called
WARNING: sun.misc.Unsafe::objectFieldOffset has been called by org.openjdk.jmh.util.Utils (file:/opt/bench/main/jmh-core-1.37.jar)
WARNING: Please consider reporting this to the maintainers of class org.openjdk.jmh.util.Utils
WARNING: sun.misc.Unsafe::objectFieldOffset will be removed in a future release
# Warmup Iteration   1: 44.005 ops/ms
# Warmup Iteration   2: 45.105 ops/ms
Iteration   1: 43.927 ops/ms
Iteration   2: 45.157 ops/ms
Iteration   3: 44.146 ops/ms


Result "org.apache.lucene.benchmark.jmh.RandomReadIOBenchmark.mmapRandomBatchedPrefetch_T01":
  44.318 ±(99.9%) 1.309 ops/ms [Average]
  (min, avg, max) = (43.927, 44.318, 45.157), stdev = 0.467
  CI (99.9%): [43.009, 45.627] (assumes normal distribution)


# JMH version: 1.37
# VM version: JDK 25.0.4.1, OpenJDK 64-Bit Server VM, 25.0.4.1+1-LTS
# VM invoker: /opt/jdk-25/bin/java
# VM options: --enable-native-access=ALL-UNNAMED -Xms2g -Xmx2g -Dbench.file=/data/pread-bench-1024mb.dat -Dbench.fileSizeMB=1024 -Dbench.dropPageCache=false
# Blackhole mode: compiler (auto-detected, use -Djmh.blackhole.autoDetect=false to disable)
# Warmup: 2 iterations, 3 s each
# Measurement: 3 iterations, 5 s each
# Timeout: 10 min per iteration
# Threads: 4 threads, will synchronize iterations
# Benchmark mode: Throughput, ops/time
# Benchmark: org.apache.lucene.benchmark.jmh.RandomReadIOBenchmark.mmapRandomBatchedPrefetch_T04
# Parameters: (readSize = 16384, readsPerOp = 16)

# Run progress: 31.25% complete, ETA 00:08:02
# Fork: 1 of 2
WARNING: A terminally deprecated method in sun.misc.Unsafe has been called
WARNING: sun.misc.Unsafe::objectFieldOffset has been called by org.openjdk.jmh.util.Utils (file:/opt/bench/main/jmh-core-1.37.jar)
WARNING: Please consider reporting this to the maintainers of class org.openjdk.jmh.util.Utils
WARNING: sun.misc.Unsafe::objectFieldOffset will be removed in a future release
# Warmup Iteration   1: 177.171 ops/ms
# Warmup Iteration   2: 177.635 ops/ms
Iteration   1: 177.416 ops/ms
Iteration   2: 177.849 ops/ms
Iteration   3: 178.692 ops/ms

# Run progress: 34.38% complete, ETA 00:07:41
# Fork: 2 of 2
WARNING: A terminally deprecated method in sun.misc.Unsafe has been called
WARNING: sun.misc.Unsafe::objectFieldOffset has been called by org.openjdk.jmh.util.Utils (file:/opt/bench/main/jmh-core-1.37.jar)
WARNING: Please consider reporting this to the maintainers of class org.openjdk.jmh.util.Utils
WARNING: sun.misc.Unsafe::objectFieldOffset will be removed in a future release
# Warmup Iteration   1: 177.489 ops/ms
# Warmup Iteration   2: 177.863 ops/ms
Iteration   1: 177.103 ops/ms
Iteration   2: 176.839 ops/ms
Iteration   3: 177.039 ops/ms


Result "org.apache.lucene.benchmark.jmh.RandomReadIOBenchmark.mmapRandomBatchedPrefetch_T04":
  177.490 ±(99.9%) 1.925 ops/ms [Average]
  (min, avg, max) = (176.839, 177.490, 178.692), stdev = 0.687
  CI (99.9%): [175.564, 179.415] (assumes normal distribution)


# JMH version: 1.37
# VM version: JDK 25.0.4.1, OpenJDK 64-Bit Server VM, 25.0.4.1+1-LTS
# VM invoker: /opt/jdk-25/bin/java
# VM options: --enable-native-access=ALL-UNNAMED -Xms2g -Xmx2g -Dbench.file=/data/pread-bench-1024mb.dat -Dbench.fileSizeMB=1024 -Dbench.dropPageCache=false
# Blackhole mode: compiler (auto-detected, use -Djmh.blackhole.autoDetect=false to disable)
# Warmup: 2 iterations, 3 s each
# Measurement: 3 iterations, 5 s each
# Timeout: 10 min per iteration
# Threads: 8 threads, will synchronize iterations
# Benchmark mode: Throughput, ops/time
# Benchmark: org.apache.lucene.benchmark.jmh.RandomReadIOBenchmark.mmapRandomBatchedPrefetch_T08
# Parameters: (readSize = 16384, readsPerOp = 16)

# Run progress: 37.50% complete, ETA 00:07:20
# Fork: 1 of 2
WARNING: A terminally deprecated method in sun.misc.Unsafe has been called
WARNING: sun.misc.Unsafe::objectFieldOffset has been called by org.openjdk.jmh.util.Utils (file:/opt/bench/main/jmh-core-1.37.jar)
WARNING: Please consider reporting this to the maintainers of class org.openjdk.jmh.util.Utils
WARNING: sun.misc.Unsafe::objectFieldOffset will be removed in a future release
# Warmup Iteration   1: 327.090 ops/ms
# Warmup Iteration   2: 331.394 ops/ms
Iteration   1: 331.051 ops/ms
Iteration   2: 331.536 ops/ms
Iteration   3: 331.510 ops/ms

# Run progress: 40.63% complete, ETA 00:06:58
# Fork: 2 of 2
WARNING: A terminally deprecated method in sun.misc.Unsafe has been called
WARNING: sun.misc.Unsafe::objectFieldOffset has been called by org.openjdk.jmh.util.Utils (file:/opt/bench/main/jmh-core-1.37.jar)
WARNING: Please consider reporting this to the maintainers of class org.openjdk.jmh.util.Utils
WARNING: sun.misc.Unsafe::objectFieldOffset will be removed in a future release
# Warmup Iteration   1: 328.630 ops/ms
# Warmup Iteration   2: 330.981 ops/ms
Iteration   1: 332.733 ops/ms
Iteration   2: 333.046 ops/ms
Iteration   3: 330.942 ops/ms


Result "org.apache.lucene.benchmark.jmh.RandomReadIOBenchmark.mmapRandomBatchedPrefetch_T08":
  331.803 ±(99.9%) 2.468 ops/ms [Average]
  (min, avg, max) = (330.942, 331.803, 333.046), stdev = 0.880
  CI (99.9%): [329.335, 334.271] (assumes normal distribution)


# JMH version: 1.37
# VM version: JDK 25.0.4.1, OpenJDK 64-Bit Server VM, 25.0.4.1+1-LTS
# VM invoker: /opt/jdk-25/bin/java
# VM options: --enable-native-access=ALL-UNNAMED -Xms2g -Xmx2g -Dbench.file=/data/pread-bench-1024mb.dat -Dbench.fileSizeMB=1024 -Dbench.dropPageCache=false
# Blackhole mode: compiler (auto-detected, use -Djmh.blackhole.autoDetect=false to disable)
# Warmup: 2 iterations, 3 s each
# Measurement: 3 iterations, 5 s each
# Timeout: 10 min per iteration
# Threads: 16 threads, will synchronize iterations
# Benchmark mode: Throughput, ops/time
# Benchmark: org.apache.lucene.benchmark.jmh.RandomReadIOBenchmark.mmapRandomBatchedPrefetch_T16
# Parameters: (readSize = 16384, readsPerOp = 16)

# Run progress: 43.75% complete, ETA 00:06:36
# Fork: 1 of 2
WARNING: A terminally deprecated method in sun.misc.Unsafe has been called
WARNING: sun.misc.Unsafe::objectFieldOffset has been called by org.openjdk.jmh.util.Utils (file:/opt/bench/main/jmh-core-1.37.jar)
WARNING: Please consider reporting this to the maintainers of class org.openjdk.jmh.util.Utils
WARNING: sun.misc.Unsafe::objectFieldOffset will be removed in a future release
# Warmup Iteration   1: 343.058 ops/ms
# Warmup Iteration   2: 342.220 ops/ms
Iteration   1: 344.739 ops/ms
Iteration   2: 346.166 ops/ms
Iteration   3: 345.083 ops/ms

# Run progress: 46.88% complete, ETA 00:06:15
# Fork: 2 of 2
WARNING: A terminally deprecated method in sun.misc.Unsafe has been called
WARNING: sun.misc.Unsafe::objectFieldOffset has been called by org.openjdk.jmh.util.Utils (file:/opt/bench/main/jmh-core-1.37.jar)
WARNING: Please consider reporting this to the maintainers of class org.openjdk.jmh.util.Utils
WARNING: sun.misc.Unsafe::objectFieldOffset will be removed in a future release
# Warmup Iteration   1: 343.805 ops/ms
# Warmup Iteration   2: 346.278 ops/ms
Iteration   1: 346.612 ops/ms
Iteration   2: 344.824 ops/ms
Iteration   3: 346.517 ops/ms


Result "org.apache.lucene.benchmark.jmh.RandomReadIOBenchmark.mmapRandomBatchedPrefetch_T16":
  345.657 ±(99.9%) 2.438 ops/ms [Average]
  (min, avg, max) = (344.739, 345.657, 346.612), stdev = 0.869
  CI (99.9%): [343.219, 348.094] (assumes normal distribution)


# JMH version: 1.37
# VM version: JDK 25.0.4.1, OpenJDK 64-Bit Server VM, 25.0.4.1+1-LTS
# VM invoker: /opt/jdk-25/bin/java
# VM options: --enable-native-access=ALL-UNNAMED -Xms2g -Xmx2g -Dbench.file=/data/pread-bench-1024mb.dat -Dbench.fileSizeMB=1024 -Dbench.dropPageCache=false
# Blackhole mode: compiler (auto-detected, use -Djmh.blackhole.autoDetect=false to disable)
# Warmup: 2 iterations, 3 s each
# Measurement: 3 iterations, 5 s each
# Timeout: 10 min per iteration
# Threads: 1 thread, will synchronize iterations
# Benchmark mode: Throughput, ops/time
# Benchmark: org.apache.lucene.benchmark.jmh.RandomReadIOBenchmark.mmapRandom_T01
# Parameters: (readSize = 16384, readsPerOp = 16)

# Run progress: 50.00% complete, ETA 00:05:53
# Fork: 1 of 2
WARNING: A terminally deprecated method in sun.misc.Unsafe has been called
WARNING: sun.misc.Unsafe::objectFieldOffset has been called by org.openjdk.jmh.util.Utils (file:/opt/bench/main/jmh-core-1.37.jar)
WARNING: Please consider reporting this to the maintainers of class org.openjdk.jmh.util.Utils
WARNING: sun.misc.Unsafe::objectFieldOffset will be removed in a future release
# Warmup Iteration   1: 43.713 ops/ms
# Warmup Iteration   2: 44.608 ops/ms
Iteration   1: 45.310 ops/ms
Iteration   2: 44.898 ops/ms
Iteration   3: 45.113 ops/ms

# Run progress: 53.13% complete, ETA 00:05:30
# Fork: 2 of 2
WARNING: A terminally deprecated method in sun.misc.Unsafe has been called
WARNING: sun.misc.Unsafe::objectFieldOffset has been called by org.openjdk.jmh.util.Utils (file:/opt/bench/main/jmh-core-1.37.jar)
WARNING: Please consider reporting this to the maintainers of class org.openjdk.jmh.util.Utils
WARNING: sun.misc.Unsafe::objectFieldOffset will be removed in a future release
# Warmup Iteration   1: 44.461 ops/ms
# Warmup Iteration   2: 45.066 ops/ms
Iteration   1: 44.920 ops/ms
Iteration   2: 46.114 ops/ms
Iteration   3: 46.116 ops/ms


Result "org.apache.lucene.benchmark.jmh.RandomReadIOBenchmark.mmapRandom_T01":
  45.412 ±(99.9%) 1.583 ops/ms [Average]
  (min, avg, max) = (44.898, 45.412, 46.116), stdev = 0.565
  CI (99.9%): [43.828, 46.995] (assumes normal distribution)


# JMH version: 1.37
# VM version: JDK 25.0.4.1, OpenJDK 64-Bit Server VM, 25.0.4.1+1-LTS
# VM invoker: /opt/jdk-25/bin/java
# VM options: --enable-native-access=ALL-UNNAMED -Xms2g -Xmx2g -Dbench.file=/data/pread-bench-1024mb.dat -Dbench.fileSizeMB=1024 -Dbench.dropPageCache=false
# Blackhole mode: compiler (auto-detected, use -Djmh.blackhole.autoDetect=false to disable)
# Warmup: 2 iterations, 3 s each
# Measurement: 3 iterations, 5 s each
# Timeout: 10 min per iteration
# Threads: 4 threads, will synchronize iterations
# Benchmark mode: Throughput, ops/time
# Benchmark: org.apache.lucene.benchmark.jmh.RandomReadIOBenchmark.mmapRandom_T04
# Parameters: (readSize = 16384, readsPerOp = 16)

# Run progress: 56.25% complete, ETA 00:05:07
# Fork: 1 of 2
WARNING: A terminally deprecated method in sun.misc.Unsafe has been called
WARNING: sun.misc.Unsafe::objectFieldOffset has been called by org.openjdk.jmh.util.Utils (file:/opt/bench/main/jmh-core-1.37.jar)
WARNING: Please consider reporting this to the maintainers of class org.openjdk.jmh.util.Utils
WARNING: sun.misc.Unsafe::objectFieldOffset will be removed in a future release
# Warmup Iteration   1: 181.254 ops/ms
# Warmup Iteration   2: 182.649 ops/ms
Iteration   1: 181.805 ops/ms
Iteration   2: 183.187 ops/ms
Iteration   3: 182.529 ops/ms

# Run progress: 59.38% complete, ETA 00:04:46
# Fork: 2 of 2
WARNING: A terminally deprecated method in sun.misc.Unsafe has been called
WARNING: sun.misc.Unsafe::objectFieldOffset has been called by org.openjdk.jmh.util.Utils (file:/opt/bench/main/jmh-core-1.37.jar)
WARNING: Please consider reporting this to the maintainers of class org.openjdk.jmh.util.Utils
WARNING: sun.misc.Unsafe::objectFieldOffset will be removed in a future release
# Warmup Iteration   1: 181.076 ops/ms
# Warmup Iteration   2: 182.027 ops/ms
Iteration   1: 182.157 ops/ms
Iteration   2: 182.389 ops/ms
Iteration   3: 182.125 ops/ms


Result "org.apache.lucene.benchmark.jmh.RandomReadIOBenchmark.mmapRandom_T04":
  182.365 ±(99.9%) 1.326 ops/ms [Average]
  (min, avg, max) = (181.805, 182.365, 183.187), stdev = 0.473
  CI (99.9%): [181.039, 183.692] (assumes normal distribution)


# JMH version: 1.37
# VM version: JDK 25.0.4.1, OpenJDK 64-Bit Server VM, 25.0.4.1+1-LTS
# VM invoker: /opt/jdk-25/bin/java
# VM options: --enable-native-access=ALL-UNNAMED -Xms2g -Xmx2g -Dbench.file=/data/pread-bench-1024mb.dat -Dbench.fileSizeMB=1024 -Dbench.dropPageCache=false
# Blackhole mode: compiler (auto-detected, use -Djmh.blackhole.autoDetect=false to disable)
# Warmup: 2 iterations, 3 s each
# Measurement: 3 iterations, 5 s each
# Timeout: 10 min per iteration
# Threads: 8 threads, will synchronize iterations
# Benchmark mode: Throughput, ops/time
# Benchmark: org.apache.lucene.benchmark.jmh.RandomReadIOBenchmark.mmapRandom_T08
# Parameters: (readSize = 16384, readsPerOp = 16)

# Run progress: 62.50% complete, ETA 00:04:24
# Fork: 1 of 2
WARNING: A terminally deprecated method in sun.misc.Unsafe has been called
WARNING: sun.misc.Unsafe::objectFieldOffset has been called by org.openjdk.jmh.util.Utils (file:/opt/bench/main/jmh-core-1.37.jar)
WARNING: Please consider reporting this to the maintainers of class org.openjdk.jmh.util.Utils
WARNING: sun.misc.Unsafe::objectFieldOffset will be removed in a future release
# Warmup Iteration   1: 334.906 ops/ms
# Warmup Iteration   2: 336.670 ops/ms
Iteration   1: 337.938 ops/ms
Iteration   2: 337.650 ops/ms
Iteration   3: 338.236 ops/ms

# Run progress: 65.63% complete, ETA 00:04:02
# Fork: 2 of 2
WARNING: A terminally deprecated method in sun.misc.Unsafe has been called
WARNING: sun.misc.Unsafe::objectFieldOffset has been called by org.openjdk.jmh.util.Utils (file:/opt/bench/main/jmh-core-1.37.jar)
WARNING: Please consider reporting this to the maintainers of class org.openjdk.jmh.util.Utils
WARNING: sun.misc.Unsafe::objectFieldOffset will be removed in a future release
# Warmup Iteration   1: 333.785 ops/ms
# Warmup Iteration   2: 335.553 ops/ms
Iteration   1: 336.455 ops/ms
Iteration   2: 337.259 ops/ms
Iteration   3: 336.919 ops/ms


Result "org.apache.lucene.benchmark.jmh.RandomReadIOBenchmark.mmapRandom_T08":
  337.410 ±(99.9%) 1.858 ops/ms [Average]
  (min, avg, max) = (336.455, 337.410, 338.236), stdev = 0.663
  CI (99.9%): [335.551, 339.268] (assumes normal distribution)


# JMH version: 1.37
# VM version: JDK 25.0.4.1, OpenJDK 64-Bit Server VM, 25.0.4.1+1-LTS
# VM invoker: /opt/jdk-25/bin/java
# VM options: --enable-native-access=ALL-UNNAMED -Xms2g -Xmx2g -Dbench.file=/data/pread-bench-1024mb.dat -Dbench.fileSizeMB=1024 -Dbench.dropPageCache=false
# Blackhole mode: compiler (auto-detected, use -Djmh.blackhole.autoDetect=false to disable)
# Warmup: 2 iterations, 3 s each
# Measurement: 3 iterations, 5 s each
# Timeout: 10 min per iteration
# Threads: 16 threads, will synchronize iterations
# Benchmark mode: Throughput, ops/time
# Benchmark: org.apache.lucene.benchmark.jmh.RandomReadIOBenchmark.mmapRandom_T16
# Parameters: (readSize = 16384, readsPerOp = 16)

# Run progress: 68.75% complete, ETA 00:03:40
# Fork: 1 of 2
WARNING: A terminally deprecated method in sun.misc.Unsafe has been called
WARNING: sun.misc.Unsafe::objectFieldOffset has been called by org.openjdk.jmh.util.Utils (file:/opt/bench/main/jmh-core-1.37.jar)
WARNING: Please consider reporting this to the maintainers of class org.openjdk.jmh.util.Utils
WARNING: sun.misc.Unsafe::objectFieldOffset will be removed in a future release
# Warmup Iteration   1: 343.907 ops/ms
# Warmup Iteration   2: 348.320 ops/ms
Iteration   1: 349.466 ops/ms
Iteration   2: 349.787 ops/ms
Iteration   3: 347.916 ops/ms

# Run progress: 71.88% complete, ETA 00:03:18
# Fork: 2 of 2
WARNING: A terminally deprecated method in sun.misc.Unsafe has been called
WARNING: sun.misc.Unsafe::objectFieldOffset has been called by org.openjdk.jmh.util.Utils (file:/opt/bench/main/jmh-core-1.37.jar)
WARNING: Please consider reporting this to the maintainers of class org.openjdk.jmh.util.Utils
WARNING: sun.misc.Unsafe::objectFieldOffset will be removed in a future release
# Warmup Iteration   1: 345.643 ops/ms
# Warmup Iteration   2: 348.740 ops/ms
Iteration   1: 348.852 ops/ms
Iteration   2: 348.320 ops/ms
Iteration   3: 348.351 ops/ms


Result "org.apache.lucene.benchmark.jmh.RandomReadIOBenchmark.mmapRandom_T16":
  348.782 ±(99.9%) 2.035 ops/ms [Average]
  (min, avg, max) = (347.916, 348.782, 349.787), stdev = 0.726
  CI (99.9%): [346.747, 350.816] (assumes normal distribution)


# JMH version: 1.37
# VM version: JDK 25.0.4.1, OpenJDK 64-Bit Server VM, 25.0.4.1+1-LTS
# VM invoker: /opt/jdk-25/bin/java
# VM options: --enable-native-access=ALL-UNNAMED -Xms2g -Xmx2g -Dbench.file=/data/pread-bench-1024mb.dat -Dbench.fileSizeMB=1024 -Dbench.dropPageCache=false
# Blackhole mode: compiler (auto-detected, use -Djmh.blackhole.autoDetect=false to disable)
# Warmup: 2 iterations, 3 s each
# Measurement: 3 iterations, 5 s each
# Timeout: 10 min per iteration
# Threads: 1 thread, will synchronize iterations
# Benchmark mode: Throughput, ops/time
# Benchmark: org.apache.lucene.benchmark.jmh.RandomReadIOBenchmark.mmap_T01
# Parameters: (readSize = 16384, readsPerOp = 16)

# Run progress: 75.00% complete, ETA 00:02:56
# Fork: 1 of 2
WARNING: A terminally deprecated method in sun.misc.Unsafe has been called
WARNING: sun.misc.Unsafe::objectFieldOffset has been called by org.openjdk.jmh.util.Utils (file:/opt/bench/main/jmh-core-1.37.jar)
WARNING: Please consider reporting this to the maintainers of class org.openjdk.jmh.util.Utils
WARNING: sun.misc.Unsafe::objectFieldOffset will be removed in a future release
# Warmup Iteration   1: 44.654 ops/ms
# Warmup Iteration   2: 45.777 ops/ms
Iteration   1: 45.761 ops/ms
Iteration   2: 45.003 ops/ms
Iteration   3: 45.514 ops/ms

# Run progress: 78.13% complete, ETA 00:02:34
# Fork: 2 of 2
WARNING: A terminally deprecated method in sun.misc.Unsafe has been called
WARNING: sun.misc.Unsafe::objectFieldOffset has been called by org.openjdk.jmh.util.Utils (file:/opt/bench/main/jmh-core-1.37.jar)
WARNING: Please consider reporting this to the maintainers of class org.openjdk.jmh.util.Utils
WARNING: sun.misc.Unsafe::objectFieldOffset will be removed in a future release
# Warmup Iteration   1: 43.844 ops/ms
# Warmup Iteration   2: 45.303 ops/ms
Iteration   1: 45.213 ops/ms
Iteration   2: 44.543 ops/ms
Iteration   3: 45.173 ops/ms


Result "org.apache.lucene.benchmark.jmh.RandomReadIOBenchmark.mmap_T01":
  45.201 ±(99.9%) 1.179 ops/ms [Average]
  (min, avg, max) = (44.543, 45.201, 45.761), stdev = 0.421
  CI (99.9%): [44.022, 46.381] (assumes normal distribution)


# JMH version: 1.37
# VM version: JDK 25.0.4.1, OpenJDK 64-Bit Server VM, 25.0.4.1+1-LTS
# VM invoker: /opt/jdk-25/bin/java
# VM options: --enable-native-access=ALL-UNNAMED -Xms2g -Xmx2g -Dbench.file=/data/pread-bench-1024mb.dat -Dbench.fileSizeMB=1024 -Dbench.dropPageCache=false
# Blackhole mode: compiler (auto-detected, use -Djmh.blackhole.autoDetect=false to disable)
# Warmup: 2 iterations, 3 s each
# Measurement: 3 iterations, 5 s each
# Timeout: 10 min per iteration
# Threads: 4 threads, will synchronize iterations
# Benchmark mode: Throughput, ops/time
# Benchmark: org.apache.lucene.benchmark.jmh.RandomReadIOBenchmark.mmap_T04
# Parameters: (readSize = 16384, readsPerOp = 16)

# Run progress: 81.25% complete, ETA 00:02:12
# Fork: 1 of 2
WARNING: A terminally deprecated method in sun.misc.Unsafe has been called
WARNING: sun.misc.Unsafe::objectFieldOffset has been called by org.openjdk.jmh.util.Utils (file:/opt/bench/main/jmh-core-1.37.jar)
WARNING: Please consider reporting this to the maintainers of class org.openjdk.jmh.util.Utils
WARNING: sun.misc.Unsafe::objectFieldOffset will be removed in a future release
# Warmup Iteration   1: 180.618 ops/ms
# Warmup Iteration   2: 181.767 ops/ms
Iteration   1: 181.530 ops/ms
Iteration   2: 181.466 ops/ms
Iteration   3: 180.934 ops/ms

# Run progress: 84.38% complete, ETA 00:01:50
# Fork: 2 of 2
WARNING: A terminally deprecated method in sun.misc.Unsafe has been called
WARNING: sun.misc.Unsafe::objectFieldOffset has been called by org.openjdk.jmh.util.Utils (file:/opt/bench/main/jmh-core-1.37.jar)
WARNING: Please consider reporting this to the maintainers of class org.openjdk.jmh.util.Utils
WARNING: sun.misc.Unsafe::objectFieldOffset will be removed in a future release
# Warmup Iteration   1: 179.736 ops/ms
# Warmup Iteration   2: 181.275 ops/ms
Iteration   1: 182.122 ops/ms
Iteration   2: 182.355 ops/ms
Iteration   3: 183.196 ops/ms


Result "org.apache.lucene.benchmark.jmh.RandomReadIOBenchmark.mmap_T04":
  181.934 ±(99.9%) 2.239 ops/ms [Average]
  (min, avg, max) = (180.934, 181.934, 183.196), stdev = 0.798
  CI (99.9%): [179.695, 184.173] (assumes normal distribution)


# JMH version: 1.37
# VM version: JDK 25.0.4.1, OpenJDK 64-Bit Server VM, 25.0.4.1+1-LTS
# VM invoker: /opt/jdk-25/bin/java
# VM options: --enable-native-access=ALL-UNNAMED -Xms2g -Xmx2g -Dbench.file=/data/pread-bench-1024mb.dat -Dbench.fileSizeMB=1024 -Dbench.dropPageCache=false
# Blackhole mode: compiler (auto-detected, use -Djmh.blackhole.autoDetect=false to disable)
# Warmup: 2 iterations, 3 s each
# Measurement: 3 iterations, 5 s each
# Timeout: 10 min per iteration
# Threads: 8 threads, will synchronize iterations
# Benchmark mode: Throughput, ops/time
# Benchmark: org.apache.lucene.benchmark.jmh.RandomReadIOBenchmark.mmap_T08
# Parameters: (readSize = 16384, readsPerOp = 16)

# Run progress: 87.50% complete, ETA 00:01:28
# Fork: 1 of 2
WARNING: A terminally deprecated method in sun.misc.Unsafe has been called
WARNING: sun.misc.Unsafe::objectFieldOffset has been called by org.openjdk.jmh.util.Utils (file:/opt/bench/main/jmh-core-1.37.jar)
WARNING: Please consider reporting this to the maintainers of class org.openjdk.jmh.util.Utils
WARNING: sun.misc.Unsafe::objectFieldOffset will be removed in a future release
# Warmup Iteration   1: 334.787 ops/ms
# Warmup Iteration   2: 336.437 ops/ms
Iteration   1: 336.391 ops/ms
Iteration   2: 336.705 ops/ms
Iteration   3: 337.745 ops/ms

# Run progress: 90.63% complete, ETA 00:01:06
# Fork: 2 of 2
WARNING: A terminally deprecated method in sun.misc.Unsafe has been called
WARNING: sun.misc.Unsafe::objectFieldOffset has been called by org.openjdk.jmh.util.Utils (file:/opt/bench/main/jmh-core-1.37.jar)
WARNING: Please consider reporting this to the maintainers of class org.openjdk.jmh.util.Utils
WARNING: sun.misc.Unsafe::objectFieldOffset will be removed in a future release
# Warmup Iteration   1: 334.690 ops/ms
# Warmup Iteration   2: 337.287 ops/ms
Iteration   1: 338.918 ops/ms
Iteration   2: 337.555 ops/ms
Iteration   3: 338.195 ops/ms


Result "org.apache.lucene.benchmark.jmh.RandomReadIOBenchmark.mmap_T08":
  337.585 ±(99.9%) 2.623 ops/ms [Average]
  (min, avg, max) = (336.391, 337.585, 338.918), stdev = 0.935
  CI (99.9%): [334.962, 340.208] (assumes normal distribution)


# JMH version: 1.37
# VM version: JDK 25.0.4.1, OpenJDK 64-Bit Server VM, 25.0.4.1+1-LTS
# VM invoker: /opt/jdk-25/bin/java
# VM options: --enable-native-access=ALL-UNNAMED -Xms2g -Xmx2g -Dbench.file=/data/pread-bench-1024mb.dat -Dbench.fileSizeMB=1024 -Dbench.dropPageCache=false
# Blackhole mode: compiler (auto-detected, use -Djmh.blackhole.autoDetect=false to disable)
# Warmup: 2 iterations, 3 s each
# Measurement: 3 iterations, 5 s each
# Timeout: 10 min per iteration
# Threads: 16 threads, will synchronize iterations
# Benchmark mode: Throughput, ops/time
# Benchmark: org.apache.lucene.benchmark.jmh.RandomReadIOBenchmark.mmap_T16
# Parameters: (readSize = 16384, readsPerOp = 16)

# Run progress: 93.75% complete, ETA 00:00:44
# Fork: 1 of 2
WARNING: A terminally deprecated method in sun.misc.Unsafe has been called
WARNING: sun.misc.Unsafe::objectFieldOffset has been called by org.openjdk.jmh.util.Utils (file:/opt/bench/main/jmh-core-1.37.jar)
WARNING: Please consider reporting this to the maintainers of class org.openjdk.jmh.util.Utils
WARNING: sun.misc.Unsafe::objectFieldOffset will be removed in a future release
# Warmup Iteration   1: 346.748 ops/ms
# Warmup Iteration   2: 349.146 ops/ms
Iteration   1: 349.977 ops/ms
Iteration   2: 347.494 ops/ms
Iteration   3: 350.691 ops/ms

# Run progress: 96.88% complete, ETA 00:00:22
# Fork: 2 of 2
WARNING: A terminally deprecated method in sun.misc.Unsafe has been called
WARNING: sun.misc.Unsafe::objectFieldOffset has been called by org.openjdk.jmh.util.Utils (file:/opt/bench/main/jmh-core-1.37.jar)
WARNING: Please consider reporting this to the maintainers of class org.openjdk.jmh.util.Utils
WARNING: sun.misc.Unsafe::objectFieldOffset will be removed in a future release
# Warmup Iteration   1: 345.457 ops/ms
# Warmup Iteration   2: 348.679 ops/ms
Iteration   1: 349.587 ops/ms
Iteration   2: 349.263 ops/ms
Iteration   3: 349.219 ops/ms


Result "org.apache.lucene.benchmark.jmh.RandomReadIOBenchmark.mmap_T16":
  349.372 ±(99.9%) 2.997 ops/ms [Average]
  (min, avg, max) = (347.494, 349.372, 350.691), stdev = 1.069
  CI (99.9%): [346.375, 352.369] (assumes normal distribution)


# Run complete. Total time: 00:11:46

REMEMBER: The numbers below are just data. To gain reusable insights, you need to follow up on
why the numbers are the way they are. Use profilers (see -prof, -lprof), design factorial
experiments, perform baseline and negative tests that provide experimental control, make sure
the benchmarking environment is safe on JVM/OS/HW level, ask for reviews from the domain experts.
Do not assume the numbers tell you what you want them to tell.

NOTE: Current JVM experimentally supports Compiler Blackholes, and they are in use. Please exercise
extra caution when trusting the results, look into the generated code to check the benchmark still
works, and factor in a small probability of new VM bugs. Additionally, while comparisons between
different JVMs are already problematic, the performance difference caused by different Blackhole
modes can be very significant. Please make sure you use the consistent Blackhole mode for comparisons.

Benchmark                                            (readSize)  (readsPerOp)   Mode  Cnt    Score   Error   Units
RandomReadIOBenchmark.mmapBatchedPrefetch_T01             16384            16  thrpt    6   45.239 ± 0.687  ops/ms
RandomReadIOBenchmark.mmapBatchedPrefetch_T04             16384            16  thrpt    6  179.310 ± 2.318  ops/ms
RandomReadIOBenchmark.mmapBatchedPrefetch_T08             16384            16  thrpt    6  331.719 ± 2.915  ops/ms
RandomReadIOBenchmark.mmapBatchedPrefetch_T16             16384            16  thrpt    6  344.736 ± 1.497  ops/ms
RandomReadIOBenchmark.mmapRandomBatchedPrefetch_T01       16384            16  thrpt    6   44.318 ± 1.309  ops/ms
RandomReadIOBenchmark.mmapRandomBatchedPrefetch_T04       16384            16  thrpt    6  177.490 ± 1.925  ops/ms
RandomReadIOBenchmark.mmapRandomBatchedPrefetch_T08       16384            16  thrpt    6  331.803 ± 2.468  ops/ms
RandomReadIOBenchmark.mmapRandomBatchedPrefetch_T16       16384            16  thrpt    6  345.657 ± 2.438  ops/ms
RandomReadIOBenchmark.mmapRandom_T01                      16384            16  thrpt    6   45.412 ± 1.583  ops/ms
RandomReadIOBenchmark.mmapRandom_T04                      16384            16  thrpt    6  182.365 ± 1.326  ops/ms
RandomReadIOBenchmark.mmapRandom_T08                      16384            16  thrpt    6  337.410 ± 1.858  ops/ms
RandomReadIOBenchmark.mmapRandom_T16                      16384            16  thrpt    6  348.782 ± 2.035  ops/ms
RandomReadIOBenchmark.mmap_T01                            16384            16  thrpt    6   45.201 ± 1.179  ops/ms
RandomReadIOBenchmark.mmap_T04                            16384            16  thrpt    6  181.934 ± 2.239  ops/ms
RandomReadIOBenchmark.mmap_T08                            16384            16  thrpt    6  337.585 ± 2.623  ops/ms
RandomReadIOBenchmark.mmap_T16                            16384            16  thrpt    6  349.372 ± 2.997  ops/ms

Benchmark result is saved to /opt/bench/results-hot2/main-hot-randomread.json
   priming: drop caches, sequential read of /data/sf-index-1000000
WARNING: A terminally deprecated method in sun.misc.Unsafe has been called
WARNING: sun.misc.Unsafe::objectFieldOffset has been called by org.openjdk.jmh.util.Utils (file:/opt/bench/main/jmh-core-1.37.jar)
WARNING: Please consider reporting this to the maintainers of class org.openjdk.jmh.util.Utils
WARNING: sun.misc.Unsafe::objectFieldOffset will be removed in a future release
# JMH version: 1.37
# VM version: JDK 25.0.4.1, OpenJDK 64-Bit Server VM, 25.0.4.1+1-LTS
# VM invoker: /opt/jdk-25/bin/java
# VM options: --enable-native-access=ALL-UNNAMED -Xms2g -Xmx2g -Dbench.indexPath=/data/sf-index-1000000 -Dbench.numDocs=1000000 -Dbench.docSizeBytes=4096 -Dbench.readAdvice=RANDOM -Dbench.prefetchWindow=16 -Dbench.dropPageCache=false
# Blackhole mode: compiler (auto-detected, use -Djmh.blackhole.autoDetect=false to disable)
# Warmup: 2 iterations, 2 s each
# Measurement: 3 iterations, 3 s each
# Timeout: 10 min per iteration
# Threads: 1 thread, will synchronize iterations
# Benchmark mode: Throughput, ops/time
# Benchmark: org.apache.lucene.benchmark.jmh.StoredFieldsPrefetchBenchmark.prefetchOnly_T01
# Parameters: (topK = 10)

# Run progress: 0.00% complete, ETA 00:05:12
# Fork: 1 of 2
WARNING: A terminally deprecated method in sun.misc.Unsafe has been called
WARNING: sun.misc.Unsafe::objectFieldOffset has been called by org.openjdk.jmh.util.Utils (file:/opt/bench/main/jmh-core-1.37.jar)
WARNING: Please consider reporting this to the maintainers of class org.openjdk.jmh.util.Utils
WARNING: sun.misc.Unsafe::objectFieldOffset will be removed in a future release
# Warmup Iteration   1: Sep 30, 2026 12:49:16 AM org.apache.lucene.internal.vectorization.VectorizationProvider lookup
WARNING: Java vector incubator module is not readable. For optimal vector performance, pass '--add-modules jdk.incubator.vector' to enable Vector API.
396.683 ops/ms
# Warmup Iteration   2: 399.044 ops/ms
Iteration   1: 399.439 ops/ms
Iteration   2: 399.048 ops/ms
Iteration   3: 399.584 ops/ms

# Run progress: 4.17% complete, ETA 00:05:11
# Fork: 2 of 2
WARNING: A terminally deprecated method in sun.misc.Unsafe has been called
WARNING: sun.misc.Unsafe::objectFieldOffset has been called by org.openjdk.jmh.util.Utils (file:/opt/bench/main/jmh-core-1.37.jar)
WARNING: Please consider reporting this to the maintainers of class org.openjdk.jmh.util.Utils
WARNING: sun.misc.Unsafe::objectFieldOffset will be removed in a future release
# Warmup Iteration   1: Sep 30, 2026 12:49:30 AM org.apache.lucene.internal.vectorization.VectorizationProvider lookup
WARNING: Java vector incubator module is not readable. For optimal vector performance, pass '--add-modules jdk.incubator.vector' to enable Vector API.
397.545 ops/ms
# Warmup Iteration   2: 401.170 ops/ms
Iteration   1: 400.318 ops/ms
Iteration   2: 399.691 ops/ms
Iteration   3: 400.038 ops/ms


Result "org.apache.lucene.benchmark.jmh.StoredFieldsPrefetchBenchmark.prefetchOnly_T01":
  399.687 ±(99.9%) 1.255 ops/ms [Average]
  (min, avg, max) = (399.048, 399.687, 400.318), stdev = 0.448
  CI (99.9%): [398.431, 400.942] (assumes normal distribution)


# JMH version: 1.37
# VM version: JDK 25.0.4.1, OpenJDK 64-Bit Server VM, 25.0.4.1+1-LTS
# VM invoker: /opt/jdk-25/bin/java
# VM options: --enable-native-access=ALL-UNNAMED -Xms2g -Xmx2g -Dbench.indexPath=/data/sf-index-1000000 -Dbench.numDocs=1000000 -Dbench.docSizeBytes=4096 -Dbench.readAdvice=RANDOM -Dbench.prefetchWindow=16 -Dbench.dropPageCache=false
# Blackhole mode: compiler (auto-detected, use -Djmh.blackhole.autoDetect=false to disable)
# Warmup: 2 iterations, 2 s each
# Measurement: 3 iterations, 3 s each
# Timeout: 10 min per iteration
# Threads: 1 thread, will synchronize iterations
# Benchmark mode: Throughput, ops/time
# Benchmark: org.apache.lucene.benchmark.jmh.StoredFieldsPrefetchBenchmark.prefetchOnly_T01
# Parameters: (topK = 100)

# Run progress: 8.33% complete, ETA 00:04:55
# Fork: 1 of 2
WARNING: A terminally deprecated method in sun.misc.Unsafe has been called
WARNING: sun.misc.Unsafe::objectFieldOffset has been called by org.openjdk.jmh.util.Utils (file:/opt/bench/main/jmh-core-1.37.jar)
WARNING: Please consider reporting this to the maintainers of class org.openjdk.jmh.util.Utils
WARNING: sun.misc.Unsafe::objectFieldOffset will be removed in a future release
# Warmup Iteration   1: Sep 30, 2026 12:49:43 AM org.apache.lucene.internal.vectorization.VectorizationProvider lookup
WARNING: Java vector incubator module is not readable. For optimal vector performance, pass '--add-modules jdk.incubator.vector' to enable Vector API.
42.084 ops/ms
# Warmup Iteration   2: 42.451 ops/ms
Iteration   1: 42.489 ops/ms
Iteration   2: 42.471 ops/ms
Iteration   3: 42.509 ops/ms

# Run progress: 12.50% complete, ETA 00:04:41
# Fork: 2 of 2
WARNING: A terminally deprecated method in sun.misc.Unsafe has been called
WARNING: sun.misc.Unsafe::objectFieldOffset has been called by org.openjdk.jmh.util.Utils (file:/opt/bench/main/jmh-core-1.37.jar)
WARNING: Please consider reporting this to the maintainers of class org.openjdk.jmh.util.Utils
WARNING: sun.misc.Unsafe::objectFieldOffset will be removed in a future release
# Warmup Iteration   1: Sep 30, 2026 12:49:56 AM org.apache.lucene.internal.vectorization.VectorizationProvider lookup
WARNING: Java vector incubator module is not readable. For optimal vector performance, pass '--add-modules jdk.incubator.vector' to enable Vector API.
42.039 ops/ms
# Warmup Iteration   2: 42.444 ops/ms
Iteration   1: 42.553 ops/ms
Iteration   2: 42.524 ops/ms
Iteration   3: 42.568 ops/ms


Result "org.apache.lucene.benchmark.jmh.StoredFieldsPrefetchBenchmark.prefetchOnly_T01":
  42.519 ±(99.9%) 0.104 ops/ms [Average]
  (min, avg, max) = (42.471, 42.519, 42.568), stdev = 0.037
  CI (99.9%): [42.415, 42.623] (assumes normal distribution)


# JMH version: 1.37
# VM version: JDK 25.0.4.1, OpenJDK 64-Bit Server VM, 25.0.4.1+1-LTS
# VM invoker: /opt/jdk-25/bin/java
# VM options: --enable-native-access=ALL-UNNAMED -Xms2g -Xmx2g -Dbench.indexPath=/data/sf-index-1000000 -Dbench.numDocs=1000000 -Dbench.docSizeBytes=4096 -Dbench.readAdvice=RANDOM -Dbench.prefetchWindow=16 -Dbench.dropPageCache=false
# Blackhole mode: compiler (auto-detected, use -Djmh.blackhole.autoDetect=false to disable)
# Warmup: 2 iterations, 2 s each
# Measurement: 3 iterations, 3 s each
# Timeout: 10 min per iteration
# Threads: 8 threads, will synchronize iterations
# Benchmark mode: Throughput, ops/time
# Benchmark: org.apache.lucene.benchmark.jmh.StoredFieldsPrefetchBenchmark.prefetchOnly_T08
# Parameters: (topK = 10)

# Run progress: 16.67% complete, ETA 00:04:28
# Fork: 1 of 2
WARNING: A terminally deprecated method in sun.misc.Unsafe has been called
WARNING: sun.misc.Unsafe::objectFieldOffset has been called by org.openjdk.jmh.util.Utils (file:/opt/bench/main/jmh-core-1.37.jar)
WARNING: Please consider reporting this to the maintainers of class org.openjdk.jmh.util.Utils
WARNING: sun.misc.Unsafe::objectFieldOffset will be removed in a future release
# Warmup Iteration   1: Sep 30, 2026 12:50:10 AM org.apache.lucene.internal.vectorization.VectorizationProvider lookup
WARNING: Java vector incubator module is not readable. For optimal vector performance, pass '--add-modules jdk.incubator.vector' to enable Vector API.
2073.121 ops/ms
# Warmup Iteration   2: 2073.949 ops/ms
Iteration   1: 2097.386 ops/ms
Iteration   2: 2079.202 ops/ms
Iteration   3: 2089.127 ops/ms

# Run progress: 20.83% complete, ETA 00:04:14
# Fork: 2 of 2
WARNING: A terminally deprecated method in sun.misc.Unsafe has been called
WARNING: sun.misc.Unsafe::objectFieldOffset has been called by org.openjdk.jmh.util.Utils (file:/opt/bench/main/jmh-core-1.37.jar)
WARNING: Please consider reporting this to the maintainers of class org.openjdk.jmh.util.Utils
WARNING: sun.misc.Unsafe::objectFieldOffset will be removed in a future release
# Warmup Iteration   1: Sep 30, 2026 12:50:23 AM org.apache.lucene.internal.vectorization.VectorizationProvider lookup
WARNING: Java vector incubator module is not readable. For optimal vector performance, pass '--add-modules jdk.incubator.vector' to enable Vector API.
1996.946 ops/ms
# Warmup Iteration   2: 2107.961 ops/ms
Iteration   1: 2057.948 ops/ms
Iteration   2: 2061.986 ops/ms
Iteration   3: 2011.745 ops/ms


Result "org.apache.lucene.benchmark.jmh.StoredFieldsPrefetchBenchmark.prefetchOnly_T08":
  2066.232 ±(99.9%) 86.143 ops/ms [Average]
  (min, avg, max) = (2011.745, 2066.232, 2097.386), stdev = 30.720
  CI (99.9%): [1980.089, 2152.376] (assumes normal distribution)


# JMH version: 1.37
# VM version: JDK 25.0.4.1, OpenJDK 64-Bit Server VM, 25.0.4.1+1-LTS
# VM invoker: /opt/jdk-25/bin/java
# VM options: --enable-native-access=ALL-UNNAMED -Xms2g -Xmx2g -Dbench.indexPath=/data/sf-index-1000000 -Dbench.numDocs=1000000 -Dbench.docSizeBytes=4096 -Dbench.readAdvice=RANDOM -Dbench.prefetchWindow=16 -Dbench.dropPageCache=false
# Blackhole mode: compiler (auto-detected, use -Djmh.blackhole.autoDetect=false to disable)
# Warmup: 2 iterations, 2 s each
# Measurement: 3 iterations, 3 s each
# Timeout: 10 min per iteration
# Threads: 8 threads, will synchronize iterations
# Benchmark mode: Throughput, ops/time
# Benchmark: org.apache.lucene.benchmark.jmh.StoredFieldsPrefetchBenchmark.prefetchOnly_T08
# Parameters: (topK = 100)

# Run progress: 25.00% complete, ETA 00:04:01
# Fork: 1 of 2
WARNING: A terminally deprecated method in sun.misc.Unsafe has been called
WARNING: sun.misc.Unsafe::objectFieldOffset has been called by org.openjdk.jmh.util.Utils (file:/opt/bench/main/jmh-core-1.37.jar)
WARNING: Please consider reporting this to the maintainers of class org.openjdk.jmh.util.Utils
WARNING: sun.misc.Unsafe::objectFieldOffset will be removed in a future release
# Warmup Iteration   1: Sep 30, 2026 12:50:36 AM org.apache.lucene.internal.vectorization.VectorizationProvider lookup
WARNING: Java vector incubator module is not readable. For optimal vector performance, pass '--add-modules jdk.incubator.vector' to enable Vector API.
210.356 ops/ms
# Warmup Iteration   2: 216.572 ops/ms
Iteration   1: 231.559 ops/ms
Iteration   2: 222.278 ops/ms
Iteration   3: 220.555 ops/ms

# Run progress: 29.17% complete, ETA 00:03:47
# Fork: 2 of 2
WARNING: A terminally deprecated method in sun.misc.Unsafe has been called
WARNING: sun.misc.Unsafe::objectFieldOffset has been called by org.openjdk.jmh.util.Utils (file:/opt/bench/main/jmh-core-1.37.jar)
WARNING: Please consider reporting this to the maintainers of class org.openjdk.jmh.util.Utils
WARNING: sun.misc.Unsafe::objectFieldOffset will be removed in a future release
# Warmup Iteration   1: Sep 30, 2026 12:50:50 AM org.apache.lucene.internal.vectorization.VectorizationProvider lookup
WARNING: Java vector incubator module is not readable. For optimal vector performance, pass '--add-modules jdk.incubator.vector' to enable Vector API.
208.500 ops/ms
# Warmup Iteration   2: 216.502 ops/ms
Iteration   1: 218.644 ops/ms
Iteration   2: 216.824 ops/ms
Iteration   3: 217.144 ops/ms


Result "org.apache.lucene.benchmark.jmh.StoredFieldsPrefetchBenchmark.prefetchOnly_T08":
  221.167 ±(99.9%) 15.411 ops/ms [Average]
  (min, avg, max) = (216.824, 221.167, 231.559), stdev = 5.496
  CI (99.9%): [205.756, 236.579] (assumes normal distribution)


# JMH version: 1.37
# VM version: JDK 25.0.4.1, OpenJDK 64-Bit Server VM, 25.0.4.1+1-LTS
# VM invoker: /opt/jdk-25/bin/java
# VM options: --enable-native-access=ALL-UNNAMED -Xms2g -Xmx2g -Dbench.indexPath=/data/sf-index-1000000 -Dbench.numDocs=1000000 -Dbench.docSizeBytes=4096 -Dbench.readAdvice=RANDOM -Dbench.prefetchWindow=16 -Dbench.dropPageCache=false
# Blackhole mode: compiler (auto-detected, use -Djmh.blackhole.autoDetect=false to disable)
# Warmup: 2 iterations, 2 s each
# Measurement: 3 iterations, 3 s each
# Timeout: 10 min per iteration
# Threads: 1 thread, will synchronize iterations
# Benchmark mode: Throughput, ops/time
# Benchmark: org.apache.lucene.benchmark.jmh.StoredFieldsPrefetchBenchmark.retrieveNoPrefetch_T01
# Parameters: (topK = 10)

# Run progress: 33.33% complete, ETA 00:03:34
# Fork: 1 of 2
WARNING: A terminally deprecated method in sun.misc.Unsafe has been called
WARNING: sun.misc.Unsafe::objectFieldOffset has been called by org.openjdk.jmh.util.Utils (file:/opt/bench/main/jmh-core-1.37.jar)
WARNING: Please consider reporting this to the maintainers of class org.openjdk.jmh.util.Utils
WARNING: sun.misc.Unsafe::objectFieldOffset will be removed in a future release
# Warmup Iteration   1: Sep 30, 2026 12:51:03 AM org.apache.lucene.internal.vectorization.VectorizationProvider lookup
WARNING: Java vector incubator module is not readable. For optimal vector performance, pass '--add-modules jdk.incubator.vector' to enable Vector API.
22.293 ops/ms
# Warmup Iteration   2: 28.062 ops/ms
Iteration   1: 27.930 ops/ms
Iteration   2: 28.110 ops/ms
Iteration   3: 28.338 ops/ms

# Run progress: 37.50% complete, ETA 00:03:20
# Fork: 2 of 2
WARNING: A terminally deprecated method in sun.misc.Unsafe has been called
WARNING: sun.misc.Unsafe::objectFieldOffset has been called by org.openjdk.jmh.util.Utils (file:/opt/bench/main/jmh-core-1.37.jar)
WARNING: Please consider reporting this to the maintainers of class org.openjdk.jmh.util.Utils
WARNING: sun.misc.Unsafe::objectFieldOffset will be removed in a future release
# Warmup Iteration   1: Sep 30, 2026 12:51:17 AM org.apache.lucene.internal.vectorization.VectorizationProvider lookup
WARNING: Java vector incubator module is not readable. For optimal vector performance, pass '--add-modules jdk.incubator.vector' to enable Vector API.
22.410 ops/ms
# Warmup Iteration   2: 28.675 ops/ms
Iteration   1: 28.148 ops/ms
Iteration   2: 28.250 ops/ms
Iteration   3: 28.349 ops/ms


Result "org.apache.lucene.benchmark.jmh.StoredFieldsPrefetchBenchmark.retrieveNoPrefetch_T01":
  28.188 ±(99.9%) 0.446 ops/ms [Average]
  (min, avg, max) = (27.930, 28.188, 28.349), stdev = 0.159
  CI (99.9%): [27.742, 28.634] (assumes normal distribution)


# JMH version: 1.37
# VM version: JDK 25.0.4.1, OpenJDK 64-Bit Server VM, 25.0.4.1+1-LTS
# VM invoker: /opt/jdk-25/bin/java
# VM options: --enable-native-access=ALL-UNNAMED -Xms2g -Xmx2g -Dbench.indexPath=/data/sf-index-1000000 -Dbench.numDocs=1000000 -Dbench.docSizeBytes=4096 -Dbench.readAdvice=RANDOM -Dbench.prefetchWindow=16 -Dbench.dropPageCache=false
# Blackhole mode: compiler (auto-detected, use -Djmh.blackhole.autoDetect=false to disable)
# Warmup: 2 iterations, 2 s each
# Measurement: 3 iterations, 3 s each
# Timeout: 10 min per iteration
# Threads: 1 thread, will synchronize iterations
# Benchmark mode: Throughput, ops/time
# Benchmark: org.apache.lucene.benchmark.jmh.StoredFieldsPrefetchBenchmark.retrieveNoPrefetch_T01
# Parameters: (topK = 100)

# Run progress: 41.67% complete, ETA 00:03:07
# Fork: 1 of 2
WARNING: A terminally deprecated method in sun.misc.Unsafe has been called
WARNING: sun.misc.Unsafe::objectFieldOffset has been called by org.openjdk.jmh.util.Utils (file:/opt/bench/main/jmh-core-1.37.jar)
WARNING: Please consider reporting this to the maintainers of class org.openjdk.jmh.util.Utils
WARNING: sun.misc.Unsafe::objectFieldOffset will be removed in a future release
# Warmup Iteration   1: Sep 30, 2026 12:51:30 AM org.apache.lucene.internal.vectorization.VectorizationProvider lookup
WARNING: Java vector incubator module is not readable. For optimal vector performance, pass '--add-modules jdk.incubator.vector' to enable Vector API.
2.275 ops/ms
# Warmup Iteration   2: 2.797 ops/ms
Iteration   1: 2.817 ops/ms
Iteration   2: 2.809 ops/ms
Iteration   3: 2.790 ops/ms

# Run progress: 45.83% complete, ETA 00:02:54
# Fork: 2 of 2
WARNING: A terminally deprecated method in sun.misc.Unsafe has been called
WARNING: sun.misc.Unsafe::objectFieldOffset has been called by org.openjdk.jmh.util.Utils (file:/opt/bench/main/jmh-core-1.37.jar)
WARNING: Please consider reporting this to the maintainers of class org.openjdk.jmh.util.Utils
WARNING: sun.misc.Unsafe::objectFieldOffset will be removed in a future release
# Warmup Iteration   1: Sep 30, 2026 12:51:43 AM org.apache.lucene.internal.vectorization.VectorizationProvider lookup
WARNING: Java vector incubator module is not readable. For optimal vector performance, pass '--add-modules jdk.incubator.vector' to enable Vector API.
2.229 ops/ms
# Warmup Iteration   2: 2.817 ops/ms
Iteration   1: 2.804 ops/ms
Iteration   2: 2.777 ops/ms
Iteration   3: 2.812 ops/ms


Result "org.apache.lucene.benchmark.jmh.StoredFieldsPrefetchBenchmark.retrieveNoPrefetch_T01":
  2.801 ±(99.9%) 0.042 ops/ms [Average]
  (min, avg, max) = (2.777, 2.801, 2.817), stdev = 0.015
  CI (99.9%): [2.759, 2.844] (assumes normal distribution)


# JMH version: 1.37
# VM version: JDK 25.0.4.1, OpenJDK 64-Bit Server VM, 25.0.4.1+1-LTS
# VM invoker: /opt/jdk-25/bin/java
# VM options: --enable-native-access=ALL-UNNAMED -Xms2g -Xmx2g -Dbench.indexPath=/data/sf-index-1000000 -Dbench.numDocs=1000000 -Dbench.docSizeBytes=4096 -Dbench.readAdvice=RANDOM -Dbench.prefetchWindow=16 -Dbench.dropPageCache=false
# Blackhole mode: compiler (auto-detected, use -Djmh.blackhole.autoDetect=false to disable)
# Warmup: 2 iterations, 2 s each
# Measurement: 3 iterations, 3 s each
# Timeout: 10 min per iteration
# Threads: 8 threads, will synchronize iterations
# Benchmark mode: Throughput, ops/time
# Benchmark: org.apache.lucene.benchmark.jmh.StoredFieldsPrefetchBenchmark.retrieveNoPrefetch_T08
# Parameters: (topK = 10)

# Run progress: 50.00% complete, ETA 00:02:40
# Fork: 1 of 2
WARNING: A terminally deprecated method in sun.misc.Unsafe has been called
WARNING: sun.misc.Unsafe::objectFieldOffset has been called by org.openjdk.jmh.util.Utils (file:/opt/bench/main/jmh-core-1.37.jar)
WARNING: Please consider reporting this to the maintainers of class org.openjdk.jmh.util.Utils
WARNING: sun.misc.Unsafe::objectFieldOffset will be removed in a future release
# Warmup Iteration   1: Sep 30, 2026 12:51:57 AM org.apache.lucene.internal.vectorization.VectorizationProvider lookup
WARNING: Java vector incubator module is not readable. For optimal vector performance, pass '--add-modules jdk.incubator.vector' to enable Vector API.
153.243 ops/ms
# Warmup Iteration   2: 175.317 ops/ms
Iteration   1: 175.684 ops/ms
Iteration   2: 175.550 ops/ms
Iteration   3: 175.414 ops/ms

# Run progress: 54.17% complete, ETA 00:02:28
# Fork: 2 of 2
WARNING: A terminally deprecated method in sun.misc.Unsafe has been called
WARNING: sun.misc.Unsafe::objectFieldOffset has been called by org.openjdk.jmh.util.Utils (file:/opt/bench/main/jmh-core-1.37.jar)
WARNING: Please consider reporting this to the maintainers of class org.openjdk.jmh.util.Utils
WARNING: sun.misc.Unsafe::objectFieldOffset will be removed in a future release
# Warmup Iteration   1: Sep 30, 2026 12:52:11 AM org.apache.lucene.internal.vectorization.VectorizationProvider lookup
WARNING: Java vector incubator module is not readable. For optimal vector performance, pass '--add-modules jdk.incubator.vector' to enable Vector API.
151.772 ops/ms
# Warmup Iteration   2: 175.219 ops/ms
Iteration   1: 175.283 ops/ms
Iteration   2: 175.073 ops/ms
Iteration   3: 175.051 ops/ms


Result "org.apache.lucene.benchmark.jmh.StoredFieldsPrefetchBenchmark.retrieveNoPrefetch_T08":
  175.343 ±(99.9%) 0.716 ops/ms [Average]
  (min, avg, max) = (175.051, 175.343, 175.684), stdev = 0.255
  CI (99.9%): [174.627, 176.058] (assumes normal distribution)


# JMH version: 1.37
# VM version: JDK 25.0.4.1, OpenJDK 64-Bit Server VM, 25.0.4.1+1-LTS
# VM invoker: /opt/jdk-25/bin/java
# VM options: --enable-native-access=ALL-UNNAMED -Xms2g -Xmx2g -Dbench.indexPath=/data/sf-index-1000000 -Dbench.numDocs=1000000 -Dbench.docSizeBytes=4096 -Dbench.readAdvice=RANDOM -Dbench.prefetchWindow=16 -Dbench.dropPageCache=false
# Blackhole mode: compiler (auto-detected, use -Djmh.blackhole.autoDetect=false to disable)
# Warmup: 2 iterations, 2 s each
# Measurement: 3 iterations, 3 s each
# Timeout: 10 min per iteration
# Threads: 8 threads, will synchronize iterations
# Benchmark mode: Throughput, ops/time
# Benchmark: org.apache.lucene.benchmark.jmh.StoredFieldsPrefetchBenchmark.retrieveNoPrefetch_T08
# Parameters: (topK = 100)

# Run progress: 58.33% complete, ETA 00:02:15
# Fork: 1 of 2
WARNING: A terminally deprecated method in sun.misc.Unsafe has been called
WARNING: sun.misc.Unsafe::objectFieldOffset has been called by org.openjdk.jmh.util.Utils (file:/opt/bench/main/jmh-core-1.37.jar)
WARNING: Please consider reporting this to the maintainers of class org.openjdk.jmh.util.Utils
WARNING: sun.misc.Unsafe::objectFieldOffset will be removed in a future release
# Warmup Iteration   1: Sep 30, 2026 12:52:26 AM org.apache.lucene.internal.vectorization.VectorizationProvider lookup
WARNING: Java vector incubator module is not readable. For optimal vector performance, pass '--add-modules jdk.incubator.vector' to enable Vector API.
15.262 ops/ms
# Warmup Iteration   2: 17.511 ops/ms
Iteration   1: 17.531 ops/ms
Iteration   2: 17.594 ops/ms
Iteration   3: 17.561 ops/ms

# Run progress: 62.50% complete, ETA 00:02:02
# Fork: 2 of 2
WARNING: A terminally deprecated method in sun.misc.Unsafe has been called
WARNING: sun.misc.Unsafe::objectFieldOffset has been called by org.openjdk.jmh.util.Utils (file:/opt/bench/main/jmh-core-1.37.jar)
WARNING: Please consider reporting this to the maintainers of class org.openjdk.jmh.util.Utils
WARNING: sun.misc.Unsafe::objectFieldOffset will be removed in a future release
# Warmup Iteration   1: Sep 30, 2026 12:52:40 AM org.apache.lucene.internal.vectorization.VectorizationProvider lookup
WARNING: Java vector incubator module is not readable. For optimal vector performance, pass '--add-modules jdk.incubator.vector' to enable Vector API.
15.405 ops/ms
# Warmup Iteration   2: 17.483 ops/ms
Iteration   1: 17.444 ops/ms
Iteration   2: 17.498 ops/ms
Iteration   3: 17.510 ops/ms


Result "org.apache.lucene.benchmark.jmh.StoredFieldsPrefetchBenchmark.retrieveNoPrefetch_T08":
  17.523 ±(99.9%) 0.146 ops/ms [Average]
  (min, avg, max) = (17.444, 17.523, 17.594), stdev = 0.052
  CI (99.9%): [17.377, 17.669] (assumes normal distribution)


# JMH version: 1.37
# VM version: JDK 25.0.4.1, OpenJDK 64-Bit Server VM, 25.0.4.1+1-LTS
# VM invoker: /opt/jdk-25/bin/java
# VM options: --enable-native-access=ALL-UNNAMED -Xms2g -Xmx2g -Dbench.indexPath=/data/sf-index-1000000 -Dbench.numDocs=1000000 -Dbench.docSizeBytes=4096 -Dbench.readAdvice=RANDOM -Dbench.prefetchWindow=16 -Dbench.dropPageCache=false
# Blackhole mode: compiler (auto-detected, use -Djmh.blackhole.autoDetect=false to disable)
# Warmup: 2 iterations, 2 s each
# Measurement: 3 iterations, 3 s each
# Timeout: 10 min per iteration
# Threads: 1 thread, will synchronize iterations
# Benchmark mode: Throughput, ops/time
# Benchmark: org.apache.lucene.benchmark.jmh.StoredFieldsPrefetchBenchmark.retrievePrefetchThenRead_T01
# Parameters: (topK = 10)

# Run progress: 66.67% complete, ETA 00:01:49
# Fork: 1 of 2
WARNING: A terminally deprecated method in sun.misc.Unsafe has been called
WARNING: sun.misc.Unsafe::objectFieldOffset has been called by org.openjdk.jmh.util.Utils (file:/opt/bench/main/jmh-core-1.37.jar)
WARNING: Please consider reporting this to the maintainers of class org.openjdk.jmh.util.Utils
WARNING: sun.misc.Unsafe::objectFieldOffset will be removed in a future release
# Warmup Iteration   1: Sep 30, 2026 12:52:54 AM org.apache.lucene.internal.vectorization.VectorizationProvider lookup
WARNING: Java vector incubator module is not readable. For optimal vector performance, pass '--add-modules jdk.incubator.vector' to enable Vector API.
20.813 ops/ms
# Warmup Iteration   2: 26.135 ops/ms
Iteration   1: 25.924 ops/ms
Iteration   2: 26.025 ops/ms
Iteration   3: 26.008 ops/ms

# Run progress: 70.83% complete, ETA 00:01:35
# Fork: 2 of 2
WARNING: A terminally deprecated method in sun.misc.Unsafe has been called
WARNING: sun.misc.Unsafe::objectFieldOffset has been called by org.openjdk.jmh.util.Utils (file:/opt/bench/main/jmh-core-1.37.jar)
WARNING: Please consider reporting this to the maintainers of class org.openjdk.jmh.util.Utils
WARNING: sun.misc.Unsafe::objectFieldOffset will be removed in a future release
# Warmup Iteration   1: Sep 30, 2026 12:53:08 AM org.apache.lucene.internal.vectorization.VectorizationProvider lookup
WARNING: Java vector incubator module is not readable. For optimal vector performance, pass '--add-modules jdk.incubator.vector' to enable Vector API.
20.588 ops/ms
# Warmup Iteration   2: 26.455 ops/ms
Iteration   1: 25.980 ops/ms
Iteration   2: 26.008 ops/ms
Iteration   3: 26.313 ops/ms


Result "org.apache.lucene.benchmark.jmh.StoredFieldsPrefetchBenchmark.retrievePrefetchThenRead_T01":
  26.043 ±(99.9%) 0.384 ops/ms [Average]
  (min, avg, max) = (25.924, 26.043, 26.313), stdev = 0.137
  CI (99.9%): [25.659, 26.427] (assumes normal distribution)


# JMH version: 1.37
# VM version: JDK 25.0.4.1, OpenJDK 64-Bit Server VM, 25.0.4.1+1-LTS
# VM invoker: /opt/jdk-25/bin/java
# VM options: --enable-native-access=ALL-UNNAMED -Xms2g -Xmx2g -Dbench.indexPath=/data/sf-index-1000000 -Dbench.numDocs=1000000 -Dbench.docSizeBytes=4096 -Dbench.readAdvice=RANDOM -Dbench.prefetchWindow=16 -Dbench.dropPageCache=false
# Blackhole mode: compiler (auto-detected, use -Djmh.blackhole.autoDetect=false to disable)
# Warmup: 2 iterations, 2 s each
# Measurement: 3 iterations, 3 s each
# Timeout: 10 min per iteration
# Threads: 1 thread, will synchronize iterations
# Benchmark mode: Throughput, ops/time
# Benchmark: org.apache.lucene.benchmark.jmh.StoredFieldsPrefetchBenchmark.retrievePrefetchThenRead_T01
# Parameters: (topK = 100)

# Run progress: 75.00% complete, ETA 00:01:21
# Fork: 1 of 2
WARNING: A terminally deprecated method in sun.misc.Unsafe has been called
WARNING: sun.misc.Unsafe::objectFieldOffset has been called by org.openjdk.jmh.util.Utils (file:/opt/bench/main/jmh-core-1.37.jar)
WARNING: Please consider reporting this to the maintainers of class org.openjdk.jmh.util.Utils
WARNING: sun.misc.Unsafe::objectFieldOffset will be removed in a future release
# Warmup Iteration   1: Sep 30, 2026 12:53:21 AM org.apache.lucene.internal.vectorization.VectorizationProvider lookup
WARNING: Java vector incubator module is not readable. For optimal vector performance, pass '--add-modules jdk.incubator.vector' to enable Vector API.
2.128 ops/ms
# Warmup Iteration   2: 2.619 ops/ms
Iteration   1: 2.622 ops/ms
Iteration   2: 2.644 ops/ms
Iteration   3: 2.631 ops/ms

# Run progress: 79.17% complete, ETA 00:01:08
# Fork: 2 of 2
WARNING: A terminally deprecated method in sun.misc.Unsafe has been called
WARNING: sun.misc.Unsafe::objectFieldOffset has been called by org.openjdk.jmh.util.Utils (file:/opt/bench/main/jmh-core-1.37.jar)
WARNING: Please consider reporting this to the maintainers of class org.openjdk.jmh.util.Utils
WARNING: sun.misc.Unsafe::objectFieldOffset will be removed in a future release
# Warmup Iteration   1: Sep 30, 2026 12:53:35 AM org.apache.lucene.internal.vectorization.VectorizationProvider lookup
WARNING: Java vector incubator module is not readable. For optimal vector performance, pass '--add-modules jdk.incubator.vector' to enable Vector API.
2.080 ops/ms
# Warmup Iteration   2: 2.602 ops/ms
Iteration   1: 2.614 ops/ms
Iteration   2: 2.605 ops/ms
Iteration   3: 2.602 ops/ms


Result "org.apache.lucene.benchmark.jmh.StoredFieldsPrefetchBenchmark.retrievePrefetchThenRead_T01":
  2.620 ±(99.9%) 0.045 ops/ms [Average]
  (min, avg, max) = (2.602, 2.620, 2.644), stdev = 0.016
  CI (99.9%): [2.575, 2.665] (assumes normal distribution)


# JMH version: 1.37
# VM version: JDK 25.0.4.1, OpenJDK 64-Bit Server VM, 25.0.4.1+1-LTS
# VM invoker: /opt/jdk-25/bin/java
# VM options: --enable-native-access=ALL-UNNAMED -Xms2g -Xmx2g -Dbench.indexPath=/data/sf-index-1000000 -Dbench.numDocs=1000000 -Dbench.docSizeBytes=4096 -Dbench.readAdvice=RANDOM -Dbench.prefetchWindow=16 -Dbench.dropPageCache=false
# Blackhole mode: compiler (auto-detected, use -Djmh.blackhole.autoDetect=false to disable)
# Warmup: 2 iterations, 2 s each
# Measurement: 3 iterations, 3 s each
# Timeout: 10 min per iteration
# Threads: 8 threads, will synchronize iterations
# Benchmark mode: Throughput, ops/time
# Benchmark: org.apache.lucene.benchmark.jmh.StoredFieldsPrefetchBenchmark.retrievePrefetchThenRead_T08
# Parameters: (topK = 10)

# Run progress: 83.33% complete, ETA 00:00:54
# Fork: 1 of 2
WARNING: A terminally deprecated method in sun.misc.Unsafe has been called
WARNING: sun.misc.Unsafe::objectFieldOffset has been called by org.openjdk.jmh.util.Utils (file:/opt/bench/main/jmh-core-1.37.jar)
WARNING: Please consider reporting this to the maintainers of class org.openjdk.jmh.util.Utils
WARNING: sun.misc.Unsafe::objectFieldOffset will be removed in a future release
# Warmup Iteration   1: Sep 30, 2026 12:53:48 AM org.apache.lucene.internal.vectorization.VectorizationProvider lookup
WARNING: Java vector incubator module is not readable. For optimal vector performance, pass '--add-modules jdk.incubator.vector' to enable Vector API.
144.960 ops/ms
# Warmup Iteration   2: 165.818 ops/ms
Iteration   1: 166.508 ops/ms
Iteration   2: 167.495 ops/ms
Iteration   3: 165.731 ops/ms

# Run progress: 87.50% complete, ETA 00:00:40
# Fork: 2 of 2
WARNING: A terminally deprecated method in sun.misc.Unsafe has been called
WARNING: sun.misc.Unsafe::objectFieldOffset has been called by org.openjdk.jmh.util.Utils (file:/opt/bench/main/jmh-core-1.37.jar)
WARNING: Please consider reporting this to the maintainers of class org.openjdk.jmh.util.Utils
WARNING: sun.misc.Unsafe::objectFieldOffset will be removed in a future release
# Warmup Iteration   1: Sep 30, 2026 12:54:03 AM org.apache.lucene.internal.vectorization.VectorizationProvider lookup
WARNING: Java vector incubator module is not readable. For optimal vector performance, pass '--add-modules jdk.incubator.vector' to enable Vector API.
145.224 ops/ms
# Warmup Iteration   2: 168.098 ops/ms
Iteration   1: 167.998 ops/ms
Iteration   2: 168.305 ops/ms
Iteration   3: 168.844 ops/ms


Result "org.apache.lucene.benchmark.jmh.StoredFieldsPrefetchBenchmark.retrievePrefetchThenRead_T08":
  167.480 ±(99.9%) 3.274 ops/ms [Average]
  (min, avg, max) = (165.731, 167.480, 168.844), stdev = 1.167
  CI (99.9%): [164.207, 170.754] (assumes normal distribution)


# JMH version: 1.37
# VM version: JDK 25.0.4.1, OpenJDK 64-Bit Server VM, 25.0.4.1+1-LTS
# VM invoker: /opt/jdk-25/bin/java
# VM options: --enable-native-access=ALL-UNNAMED -Xms2g -Xmx2g -Dbench.indexPath=/data/sf-index-1000000 -Dbench.numDocs=1000000 -Dbench.docSizeBytes=4096 -Dbench.readAdvice=RANDOM -Dbench.prefetchWindow=16 -Dbench.dropPageCache=false
# Blackhole mode: compiler (auto-detected, use -Djmh.blackhole.autoDetect=false to disable)
# Warmup: 2 iterations, 2 s each
# Measurement: 3 iterations, 3 s each
# Timeout: 10 min per iteration
# Threads: 8 threads, will synchronize iterations
# Benchmark mode: Throughput, ops/time
# Benchmark: org.apache.lucene.benchmark.jmh.StoredFieldsPrefetchBenchmark.retrievePrefetchThenRead_T08
# Parameters: (topK = 100)

# Run progress: 91.67% complete, ETA 00:00:27
# Fork: 1 of 2
WARNING: A terminally deprecated method in sun.misc.Unsafe has been called
WARNING: sun.misc.Unsafe::objectFieldOffset has been called by org.openjdk.jmh.util.Utils (file:/opt/bench/main/jmh-core-1.37.jar)
WARNING: Please consider reporting this to the maintainers of class org.openjdk.jmh.util.Utils
WARNING: sun.misc.Unsafe::objectFieldOffset will be removed in a future release
# Warmup Iteration   1: Sep 30, 2026 12:54:17 AM org.apache.lucene.internal.vectorization.VectorizationProvider lookup
WARNING: Java vector incubator module is not readable. For optimal vector performance, pass '--add-modules jdk.incubator.vector' to enable Vector API.
14.601 ops/ms
# Warmup Iteration   2: 16.843 ops/ms
Iteration   1: 16.815 ops/ms
Iteration   2: 16.905 ops/ms
Iteration   3: 16.882 ops/ms

# Run progress: 95.83% complete, ETA 00:00:13
# Fork: 2 of 2
WARNING: A terminally deprecated method in sun.misc.Unsafe has been called
WARNING: sun.misc.Unsafe::objectFieldOffset has been called by org.openjdk.jmh.util.Utils (file:/opt/bench/main/jmh-core-1.37.jar)
WARNING: Please consider reporting this to the maintainers of class org.openjdk.jmh.util.Utils
WARNING: sun.misc.Unsafe::objectFieldOffset will be removed in a future release
# Warmup Iteration   1: Sep 30, 2026 12:54:31 AM org.apache.lucene.internal.vectorization.VectorizationProvider lookup
WARNING: Java vector incubator module is not readable. For optimal vector performance, pass '--add-modules jdk.incubator.vector' to enable Vector API.
14.765 ops/ms
# Warmup Iteration   2: 16.738 ops/ms
Iteration   1: 16.716 ops/ms
Iteration   2: 16.735 ops/ms
Iteration   3: 16.717 ops/ms


Result "org.apache.lucene.benchmark.jmh.StoredFieldsPrefetchBenchmark.retrievePrefetchThenRead_T08":
  16.795 ±(99.9%) 0.238 ops/ms [Average]
  (min, avg, max) = (16.716, 16.795, 16.905), stdev = 0.085
  CI (99.9%): [16.557, 17.033] (assumes normal distribution)


# Run complete. Total time: 00:05:29

REMEMBER: The numbers below are just data. To gain reusable insights, you need to follow up on
why the numbers are the way they are. Use profilers (see -prof, -lprof), design factorial
experiments, perform baseline and negative tests that provide experimental control, make sure
the benchmarking environment is safe on JVM/OS/HW level, ask for reviews from the domain experts.
Do not assume the numbers tell you what you want them to tell.

NOTE: Current JVM experimentally supports Compiler Blackholes, and they are in use. Please exercise
extra caution when trusting the results, look into the generated code to check the benchmark still
works, and factor in a small probability of new VM bugs. Additionally, while comparisons between
different JVMs are already problematic, the performance difference caused by different Blackhole
modes can be very significant. Please make sure you use the consistent Blackhole mode for comparisons.

Benchmark                                                   (topK)   Mode  Cnt     Score    Error   Units
StoredFieldsPrefetchBenchmark.prefetchOnly_T01                  10  thrpt    6   399.687 ±  1.255  ops/ms
StoredFieldsPrefetchBenchmark.prefetchOnly_T01                 100  thrpt    6    42.519 ±  0.104  ops/ms
StoredFieldsPrefetchBenchmark.prefetchOnly_T08                  10  thrpt    6  2066.232 ± 86.143  ops/ms
StoredFieldsPrefetchBenchmark.prefetchOnly_T08                 100  thrpt    6   221.167 ± 15.411  ops/ms
StoredFieldsPrefetchBenchmark.retrieveNoPrefetch_T01            10  thrpt    6    28.188 ±  0.446  ops/ms
StoredFieldsPrefetchBenchmark.retrieveNoPrefetch_T01           100  thrpt    6     2.801 ±  0.042  ops/ms
StoredFieldsPrefetchBenchmark.retrieveNoPrefetch_T08            10  thrpt    6   175.343 ±  0.716  ops/ms
StoredFieldsPrefetchBenchmark.retrieveNoPrefetch_T08           100  thrpt    6    17.523 ±  0.146  ops/ms
StoredFieldsPrefetchBenchmark.retrievePrefetchThenRead_T01      10  thrpt    6    26.043 ±  0.384  ops/ms
StoredFieldsPrefetchBenchmark.retrievePrefetchThenRead_T01     100  thrpt    6     2.620 ±  0.045  ops/ms
StoredFieldsPrefetchBenchmark.retrievePrefetchThenRead_T08      10  thrpt    6   167.480 ±  3.274  ops/ms
StoredFieldsPrefetchBenchmark.retrievePrefetchThenRead_T08     100  thrpt    6    16.795 ±  0.238  ops/ms

Benchmark result is saved to /opt/bench/results-hot2/main-hot-storedfields.json
== done main / hot  2026-09-30T00:54:46Z
== branch / hot  ram=31G file=1024MB sfDocs=1000000 drop=false  2026-09-30T00:54:46Z
   jar=/opt/bench/branch/lucene-benchmark-jmh-11.0.0-SNAPSHOT.jar
openjdk version "25.0.4.1" 2026-08-18 LTS
   priming: drop caches, sequential read of /data/pread-bench-1024mb.dat
WARNING: A terminally deprecated method in sun.misc.Unsafe has been called
WARNING: sun.misc.Unsafe::objectFieldOffset has been called by org.openjdk.jmh.util.Utils (file:/opt/bench/branch/jmh-core-1.37.jar)
WARNING: Please consider reporting this to the maintainers of class org.openjdk.jmh.util.Utils
WARNING: sun.misc.Unsafe::objectFieldOffset will be removed in a future release
# JMH version: 1.37
# VM version: JDK 25.0.4.1, OpenJDK 64-Bit Server VM, 25.0.4.1+1-LTS
# VM invoker: /opt/jdk-25/bin/java
# VM options: --enable-native-access=ALL-UNNAMED -Xms2g -Xmx2g -Dbench.file=/data/pread-bench-1024mb.dat -Dbench.fileSizeMB=1024 -Dbench.dropPageCache=false
# Blackhole mode: compiler (auto-detected, use -Djmh.blackhole.autoDetect=false to disable)
# Warmup: 2 iterations, 3 s each
# Measurement: 3 iterations, 5 s each
# Timeout: 10 min per iteration
# Threads: 1 thread, will synchronize iterations
# Benchmark mode: Throughput, ops/time
# Benchmark: org.apache.lucene.benchmark.jmh.RandomReadIOBenchmark.mmapBatchedPrefetch_T01
# Parameters: (readSize = 16384, readsPerOp = 16)

# Run progress: 0.00% complete, ETA 00:11:12
# Fork: 1 of 2
WARNING: A terminally deprecated method in sun.misc.Unsafe has been called
WARNING: sun.misc.Unsafe::objectFieldOffset has been called by org.openjdk.jmh.util.Utils (file:/opt/bench/branch/jmh-core-1.37.jar)
WARNING: Please consider reporting this to the maintainers of class org.openjdk.jmh.util.Utils
WARNING: sun.misc.Unsafe::objectFieldOffset will be removed in a future release
# Warmup Iteration   1: 42.710 ops/ms
# Warmup Iteration   2: 44.373 ops/ms
Iteration   1: 45.217 ops/ms
Iteration   2: 44.867 ops/ms
Iteration   3: 44.947 ops/ms

# Run progress: 3.13% complete, ETA 00:11:04
# Fork: 2 of 2
WARNING: A terminally deprecated method in sun.misc.Unsafe has been called
WARNING: sun.misc.Unsafe::objectFieldOffset has been called by org.openjdk.jmh.util.Utils (file:/opt/bench/branch/jmh-core-1.37.jar)
WARNING: Please consider reporting this to the maintainers of class org.openjdk.jmh.util.Utils
WARNING: sun.misc.Unsafe::objectFieldOffset will be removed in a future release
# Warmup Iteration   1: 43.395 ops/ms
# Warmup Iteration   2: 44.615 ops/ms
Iteration   1: 44.107 ops/ms
Iteration   2: 44.620 ops/ms
Iteration   3: 45.085 ops/ms


Result "org.apache.lucene.benchmark.jmh.RandomReadIOBenchmark.mmapBatchedPrefetch_T01":
  44.807 ±(99.9%) 1.117 ops/ms [Average]
  (min, avg, max) = (44.107, 44.807, 45.217), stdev = 0.398
  CI (99.9%): [43.690, 45.925] (assumes normal distribution)


# JMH version: 1.37
# VM version: JDK 25.0.4.1, OpenJDK 64-Bit Server VM, 25.0.4.1+1-LTS
# VM invoker: /opt/jdk-25/bin/java
# VM options: --enable-native-access=ALL-UNNAMED -Xms2g -Xmx2g -Dbench.file=/data/pread-bench-1024mb.dat -Dbench.fileSizeMB=1024 -Dbench.dropPageCache=false
# Blackhole mode: compiler (auto-detected, use -Djmh.blackhole.autoDetect=false to disable)
# Warmup: 2 iterations, 3 s each
# Measurement: 3 iterations, 5 s each
# Timeout: 10 min per iteration
# Threads: 4 threads, will synchronize iterations
# Benchmark mode: Throughput, ops/time
# Benchmark: org.apache.lucene.benchmark.jmh.RandomReadIOBenchmark.mmapBatchedPrefetch_T04
# Parameters: (readSize = 16384, readsPerOp = 16)

# Run progress: 6.25% complete, ETA 00:10:41
# Fork: 1 of 2
WARNING: A terminally deprecated method in sun.misc.Unsafe has been called
WARNING: sun.misc.Unsafe::objectFieldOffset has been called by org.openjdk.jmh.util.Utils (file:/opt/bench/branch/jmh-core-1.37.jar)
WARNING: Please consider reporting this to the maintainers of class org.openjdk.jmh.util.Utils
WARNING: sun.misc.Unsafe::objectFieldOffset will be removed in a future release
# Warmup Iteration   1: 177.365 ops/ms
# Warmup Iteration   2: 179.288 ops/ms
Iteration   1: 179.389 ops/ms
Iteration   2: 179.100 ops/ms
Iteration   3: 178.953 ops/ms

# Run progress: 9.38% complete, ETA 00:10:29
# Fork: 2 of 2
WARNING: A terminally deprecated method in sun.misc.Unsafe has been called
WARNING: sun.misc.Unsafe::objectFieldOffset has been called by org.openjdk.jmh.util.Utils (file:/opt/bench/branch/jmh-core-1.37.jar)
WARNING: Please consider reporting this to the maintainers of class org.openjdk.jmh.util.Utils
WARNING: sun.misc.Unsafe::objectFieldOffset will be removed in a future release
# Warmup Iteration   1: 177.250 ops/ms
# Warmup Iteration   2: 179.950 ops/ms
Iteration   1: 180.118 ops/ms
Iteration   2: 180.487 ops/ms
Iteration   3: 179.996 ops/ms


Result "org.apache.lucene.benchmark.jmh.RandomReadIOBenchmark.mmapBatchedPrefetch_T04":
  179.674 ±(99.9%) 1.725 ops/ms [Average]
  (min, avg, max) = (178.953, 179.674, 180.487), stdev = 0.615
  CI (99.9%): [177.949, 181.400] (assumes normal distribution)


# JMH version: 1.37
# VM version: JDK 25.0.4.1, OpenJDK 64-Bit Server VM, 25.0.4.1+1-LTS
# VM invoker: /opt/jdk-25/bin/java
# VM options: --enable-native-access=ALL-UNNAMED -Xms2g -Xmx2g -Dbench.file=/data/pread-bench-1024mb.dat -Dbench.fileSizeMB=1024 -Dbench.dropPageCache=false
# Blackhole mode: compiler (auto-detected, use -Djmh.blackhole.autoDetect=false to disable)
# Warmup: 2 iterations, 3 s each
# Measurement: 3 iterations, 5 s each
# Timeout: 10 min per iteration
# Threads: 8 threads, will synchronize iterations
# Benchmark mode: Throughput, ops/time
# Benchmark: org.apache.lucene.benchmark.jmh.RandomReadIOBenchmark.mmapBatchedPrefetch_T08
# Parameters: (readSize = 16384, readsPerOp = 16)

# Run progress: 12.50% complete, ETA 00:10:11
# Fork: 1 of 2
WARNING: A terminally deprecated method in sun.misc.Unsafe has been called
WARNING: sun.misc.Unsafe::objectFieldOffset has been called by org.openjdk.jmh.util.Utils (file:/opt/bench/branch/jmh-core-1.37.jar)
WARNING: Please consider reporting this to the maintainers of class org.openjdk.jmh.util.Utils
WARNING: sun.misc.Unsafe::objectFieldOffset will be removed in a future release
# Warmup Iteration   1: 329.943 ops/ms
# Warmup Iteration   2: 332.769 ops/ms
Iteration   1: 333.230 ops/ms
Iteration   2: 333.539 ops/ms
Iteration   3: 334.246 ops/ms

# Run progress: 15.63% complete, ETA 00:09:52
# Fork: 2 of 2
WARNING: A terminally deprecated method in sun.misc.Unsafe has been called
WARNING: sun.misc.Unsafe::objectFieldOffset has been called by org.openjdk.jmh.util.Utils (file:/opt/bench/branch/jmh-core-1.37.jar)
WARNING: Please consider reporting this to the maintainers of class org.openjdk.jmh.util.Utils
WARNING: sun.misc.Unsafe::objectFieldOffset will be removed in a future release
# Warmup Iteration   1: 329.564 ops/ms
# Warmup Iteration   2: 332.079 ops/ms
Iteration   1: 333.243 ops/ms
Iteration   2: 332.944 ops/ms
Iteration   3: 332.211 ops/ms


Result "org.apache.lucene.benchmark.jmh.RandomReadIOBenchmark.mmapBatchedPrefetch_T08":
  333.235 ±(99.9%) 1.880 ops/ms [Average]
  (min, avg, max) = (332.211, 333.235, 334.246), stdev = 0.670
  CI (99.9%): [331.355, 335.115] (assumes normal distribution)


# JMH version: 1.37
# VM version: JDK 25.0.4.1, OpenJDK 64-Bit Server VM, 25.0.4.1+1-LTS
# VM invoker: /opt/jdk-25/bin/java
# VM options: --enable-native-access=ALL-UNNAMED -Xms2g -Xmx2g -Dbench.file=/data/pread-bench-1024mb.dat -Dbench.fileSizeMB=1024 -Dbench.dropPageCache=false
# Blackhole mode: compiler (auto-detected, use -Djmh.blackhole.autoDetect=false to disable)
# Warmup: 2 iterations, 3 s each
# Measurement: 3 iterations, 5 s each
# Timeout: 10 min per iteration
# Threads: 16 threads, will synchronize iterations
# Benchmark mode: Throughput, ops/time
# Benchmark: org.apache.lucene.benchmark.jmh.RandomReadIOBenchmark.mmapBatchedPrefetch_T16
# Parameters: (readSize = 16384, readsPerOp = 16)

# Run progress: 18.75% complete, ETA 00:09:32
# Fork: 1 of 2
WARNING: A terminally deprecated method in sun.misc.Unsafe has been called
WARNING: sun.misc.Unsafe::objectFieldOffset has been called by org.openjdk.jmh.util.Utils (file:/opt/bench/branch/jmh-core-1.37.jar)
WARNING: Please consider reporting this to the maintainers of class org.openjdk.jmh.util.Utils
WARNING: sun.misc.Unsafe::objectFieldOffset will be removed in a future release
# Warmup Iteration   1: 344.920 ops/ms
# Warmup Iteration   2: 347.437 ops/ms
Iteration   1: 347.068 ops/ms
Iteration   2: 349.247 ops/ms
Iteration   3: 349.526 ops/ms

# Run progress: 21.88% complete, ETA 00:09:11
# Fork: 2 of 2
WARNING: A terminally deprecated method in sun.misc.Unsafe has been called
WARNING: sun.misc.Unsafe::objectFieldOffset has been called by org.openjdk.jmh.util.Utils (file:/opt/bench/branch/jmh-core-1.37.jar)
WARNING: Please consider reporting this to the maintainers of class org.openjdk.jmh.util.Utils
WARNING: sun.misc.Unsafe::objectFieldOffset will be removed in a future release
# Warmup Iteration   1: 344.955 ops/ms
# Warmup Iteration   2: 346.606 ops/ms
Iteration   1: 346.283 ops/ms
Iteration   2: 349.799 ops/ms
Iteration   3: 345.658 ops/ms


Result "org.apache.lucene.benchmark.jmh.RandomReadIOBenchmark.mmapBatchedPrefetch_T16":
  347.930 ±(99.9%) 5.077 ops/ms [Average]
  (min, avg, max) = (345.658, 347.930, 349.799), stdev = 1.811
  CI (99.9%): [342.853, 353.007] (assumes normal distribution)


# JMH version: 1.37
# VM version: JDK 25.0.4.1, OpenJDK 64-Bit Server VM, 25.0.4.1+1-LTS
# VM invoker: /opt/jdk-25/bin/java
# VM options: --enable-native-access=ALL-UNNAMED -Xms2g -Xmx2g -Dbench.file=/data/pread-bench-1024mb.dat -Dbench.fileSizeMB=1024 -Dbench.dropPageCache=false
# Blackhole mode: compiler (auto-detected, use -Djmh.blackhole.autoDetect=false to disable)
# Warmup: 2 iterations, 3 s each
# Measurement: 3 iterations, 5 s each
# Timeout: 10 min per iteration
# Threads: 1 thread, will synchronize iterations
# Benchmark mode: Throughput, ops/time
# Benchmark: org.apache.lucene.benchmark.jmh.RandomReadIOBenchmark.mmapRandomBatchedPrefetch_T01
# Parameters: (readSize = 16384, readsPerOp = 16)

# Run progress: 25.00% complete, ETA 00:08:50
# Fork: 1 of 2
WARNING: A terminally deprecated method in sun.misc.Unsafe has been called
WARNING: sun.misc.Unsafe::objectFieldOffset has been called by org.openjdk.jmh.util.Utils (file:/opt/bench/branch/jmh-core-1.37.jar)
WARNING: Please consider reporting this to the maintainers of class org.openjdk.jmh.util.Utils
WARNING: sun.misc.Unsafe::objectFieldOffset will be removed in a future release
# Warmup Iteration   1: 43.848 ops/ms
# Warmup Iteration   2: 44.523 ops/ms
Iteration   1: 44.828 ops/ms
Iteration   2: 44.406 ops/ms
Iteration   3: 44.413 ops/ms

# Run progress: 28.13% complete, ETA 00:08:26
# Fork: 2 of 2
WARNING: A terminally deprecated method in sun.misc.Unsafe has been called
WARNING: sun.misc.Unsafe::objectFieldOffset has been called by org.openjdk.jmh.util.Utils (file:/opt/bench/branch/jmh-core-1.37.jar)
WARNING: Please consider reporting this to the maintainers of class org.openjdk.jmh.util.Utils
WARNING: sun.misc.Unsafe::objectFieldOffset will be removed in a future release
# Warmup Iteration   1: 43.286 ops/ms
# Warmup Iteration   2: 44.584 ops/ms
Iteration   1: 44.462 ops/ms
Iteration   2: 44.146 ops/ms
Iteration   3: 44.536 ops/ms


Result "org.apache.lucene.benchmark.jmh.RandomReadIOBenchmark.mmapRandomBatchedPrefetch_T01":
  44.465 ±(99.9%) 0.620 ops/ms [Average]
  (min, avg, max) = (44.146, 44.465, 44.828), stdev = 0.221
  CI (99.9%): [43.846, 45.085] (assumes normal distribution)


# JMH version: 1.37
# VM version: JDK 25.0.4.1, OpenJDK 64-Bit Server VM, 25.0.4.1+1-LTS
# VM invoker: /opt/jdk-25/bin/java
# VM options: --enable-native-access=ALL-UNNAMED -Xms2g -Xmx2g -Dbench.file=/data/pread-bench-1024mb.dat -Dbench.fileSizeMB=1024 -Dbench.dropPageCache=false
# Blackhole mode: compiler (auto-detected, use -Djmh.blackhole.autoDetect=false to disable)
# Warmup: 2 iterations, 3 s each
# Measurement: 3 iterations, 5 s each
# Timeout: 10 min per iteration
# Threads: 4 threads, will synchronize iterations
# Benchmark mode: Throughput, ops/time
# Benchmark: org.apache.lucene.benchmark.jmh.RandomReadIOBenchmark.mmapRandomBatchedPrefetch_T04
# Parameters: (readSize = 16384, readsPerOp = 16)

# Run progress: 31.25% complete, ETA 00:08:02
# Fork: 1 of 2
WARNING: A terminally deprecated method in sun.misc.Unsafe has been called
WARNING: sun.misc.Unsafe::objectFieldOffset has been called by org.openjdk.jmh.util.Utils (file:/opt/bench/branch/jmh-core-1.37.jar)
WARNING: Please consider reporting this to the maintainers of class org.openjdk.jmh.util.Utils
WARNING: sun.misc.Unsafe::objectFieldOffset will be removed in a future release
# Warmup Iteration   1: 177.272 ops/ms
# Warmup Iteration   2: 179.101 ops/ms
Iteration   1: 179.817 ops/ms
Iteration   2: 178.612 ops/ms
Iteration   3: 179.806 ops/ms

# Run progress: 34.38% complete, ETA 00:07:41
# Fork: 2 of 2
WARNING: A terminally deprecated method in sun.misc.Unsafe has been called
WARNING: sun.misc.Unsafe::objectFieldOffset has been called by org.openjdk.jmh.util.Utils (file:/opt/bench/branch/jmh-core-1.37.jar)
WARNING: Please consider reporting this to the maintainers of class org.openjdk.jmh.util.Utils
WARNING: sun.misc.Unsafe::objectFieldOffset will be removed in a future release
# Warmup Iteration   1: 175.758 ops/ms
# Warmup Iteration   2: 177.620 ops/ms
Iteration   1: 180.803 ops/ms
Iteration   2: 178.635 ops/ms
Iteration   3: 177.859 ops/ms


Result "org.apache.lucene.benchmark.jmh.RandomReadIOBenchmark.mmapRandomBatchedPrefetch_T04":
  179.255 ±(99.9%) 3.010 ops/ms [Average]
  (min, avg, max) = (177.859, 179.255, 180.803), stdev = 1.074
  CI (99.9%): [176.245, 182.266] (assumes normal distribution)


# JMH version: 1.37
# VM version: JDK 25.0.4.1, OpenJDK 64-Bit Server VM, 25.0.4.1+1-LTS
# VM invoker: /opt/jdk-25/bin/java
# VM options: --enable-native-access=ALL-UNNAMED -Xms2g -Xmx2g -Dbench.file=/data/pread-bench-1024mb.dat -Dbench.fileSizeMB=1024 -Dbench.dropPageCache=false
# Blackhole mode: compiler (auto-detected, use -Djmh.blackhole.autoDetect=false to disable)
# Warmup: 2 iterations, 3 s each
# Measurement: 3 iterations, 5 s each
# Timeout: 10 min per iteration
# Threads: 8 threads, will synchronize iterations
# Benchmark mode: Throughput, ops/time
# Benchmark: org.apache.lucene.benchmark.jmh.RandomReadIOBenchmark.mmapRandomBatchedPrefetch_T08
# Parameters: (readSize = 16384, readsPerOp = 16)

# Run progress: 37.50% complete, ETA 00:07:20
# Fork: 1 of 2
WARNING: A terminally deprecated method in sun.misc.Unsafe has been called
WARNING: sun.misc.Unsafe::objectFieldOffset has been called by org.openjdk.jmh.util.Utils (file:/opt/bench/branch/jmh-core-1.37.jar)
WARNING: Please consider reporting this to the maintainers of class org.openjdk.jmh.util.Utils
WARNING: sun.misc.Unsafe::objectFieldOffset will be removed in a future release
# Warmup Iteration   1: 328.983 ops/ms
# Warmup Iteration   2: 332.295 ops/ms
Iteration   1: 333.123 ops/ms
Iteration   2: 332.307 ops/ms
Iteration   3: 331.204 ops/ms

# Run progress: 40.63% complete, ETA 00:06:58
# Fork: 2 of 2
WARNING: A terminally deprecated method in sun.misc.Unsafe has been called
WARNING: sun.misc.Unsafe::objectFieldOffset has been called by org.openjdk.jmh.util.Utils (file:/opt/bench/branch/jmh-core-1.37.jar)
WARNING: Please consider reporting this to the maintainers of class org.openjdk.jmh.util.Utils
WARNING: sun.misc.Unsafe::objectFieldOffset will be removed in a future release
# Warmup Iteration   1: 329.783 ops/ms
# Warmup Iteration   2: 330.168 ops/ms
Iteration   1: 329.932 ops/ms
Iteration   2: 331.872 ops/ms
Iteration   3: 332.031 ops/ms


Result "org.apache.lucene.benchmark.jmh.RandomReadIOBenchmark.mmapRandomBatchedPrefetch_T08":
  331.745 ±(99.9%) 3.044 ops/ms [Average]
  (min, avg, max) = (329.932, 331.745, 333.123), stdev = 1.085
  CI (99.9%): [328.701, 334.789] (assumes normal distribution)


# JMH version: 1.37
# VM version: JDK 25.0.4.1, OpenJDK 64-Bit Server VM, 25.0.4.1+1-LTS
# VM invoker: /opt/jdk-25/bin/java
# VM options: --enable-native-access=ALL-UNNAMED -Xms2g -Xmx2g -Dbench.file=/data/pread-bench-1024mb.dat -Dbench.fileSizeMB=1024 -Dbench.dropPageCache=false
# Blackhole mode: compiler (auto-detected, use -Djmh.blackhole.autoDetect=false to disable)
# Warmup: 2 iterations, 3 s each
# Measurement: 3 iterations, 5 s each
# Timeout: 10 min per iteration
# Threads: 16 threads, will synchronize iterations
# Benchmark mode: Throughput, ops/time
# Benchmark: org.apache.lucene.benchmark.jmh.RandomReadIOBenchmark.mmapRandomBatchedPrefetch_T16
# Parameters: (readSize = 16384, readsPerOp = 16)

# Run progress: 43.75% complete, ETA 00:06:36
# Fork: 1 of 2
WARNING: A terminally deprecated method in sun.misc.Unsafe has been called
WARNING: sun.misc.Unsafe::objectFieldOffset has been called by org.openjdk.jmh.util.Utils (file:/opt/bench/branch/jmh-core-1.37.jar)
WARNING: Please consider reporting this to the maintainers of class org.openjdk.jmh.util.Utils
WARNING: sun.misc.Unsafe::objectFieldOffset will be removed in a future release
# Warmup Iteration   1: 344.032 ops/ms
# Warmup Iteration   2: 346.928 ops/ms
Iteration   1: 345.415 ops/ms
Iteration   2: 345.237 ops/ms
Iteration   3: 345.922 ops/ms

# Run progress: 46.88% complete, ETA 00:06:15
# Fork: 2 of 2
WARNING: A terminally deprecated method in sun.misc.Unsafe has been called
WARNING: sun.misc.Unsafe::objectFieldOffset has been called by org.openjdk.jmh.util.Utils (file:/opt/bench/branch/jmh-core-1.37.jar)
WARNING: Please consider reporting this to the maintainers of class org.openjdk.jmh.util.Utils
WARNING: sun.misc.Unsafe::objectFieldOffset will be removed in a future release
# Warmup Iteration   1: 343.697 ops/ms
# Warmup Iteration   2: 346.193 ops/ms
Iteration   1: 346.640 ops/ms
Iteration   2: 345.764 ops/ms
Iteration   3: 346.350 ops/ms


Result "org.apache.lucene.benchmark.jmh.RandomReadIOBenchmark.mmapRandomBatchedPrefetch_T16":
  345.888 ±(99.9%) 1.507 ops/ms [Average]
  (min, avg, max) = (345.237, 345.888, 346.640), stdev = 0.537
  CI (99.9%): [344.381, 347.395] (assumes normal distribution)


# JMH version: 1.37
# VM version: JDK 25.0.4.1, OpenJDK 64-Bit Server VM, 25.0.4.1+1-LTS
# VM invoker: /opt/jdk-25/bin/java
# VM options: --enable-native-access=ALL-UNNAMED -Xms2g -Xmx2g -Dbench.file=/data/pread-bench-1024mb.dat -Dbench.fileSizeMB=1024 -Dbench.dropPageCache=false
# Blackhole mode: compiler (auto-detected, use -Djmh.blackhole.autoDetect=false to disable)
# Warmup: 2 iterations, 3 s each
# Measurement: 3 iterations, 5 s each
# Timeout: 10 min per iteration
# Threads: 1 thread, will synchronize iterations
# Benchmark mode: Throughput, ops/time
# Benchmark: org.apache.lucene.benchmark.jmh.RandomReadIOBenchmark.mmapRandom_T01
# Parameters: (readSize = 16384, readsPerOp = 16)

# Run progress: 50.00% complete, ETA 00:05:53
# Fork: 1 of 2
WARNING: A terminally deprecated method in sun.misc.Unsafe has been called
WARNING: sun.misc.Unsafe::objectFieldOffset has been called by org.openjdk.jmh.util.Utils (file:/opt/bench/branch/jmh-core-1.37.jar)
WARNING: Please consider reporting this to the maintainers of class org.openjdk.jmh.util.Utils
WARNING: sun.misc.Unsafe::objectFieldOffset will be removed in a future release
# Warmup Iteration   1: 45.127 ops/ms
# Warmup Iteration   2: 45.611 ops/ms
Iteration   1: 45.475 ops/ms
Iteration   2: 45.439 ops/ms
Iteration   3: 45.157 ops/ms

# Run progress: 53.13% complete, ETA 00:05:30
# Fork: 2 of 2
WARNING: A terminally deprecated method in sun.misc.Unsafe has been called
WARNING: sun.misc.Unsafe::objectFieldOffset has been called by org.openjdk.jmh.util.Utils (file:/opt/bench/branch/jmh-core-1.37.jar)
WARNING: Please consider reporting this to the maintainers of class org.openjdk.jmh.util.Utils
WARNING: sun.misc.Unsafe::objectFieldOffset will be removed in a future release
# Warmup Iteration   1: 45.226 ops/ms
# Warmup Iteration   2: 44.525 ops/ms
Iteration   1: 45.180 ops/ms
Iteration   2: 46.076 ops/ms
Iteration   3: 46.062 ops/ms


Result "org.apache.lucene.benchmark.jmh.RandomReadIOBenchmark.mmapRandom_T01":
  45.565 ±(99.9%) 1.154 ops/ms [Average]
  (min, avg, max) = (45.157, 45.565, 46.076), stdev = 0.412
  CI (99.9%): [44.410, 46.719] (assumes normal distribution)


# JMH version: 1.37
# VM version: JDK 25.0.4.1, OpenJDK 64-Bit Server VM, 25.0.4.1+1-LTS
# VM invoker: /opt/jdk-25/bin/java
# VM options: --enable-native-access=ALL-UNNAMED -Xms2g -Xmx2g -Dbench.file=/data/pread-bench-1024mb.dat -Dbench.fileSizeMB=1024 -Dbench.dropPageCache=false
# Blackhole mode: compiler (auto-detected, use -Djmh.blackhole.autoDetect=false to disable)
# Warmup: 2 iterations, 3 s each
# Measurement: 3 iterations, 5 s each
# Timeout: 10 min per iteration
# Threads: 4 threads, will synchronize iterations
# Benchmark mode: Throughput, ops/time
# Benchmark: org.apache.lucene.benchmark.jmh.RandomReadIOBenchmark.mmapRandom_T04
# Parameters: (readSize = 16384, readsPerOp = 16)

# Run progress: 56.25% complete, ETA 00:05:08
# Fork: 1 of 2
WARNING: A terminally deprecated method in sun.misc.Unsafe has been called
WARNING: sun.misc.Unsafe::objectFieldOffset has been called by org.openjdk.jmh.util.Utils (file:/opt/bench/branch/jmh-core-1.37.jar)
WARNING: Please consider reporting this to the maintainers of class org.openjdk.jmh.util.Utils
WARNING: sun.misc.Unsafe::objectFieldOffset will be removed in a future release
# Warmup Iteration   1: 180.429 ops/ms
# Warmup Iteration   2: 182.132 ops/ms
Iteration   1: 182.010 ops/ms
Iteration   2: 183.178 ops/ms
Iteration   3: 182.103 ops/ms

# Run progress: 59.38% complete, ETA 00:04:46
# Fork: 2 of 2
WARNING: A terminally deprecated method in sun.misc.Unsafe has been called
WARNING: sun.misc.Unsafe::objectFieldOffset has been called by org.openjdk.jmh.util.Utils (file:/opt/bench/branch/jmh-core-1.37.jar)
WARNING: Please consider reporting this to the maintainers of class org.openjdk.jmh.util.Utils
WARNING: sun.misc.Unsafe::objectFieldOffset will be removed in a future release
# Warmup Iteration   1: 180.997 ops/ms
# Warmup Iteration   2: 181.338 ops/ms
Iteration   1: 182.628 ops/ms
Iteration   2: 181.594 ops/ms
Iteration   3: 182.361 ops/ms


Result "org.apache.lucene.benchmark.jmh.RandomReadIOBenchmark.mmapRandom_T04":
  182.312 ±(99.9%) 1.537 ops/ms [Average]
  (min, avg, max) = (181.594, 182.312, 183.178), stdev = 0.548
  CI (99.9%): [180.775, 183.850] (assumes normal distribution)


# JMH version: 1.37
# VM version: JDK 25.0.4.1, OpenJDK 64-Bit Server VM, 25.0.4.1+1-LTS
# VM invoker: /opt/jdk-25/bin/java
# VM options: --enable-native-access=ALL-UNNAMED -Xms2g -Xmx2g -Dbench.file=/data/pread-bench-1024mb.dat -Dbench.fileSizeMB=1024 -Dbench.dropPageCache=false
# Blackhole mode: compiler (auto-detected, use -Djmh.blackhole.autoDetect=false to disable)
# Warmup: 2 iterations, 3 s each
# Measurement: 3 iterations, 5 s each
# Timeout: 10 min per iteration
# Threads: 8 threads, will synchronize iterations
# Benchmark mode: Throughput, ops/time
# Benchmark: org.apache.lucene.benchmark.jmh.RandomReadIOBenchmark.mmapRandom_T08
# Parameters: (readSize = 16384, readsPerOp = 16)

# Run progress: 62.50% complete, ETA 00:04:24
# Fork: 1 of 2
WARNING: A terminally deprecated method in sun.misc.Unsafe has been called
WARNING: sun.misc.Unsafe::objectFieldOffset has been called by org.openjdk.jmh.util.Utils (file:/opt/bench/branch/jmh-core-1.37.jar)
WARNING: Please consider reporting this to the maintainers of class org.openjdk.jmh.util.Utils
WARNING: sun.misc.Unsafe::objectFieldOffset will be removed in a future release
# Warmup Iteration   1: 334.883 ops/ms
# Warmup Iteration   2: 336.464 ops/ms
Iteration   1: 337.281 ops/ms
Iteration   2: 337.118 ops/ms
Iteration   3: 336.059 ops/ms

# Run progress: 65.63% complete, ETA 00:04:02
# Fork: 2 of 2
WARNING: A terminally deprecated method in sun.misc.Unsafe has been called
WARNING: sun.misc.Unsafe::objectFieldOffset has been called by org.openjdk.jmh.util.Utils (file:/opt/bench/branch/jmh-core-1.37.jar)
WARNING: Please consider reporting this to the maintainers of class org.openjdk.jmh.util.Utils
WARNING: sun.misc.Unsafe::objectFieldOffset will be removed in a future release
# Warmup Iteration   1: 335.633 ops/ms
# Warmup Iteration   2: 337.467 ops/ms
Iteration   1: 337.338 ops/ms
Iteration   2: 338.912 ops/ms
Iteration   3: 337.927 ops/ms


Result "org.apache.lucene.benchmark.jmh.RandomReadIOBenchmark.mmapRandom_T08":
  337.439 ±(99.9%) 2.645 ops/ms [Average]
  (min, avg, max) = (336.059, 337.439, 338.912), stdev = 0.943
  CI (99.9%): [334.794, 340.084] (assumes normal distribution)


# JMH version: 1.37
# VM version: JDK 25.0.4.1, OpenJDK 64-Bit Server VM, 25.0.4.1+1-LTS
# VM invoker: /opt/jdk-25/bin/java
# VM options: --enable-native-access=ALL-UNNAMED -Xms2g -Xmx2g -Dbench.file=/data/pread-bench-1024mb.dat -Dbench.fileSizeMB=1024 -Dbench.dropPageCache=false
# Blackhole mode: compiler (auto-detected, use -Djmh.blackhole.autoDetect=false to disable)
# Warmup: 2 iterations, 3 s each
# Measurement: 3 iterations, 5 s each
# Timeout: 10 min per iteration
# Threads: 16 threads, will synchronize iterations
# Benchmark mode: Throughput, ops/time
# Benchmark: org.apache.lucene.benchmark.jmh.RandomReadIOBenchmark.mmapRandom_T16
# Parameters: (readSize = 16384, readsPerOp = 16)

# Run progress: 68.75% complete, ETA 00:03:40
# Fork: 1 of 2
WARNING: A terminally deprecated method in sun.misc.Unsafe has been called
WARNING: sun.misc.Unsafe::objectFieldOffset has been called by org.openjdk.jmh.util.Utils (file:/opt/bench/branch/jmh-core-1.37.jar)
WARNING: Please consider reporting this to the maintainers of class org.openjdk.jmh.util.Utils
WARNING: sun.misc.Unsafe::objectFieldOffset will be removed in a future release
# Warmup Iteration   1: 347.817 ops/ms
# Warmup Iteration   2: 351.838 ops/ms
Iteration   1: 350.162 ops/ms
Iteration   2: 349.866 ops/ms
Iteration   3: 349.885 ops/ms

# Run progress: 71.88% complete, ETA 00:03:18
# Fork: 2 of 2
WARNING: A terminally deprecated method in sun.misc.Unsafe has been called
WARNING: sun.misc.Unsafe::objectFieldOffset has been called by org.openjdk.jmh.util.Utils (file:/opt/bench/branch/jmh-core-1.37.jar)
WARNING: Please consider reporting this to the maintainers of class org.openjdk.jmh.util.Utils
WARNING: sun.misc.Unsafe::objectFieldOffset will be removed in a future release
# Warmup Iteration   1: 347.556 ops/ms
# Warmup Iteration   2: 351.160 ops/ms
Iteration   1: 351.139 ops/ms
Iteration   2: 351.558 ops/ms
Iteration   3: 350.688 ops/ms


Result "org.apache.lucene.benchmark.jmh.RandomReadIOBenchmark.mmapRandom_T16":
  350.550 ±(99.9%) 1.961 ops/ms [Average]
  (min, avg, max) = (349.866, 350.550, 351.558), stdev = 0.699
  CI (99.9%): [348.589, 352.510] (assumes normal distribution)


# JMH version: 1.37
# VM version: JDK 25.0.4.1, OpenJDK 64-Bit Server VM, 25.0.4.1+1-LTS
# VM invoker: /opt/jdk-25/bin/java
# VM options: --enable-native-access=ALL-UNNAMED -Xms2g -Xmx2g -Dbench.file=/data/pread-bench-1024mb.dat -Dbench.fileSizeMB=1024 -Dbench.dropPageCache=false
# Blackhole mode: compiler (auto-detected, use -Djmh.blackhole.autoDetect=false to disable)
# Warmup: 2 iterations, 3 s each
# Measurement: 3 iterations, 5 s each
# Timeout: 10 min per iteration
# Threads: 1 thread, will synchronize iterations
# Benchmark mode: Throughput, ops/time
# Benchmark: org.apache.lucene.benchmark.jmh.RandomReadIOBenchmark.mmap_T01
# Parameters: (readSize = 16384, readsPerOp = 16)

# Run progress: 75.00% complete, ETA 00:02:56
# Fork: 1 of 2
WARNING: A terminally deprecated method in sun.misc.Unsafe has been called
WARNING: sun.misc.Unsafe::objectFieldOffset has been called by org.openjdk.jmh.util.Utils (file:/opt/bench/branch/jmh-core-1.37.jar)
WARNING: Please consider reporting this to the maintainers of class org.openjdk.jmh.util.Utils
WARNING: sun.misc.Unsafe::objectFieldOffset will be removed in a future release
# Warmup Iteration   1: 44.122 ops/ms
# Warmup Iteration   2: 45.829 ops/ms
Iteration   1: 45.273 ops/ms
Iteration   2: 45.070 ops/ms
Iteration   3: 44.707 ops/ms

# Run progress: 78.13% complete, ETA 00:02:34
# Fork: 2 of 2
WARNING: A terminally deprecated method in sun.misc.Unsafe has been called
WARNING: sun.misc.Unsafe::objectFieldOffset has been called by org.openjdk.jmh.util.Utils (file:/opt/bench/branch/jmh-core-1.37.jar)
WARNING: Please consider reporting this to the maintainers of class org.openjdk.jmh.util.Utils
WARNING: sun.misc.Unsafe::objectFieldOffset will be removed in a future release
# Warmup Iteration   1: 44.736 ops/ms
# Warmup Iteration   2: 45.301 ops/ms
Iteration   1: 45.256 ops/ms
Iteration   2: 44.739 ops/ms
Iteration   3: 45.284 ops/ms


Result "org.apache.lucene.benchmark.jmh.RandomReadIOBenchmark.mmap_T01":
  45.055 ±(99.9%) 0.753 ops/ms [Average]
  (min, avg, max) = (44.707, 45.055, 45.284), stdev = 0.269
  CI (99.9%): [44.301, 45.808] (assumes normal distribution)


# JMH version: 1.37
# VM version: JDK 25.0.4.1, OpenJDK 64-Bit Server VM, 25.0.4.1+1-LTS
# VM invoker: /opt/jdk-25/bin/java
# VM options: --enable-native-access=ALL-UNNAMED -Xms2g -Xmx2g -Dbench.file=/data/pread-bench-1024mb.dat -Dbench.fileSizeMB=1024 -Dbench.dropPageCache=false
# Blackhole mode: compiler (auto-detected, use -Djmh.blackhole.autoDetect=false to disable)
# Warmup: 2 iterations, 3 s each
# Measurement: 3 iterations, 5 s each
# Timeout: 10 min per iteration
# Threads: 4 threads, will synchronize iterations
# Benchmark mode: Throughput, ops/time
# Benchmark: org.apache.lucene.benchmark.jmh.RandomReadIOBenchmark.mmap_T04
# Parameters: (readSize = 16384, readsPerOp = 16)

# Run progress: 81.25% complete, ETA 00:02:12
# Fork: 1 of 2
WARNING: A terminally deprecated method in sun.misc.Unsafe has been called
WARNING: sun.misc.Unsafe::objectFieldOffset has been called by org.openjdk.jmh.util.Utils (file:/opt/bench/branch/jmh-core-1.37.jar)
WARNING: Please consider reporting this to the maintainers of class org.openjdk.jmh.util.Utils
WARNING: sun.misc.Unsafe::objectFieldOffset will be removed in a future release
# Warmup Iteration   1: 179.691 ops/ms
# Warmup Iteration   2: 181.144 ops/ms
Iteration   1: 181.753 ops/ms
Iteration   2: 181.272 ops/ms
Iteration   3: 180.458 ops/ms

# Run progress: 84.38% complete, ETA 00:01:50
# Fork: 2 of 2
WARNING: A terminally deprecated method in sun.misc.Unsafe has been called
WARNING: sun.misc.Unsafe::objectFieldOffset has been called by org.openjdk.jmh.util.Utils (file:/opt/bench/branch/jmh-core-1.37.jar)
WARNING: Please consider reporting this to the maintainers of class org.openjdk.jmh.util.Utils
WARNING: sun.misc.Unsafe::objectFieldOffset will be removed in a future release
# Warmup Iteration   1: 179.272 ops/ms
# Warmup Iteration   2: 180.703 ops/ms
Iteration   1: 181.264 ops/ms
Iteration   2: 180.820 ops/ms
Iteration   3: 180.644 ops/ms


Result "org.apache.lucene.benchmark.jmh.RandomReadIOBenchmark.mmap_T04":
  181.035 ±(99.9%) 1.348 ops/ms [Average]
  (min, avg, max) = (180.458, 181.035, 181.753), stdev = 0.481
  CI (99.9%): [179.687, 182.383] (assumes normal distribution)


# JMH version: 1.37
# VM version: JDK 25.0.4.1, OpenJDK 64-Bit Server VM, 25.0.4.1+1-LTS
# VM invoker: /opt/jdk-25/bin/java
# VM options: --enable-native-access=ALL-UNNAMED -Xms2g -Xmx2g -Dbench.file=/data/pread-bench-1024mb.dat -Dbench.fileSizeMB=1024 -Dbench.dropPageCache=false
# Blackhole mode: compiler (auto-detected, use -Djmh.blackhole.autoDetect=false to disable)
# Warmup: 2 iterations, 3 s each
# Measurement: 3 iterations, 5 s each
# Timeout: 10 min per iteration
# Threads: 8 threads, will synchronize iterations
# Benchmark mode: Throughput, ops/time
# Benchmark: org.apache.lucene.benchmark.jmh.RandomReadIOBenchmark.mmap_T08
# Parameters: (readSize = 16384, readsPerOp = 16)

# Run progress: 87.50% complete, ETA 00:01:28
# Fork: 1 of 2
WARNING: A terminally deprecated method in sun.misc.Unsafe has been called
WARNING: sun.misc.Unsafe::objectFieldOffset has been called by org.openjdk.jmh.util.Utils (file:/opt/bench/branch/jmh-core-1.37.jar)
WARNING: Please consider reporting this to the maintainers of class org.openjdk.jmh.util.Utils
WARNING: sun.misc.Unsafe::objectFieldOffset will be removed in a future release
# Warmup Iteration   1: 332.528 ops/ms
# Warmup Iteration   2: 334.671 ops/ms
Iteration   1: 334.854 ops/ms
Iteration   2: 336.422 ops/ms
Iteration   3: 336.128 ops/ms

# Run progress: 90.63% complete, ETA 00:01:06
# Fork: 2 of 2
WARNING: A terminally deprecated method in sun.misc.Unsafe has been called
WARNING: sun.misc.Unsafe::objectFieldOffset has been called by org.openjdk.jmh.util.Utils (file:/opt/bench/branch/jmh-core-1.37.jar)
WARNING: Please consider reporting this to the maintainers of class org.openjdk.jmh.util.Utils
WARNING: sun.misc.Unsafe::objectFieldOffset will be removed in a future release
# Warmup Iteration   1: 332.590 ops/ms
# Warmup Iteration   2: 334.919 ops/ms
Iteration   1: 336.799 ops/ms
Iteration   2: 336.511 ops/ms
Iteration   3: 335.366 ops/ms


Result "org.apache.lucene.benchmark.jmh.RandomReadIOBenchmark.mmap_T08":
  336.013 ±(99.9%) 2.101 ops/ms [Average]
  (min, avg, max) = (334.854, 336.013, 336.799), stdev = 0.749
  CI (99.9%): [333.912, 338.114] (assumes normal distribution)


# JMH version: 1.37
# VM version: JDK 25.0.4.1, OpenJDK 64-Bit Server VM, 25.0.4.1+1-LTS
# VM invoker: /opt/jdk-25/bin/java
# VM options: --enable-native-access=ALL-UNNAMED -Xms2g -Xmx2g -Dbench.file=/data/pread-bench-1024mb.dat -Dbench.fileSizeMB=1024 -Dbench.dropPageCache=false
# Blackhole mode: compiler (auto-detected, use -Djmh.blackhole.autoDetect=false to disable)
# Warmup: 2 iterations, 3 s each
# Measurement: 3 iterations, 5 s each
# Timeout: 10 min per iteration
# Threads: 16 threads, will synchronize iterations
# Benchmark mode: Throughput, ops/time
# Benchmark: org.apache.lucene.benchmark.jmh.RandomReadIOBenchmark.mmap_T16
# Parameters: (readSize = 16384, readsPerOp = 16)

# Run progress: 93.75% complete, ETA 00:00:44
# Fork: 1 of 2
WARNING: A terminally deprecated method in sun.misc.Unsafe has been called
WARNING: sun.misc.Unsafe::objectFieldOffset has been called by org.openjdk.jmh.util.Utils (file:/opt/bench/branch/jmh-core-1.37.jar)
WARNING: Please consider reporting this to the maintainers of class org.openjdk.jmh.util.Utils
WARNING: sun.misc.Unsafe::objectFieldOffset will be removed in a future release
# Warmup Iteration   1: 344.924 ops/ms
# Warmup Iteration   2: 345.841 ops/ms
Iteration   1: 348.092 ops/ms
Iteration   2: 349.012 ops/ms
Iteration   3: 348.944 ops/ms

# Run progress: 96.88% complete, ETA 00:00:22
# Fork: 2 of 2
WARNING: A terminally deprecated method in sun.misc.Unsafe has been called
WARNING: sun.misc.Unsafe::objectFieldOffset has been called by org.openjdk.jmh.util.Utils (file:/opt/bench/branch/jmh-core-1.37.jar)
WARNING: Please consider reporting this to the maintainers of class org.openjdk.jmh.util.Utils
WARNING: sun.misc.Unsafe::objectFieldOffset will be removed in a future release
# Warmup Iteration   1: 347.091 ops/ms
# Warmup Iteration   2: 349.961 ops/ms
Iteration   1: 349.288 ops/ms
Iteration   2: 348.018 ops/ms
Iteration   3: 348.074 ops/ms


Result "org.apache.lucene.benchmark.jmh.RandomReadIOBenchmark.mmap_T16":
  348.571 ±(99.9%) 1.602 ops/ms [Average]
  (min, avg, max) = (348.018, 348.571, 349.288), stdev = 0.571
  CI (99.9%): [346.970, 350.173] (assumes normal distribution)


# Run complete. Total time: 00:11:46

REMEMBER: The numbers below are just data. To gain reusable insights, you need to follow up on
why the numbers are the way they are. Use profilers (see -prof, -lprof), design factorial
experiments, perform baseline and negative tests that provide experimental control, make sure
the benchmarking environment is safe on JVM/OS/HW level, ask for reviews from the domain experts.
Do not assume the numbers tell you what you want them to tell.

NOTE: Current JVM experimentally supports Compiler Blackholes, and they are in use. Please exercise
extra caution when trusting the results, look into the generated code to check the benchmark still
works, and factor in a small probability of new VM bugs. Additionally, while comparisons between
different JVMs are already problematic, the performance difference caused by different Blackhole
modes can be very significant. Please make sure you use the consistent Blackhole mode for comparisons.

Benchmark                                            (readSize)  (readsPerOp)   Mode  Cnt    Score   Error   Units
RandomReadIOBenchmark.mmapBatchedPrefetch_T01             16384            16  thrpt    6   44.807 ± 1.117  ops/ms
RandomReadIOBenchmark.mmapBatchedPrefetch_T04             16384            16  thrpt    6  179.674 ± 1.725  ops/ms
RandomReadIOBenchmark.mmapBatchedPrefetch_T08             16384            16  thrpt    6  333.235 ± 1.880  ops/ms
RandomReadIOBenchmark.mmapBatchedPrefetch_T16             16384            16  thrpt    6  347.930 ± 5.077  ops/ms
RandomReadIOBenchmark.mmapRandomBatchedPrefetch_T01       16384            16  thrpt    6   44.465 ± 0.620  ops/ms
RandomReadIOBenchmark.mmapRandomBatchedPrefetch_T04       16384            16  thrpt    6  179.255 ± 3.010  ops/ms
RandomReadIOBenchmark.mmapRandomBatchedPrefetch_T08       16384            16  thrpt    6  331.745 ± 3.044  ops/ms
RandomReadIOBenchmark.mmapRandomBatchedPrefetch_T16       16384            16  thrpt    6  345.888 ± 1.507  ops/ms
RandomReadIOBenchmark.mmapRandom_T01                      16384            16  thrpt    6   45.565 ± 1.154  ops/ms
RandomReadIOBenchmark.mmapRandom_T04                      16384            16  thrpt    6  182.312 ± 1.537  ops/ms
RandomReadIOBenchmark.mmapRandom_T08                      16384            16  thrpt    6  337.439 ± 2.645  ops/ms
RandomReadIOBenchmark.mmapRandom_T16                      16384            16  thrpt    6  350.550 ± 1.961  ops/ms
RandomReadIOBenchmark.mmap_T01                            16384            16  thrpt    6   45.055 ± 0.753  ops/ms
RandomReadIOBenchmark.mmap_T04                            16384            16  thrpt    6  181.035 ± 1.348  ops/ms
RandomReadIOBenchmark.mmap_T08                            16384            16  thrpt    6  336.013 ± 2.101  ops/ms
RandomReadIOBenchmark.mmap_T16                            16384            16  thrpt    6  348.571 ± 1.602  ops/ms

Benchmark result is saved to /opt/bench/results-hot2/branch-hot-randomread.json
   priming: drop caches, sequential read of /data/sf-index-1000000
WARNING: A terminally deprecated method in sun.misc.Unsafe has been called
WARNING: sun.misc.Unsafe::objectFieldOffset has been called by org.openjdk.jmh.util.Utils (file:/opt/bench/branch/jmh-core-1.37.jar)
WARNING: Please consider reporting this to the maintainers of class org.openjdk.jmh.util.Utils
WARNING: sun.misc.Unsafe::objectFieldOffset will be removed in a future release
# JMH version: 1.37
# VM version: JDK 25.0.4.1, OpenJDK 64-Bit Server VM, 25.0.4.1+1-LTS
# VM invoker: /opt/jdk-25/bin/java
# VM options: --enable-native-access=ALL-UNNAMED -Xms2g -Xmx2g -Dbench.indexPath=/data/sf-index-1000000 -Dbench.numDocs=1000000 -Dbench.docSizeBytes=4096 -Dbench.readAdvice=RANDOM -Dbench.prefetchWindow=16 -Dbench.dropPageCache=false
# Blackhole mode: compiler (auto-detected, use -Djmh.blackhole.autoDetect=false to disable)
# Warmup: 2 iterations, 2 s each
# Measurement: 3 iterations, 3 s each
# Timeout: 10 min per iteration
# Threads: 1 thread, will synchronize iterations
# Benchmark mode: Throughput, ops/time
# Benchmark: org.apache.lucene.benchmark.jmh.StoredFieldsPrefetchBenchmark.prefetchOnly_T01
# Parameters: (topK = 10)

# Run progress: 0.00% complete, ETA 00:05:12
# Fork: 1 of 2
WARNING: A terminally deprecated method in sun.misc.Unsafe has been called
WARNING: sun.misc.Unsafe::objectFieldOffset has been called by org.openjdk.jmh.util.Utils (file:/opt/bench/branch/jmh-core-1.37.jar)
WARNING: Please consider reporting this to the maintainers of class org.openjdk.jmh.util.Utils
WARNING: sun.misc.Unsafe::objectFieldOffset will be removed in a future release
# Warmup Iteration   1: Sep 30, 2026 1:06:38 AM org.apache.lucene.internal.vectorization.VectorizationProvider lookup
WARNING: Java vector incubator module is not readable. For optimal vector performance, pass '--add-modules jdk.incubator.vector' to enable Vector API.
367.561 ops/ms
# Warmup Iteration   2: 374.285 ops/ms
Iteration   1: 375.039 ops/ms
Iteration   2: 374.447 ops/ms
Iteration   3: 374.182 ops/ms

# Run progress: 4.17% complete, ETA 00:05:11
# Fork: 2 of 2
WARNING: A terminally deprecated method in sun.misc.Unsafe has been called
WARNING: sun.misc.Unsafe::objectFieldOffset has been called by org.openjdk.jmh.util.Utils (file:/opt/bench/branch/jmh-core-1.37.jar)
WARNING: Please consider reporting this to the maintainers of class org.openjdk.jmh.util.Utils
WARNING: sun.misc.Unsafe::objectFieldOffset will be removed in a future release
# Warmup Iteration   1: Sep 30, 2026 1:06:51 AM org.apache.lucene.internal.vectorization.VectorizationProvider lookup
WARNING: Java vector incubator module is not readable. For optimal vector performance, pass '--add-modules jdk.incubator.vector' to enable Vector API.
377.441 ops/ms
# Warmup Iteration   2: 385.198 ops/ms
Iteration   1: 385.734 ops/ms
Iteration   2: 385.363 ops/ms
Iteration   3: 384.937 ops/ms


Result "org.apache.lucene.benchmark.jmh.StoredFieldsPrefetchBenchmark.prefetchOnly_T01":
  379.950 ±(99.9%) 16.604 ops/ms [Average]
  (min, avg, max) = (374.182, 379.950, 385.734), stdev = 5.921
  CI (99.9%): [363.347, 396.554] (assumes normal distribution)


# JMH version: 1.37
# VM version: JDK 25.0.4.1, OpenJDK 64-Bit Server VM, 25.0.4.1+1-LTS
# VM invoker: /opt/jdk-25/bin/java
# VM options: --enable-native-access=ALL-UNNAMED -Xms2g -Xmx2g -Dbench.indexPath=/data/sf-index-1000000 -Dbench.numDocs=1000000 -Dbench.docSizeBytes=4096 -Dbench.readAdvice=RANDOM -Dbench.prefetchWindow=16 -Dbench.dropPageCache=false
# Blackhole mode: compiler (auto-detected, use -Djmh.blackhole.autoDetect=false to disable)
# Warmup: 2 iterations, 2 s each
# Measurement: 3 iterations, 3 s each
# Timeout: 10 min per iteration
# Threads: 1 thread, will synchronize iterations
# Benchmark mode: Throughput, ops/time
# Benchmark: org.apache.lucene.benchmark.jmh.StoredFieldsPrefetchBenchmark.prefetchOnly_T01
# Parameters: (topK = 100)

# Run progress: 8.33% complete, ETA 00:04:56
# Fork: 1 of 2
WARNING: A terminally deprecated method in sun.misc.Unsafe has been called
WARNING: sun.misc.Unsafe::objectFieldOffset has been called by org.openjdk.jmh.util.Utils (file:/opt/bench/branch/jmh-core-1.37.jar)
WARNING: Please consider reporting this to the maintainers of class org.openjdk.jmh.util.Utils
WARNING: sun.misc.Unsafe::objectFieldOffset will be removed in a future release
# Warmup Iteration   1: Sep 30, 2026 1:07:05 AM org.apache.lucene.internal.vectorization.VectorizationProvider lookup
WARNING: Java vector incubator module is not readable. For optimal vector performance, pass '--add-modules jdk.incubator.vector' to enable Vector API.
37.736 ops/ms
# Warmup Iteration   2: 38.608 ops/ms
Iteration   1: 38.888 ops/ms
Iteration   2: 38.779 ops/ms
Iteration   3: 38.797 ops/ms

# Run progress: 12.50% complete, ETA 00:04:42
# Fork: 2 of 2
WARNING: A terminally deprecated method in sun.misc.Unsafe has been called
WARNING: sun.misc.Unsafe::objectFieldOffset has been called by org.openjdk.jmh.util.Utils (file:/opt/bench/branch/jmh-core-1.37.jar)
WARNING: Please consider reporting this to the maintainers of class org.openjdk.jmh.util.Utils
WARNING: sun.misc.Unsafe::objectFieldOffset will be removed in a future release
# Warmup Iteration   1: Sep 30, 2026 1:07:18 AM org.apache.lucene.internal.vectorization.VectorizationProvider lookup
WARNING: Java vector incubator module is not readable. For optimal vector performance, pass '--add-modules jdk.incubator.vector' to enable Vector API.
37.820 ops/ms
# Warmup Iteration   2: 38.747 ops/ms
Iteration   1: 38.847 ops/ms
Iteration   2: 38.839 ops/ms
Iteration   3: 38.804 ops/ms


Result "org.apache.lucene.benchmark.jmh.StoredFieldsPrefetchBenchmark.prefetchOnly_T01":
  38.826 ±(99.9%) 0.112 ops/ms [Average]
  (min, avg, max) = (38.779, 38.826, 38.888), stdev = 0.040
  CI (99.9%): [38.714, 38.937] (assumes normal distribution)


# JMH version: 1.37
# VM version: JDK 25.0.4.1, OpenJDK 64-Bit Server VM, 25.0.4.1+1-LTS
# VM invoker: /opt/jdk-25/bin/java
# VM options: --enable-native-access=ALL-UNNAMED -Xms2g -Xmx2g -Dbench.indexPath=/data/sf-index-1000000 -Dbench.numDocs=1000000 -Dbench.docSizeBytes=4096 -Dbench.readAdvice=RANDOM -Dbench.prefetchWindow=16 -Dbench.dropPageCache=false
# Blackhole mode: compiler (auto-detected, use -Djmh.blackhole.autoDetect=false to disable)
# Warmup: 2 iterations, 2 s each
# Measurement: 3 iterations, 3 s each
# Timeout: 10 min per iteration
# Threads: 8 threads, will synchronize iterations
# Benchmark mode: Throughput, ops/time
# Benchmark: org.apache.lucene.benchmark.jmh.StoredFieldsPrefetchBenchmark.prefetchOnly_T08
# Parameters: (topK = 10)

# Run progress: 16.67% complete, ETA 00:04:28
# Fork: 1 of 2
WARNING: A terminally deprecated method in sun.misc.Unsafe has been called
WARNING: sun.misc.Unsafe::objectFieldOffset has been called by org.openjdk.jmh.util.Utils (file:/opt/bench/branch/jmh-core-1.37.jar)
WARNING: Please consider reporting this to the maintainers of class org.openjdk.jmh.util.Utils
WARNING: sun.misc.Unsafe::objectFieldOffset will be removed in a future release
# Warmup Iteration   1: Sep 30, 2026 1:07:31 AM org.apache.lucene.internal.vectorization.VectorizationProvider lookup
WARNING: Java vector incubator module is not readable. For optimal vector performance, pass '--add-modules jdk.incubator.vector' to enable Vector API.
2929.689 ops/ms
# Warmup Iteration   2: 2993.225 ops/ms
Iteration   1: 3009.963 ops/ms
Iteration   2: 3003.778 ops/ms
Iteration   3: 3008.603 ops/ms

# Run progress: 20.83% complete, ETA 00:04:14
# Fork: 2 of 2
WARNING: A terminally deprecated method in sun.misc.Unsafe has been called
WARNING: sun.misc.Unsafe::objectFieldOffset has been called by org.openjdk.jmh.util.Utils (file:/opt/bench/branch/jmh-core-1.37.jar)
WARNING: Please consider reporting this to the maintainers of class org.openjdk.jmh.util.Utils
WARNING: sun.misc.Unsafe::objectFieldOffset will be removed in a future release
# Warmup Iteration   1: Sep 30, 2026 1:07:45 AM org.apache.lucene.internal.vectorization.VectorizationProvider lookup
WARNING: Java vector incubator module is not readable. For optimal vector performance, pass '--add-modules jdk.incubator.vector' to enable Vector API.
3014.558 ops/ms
# Warmup Iteration   2: 3066.223 ops/ms
Iteration   1: 3079.009 ops/ms
Iteration   2: 3086.063 ops/ms
Iteration   3: 3084.539 ops/ms


Result "org.apache.lucene.benchmark.jmh.StoredFieldsPrefetchBenchmark.prefetchOnly_T08":
  3045.326 ±(99.9%) 116.682 ops/ms [Average]
  (min, avg, max) = (3003.778, 3045.326, 3086.063), stdev = 41.610
  CI (99.9%): [2928.644, 3162.008] (assumes normal distribution)


# JMH version: 1.37
# VM version: JDK 25.0.4.1, OpenJDK 64-Bit Server VM, 25.0.4.1+1-LTS
# VM invoker: /opt/jdk-25/bin/java
# VM options: --enable-native-access=ALL-UNNAMED -Xms2g -Xmx2g -Dbench.indexPath=/data/sf-index-1000000 -Dbench.numDocs=1000000 -Dbench.docSizeBytes=4096 -Dbench.readAdvice=RANDOM -Dbench.prefetchWindow=16 -Dbench.dropPageCache=false
# Blackhole mode: compiler (auto-detected, use -Djmh.blackhole.autoDetect=false to disable)
# Warmup: 2 iterations, 2 s each
# Measurement: 3 iterations, 3 s each
# Timeout: 10 min per iteration
# Threads: 8 threads, will synchronize iterations
# Benchmark mode: Throughput, ops/time
# Benchmark: org.apache.lucene.benchmark.jmh.StoredFieldsPrefetchBenchmark.prefetchOnly_T08
# Parameters: (topK = 100)

# Run progress: 25.00% complete, ETA 00:04:01
# Fork: 1 of 2
WARNING: A terminally deprecated method in sun.misc.Unsafe has been called
WARNING: sun.misc.Unsafe::objectFieldOffset has been called by org.openjdk.jmh.util.Utils (file:/opt/bench/branch/jmh-core-1.37.jar)
WARNING: Please consider reporting this to the maintainers of class org.openjdk.jmh.util.Utils
WARNING: sun.misc.Unsafe::objectFieldOffset will be removed in a future release
# Warmup Iteration   1: Sep 30, 2026 1:07:58 AM org.apache.lucene.internal.vectorization.VectorizationProvider lookup
WARNING: Java vector incubator module is not readable. For optimal vector performance, pass '--add-modules jdk.incubator.vector' to enable Vector API.
301.932 ops/ms
# Warmup Iteration   2: 307.234 ops/ms
Iteration   1: 309.087 ops/ms
Iteration   2: 309.318 ops/ms
Iteration   3: 309.114 ops/ms

# Run progress: 29.17% complete, ETA 00:03:47
# Fork: 2 of 2
WARNING: A terminally deprecated method in sun.misc.Unsafe has been called
WARNING: sun.misc.Unsafe::objectFieldOffset has been called by org.openjdk.jmh.util.Utils (file:/opt/bench/branch/jmh-core-1.37.jar)
WARNING: Please consider reporting this to the maintainers of class org.openjdk.jmh.util.Utils
WARNING: sun.misc.Unsafe::objectFieldOffset will be removed in a future release
# Warmup Iteration   1: Sep 30, 2026 1:08:11 AM org.apache.lucene.internal.vectorization.VectorizationProvider lookup
WARNING: Java vector incubator module is not readable. For optimal vector performance, pass '--add-modules jdk.incubator.vector' to enable Vector API.
300.900 ops/ms
# Warmup Iteration   2: 307.049 ops/ms
Iteration   1: 309.049 ops/ms
Iteration   2: 309.333 ops/ms
Iteration   3: 309.138 ops/ms


Result "org.apache.lucene.benchmark.jmh.StoredFieldsPrefetchBenchmark.prefetchOnly_T08":
  309.173 ±(99.9%) 0.341 ops/ms [Average]
  (min, avg, max) = (309.049, 309.173, 309.333), stdev = 0.122
  CI (99.9%): [308.832, 309.514] (assumes normal distribution)


# JMH version: 1.37
# VM version: JDK 25.0.4.1, OpenJDK 64-Bit Server VM, 25.0.4.1+1-LTS
# VM invoker: /opt/jdk-25/bin/java
# VM options: --enable-native-access=ALL-UNNAMED -Xms2g -Xmx2g -Dbench.indexPath=/data/sf-index-1000000 -Dbench.numDocs=1000000 -Dbench.docSizeBytes=4096 -Dbench.readAdvice=RANDOM -Dbench.prefetchWindow=16 -Dbench.dropPageCache=false
# Blackhole mode: compiler (auto-detected, use -Djmh.blackhole.autoDetect=false to disable)
# Warmup: 2 iterations, 2 s each
# Measurement: 3 iterations, 3 s each
# Timeout: 10 min per iteration
# Threads: 1 thread, will synchronize iterations
# Benchmark mode: Throughput, ops/time
# Benchmark: org.apache.lucene.benchmark.jmh.StoredFieldsPrefetchBenchmark.retrieveNoPrefetch_T01
# Parameters: (topK = 10)

# Run progress: 33.33% complete, ETA 00:03:34
# Fork: 1 of 2
WARNING: A terminally deprecated method in sun.misc.Unsafe has been called
WARNING: sun.misc.Unsafe::objectFieldOffset has been called by org.openjdk.jmh.util.Utils (file:/opt/bench/branch/jmh-core-1.37.jar)
WARNING: Please consider reporting this to the maintainers of class org.openjdk.jmh.util.Utils
WARNING: sun.misc.Unsafe::objectFieldOffset will be removed in a future release
# Warmup Iteration   1: Sep 30, 2026 1:08:25 AM org.apache.lucene.internal.vectorization.VectorizationProvider lookup
WARNING: Java vector incubator module is not readable. For optimal vector performance, pass '--add-modules jdk.incubator.vector' to enable Vector API.
21.199 ops/ms
# Warmup Iteration   2: 27.194 ops/ms
Iteration   1: 27.478 ops/ms
Iteration   2: 27.533 ops/ms
Iteration   3: 27.804 ops/ms

# Run progress: 37.50% complete, ETA 00:03:21
# Fork: 2 of 2
WARNING: A terminally deprecated method in sun.misc.Unsafe has been called
WARNING: sun.misc.Unsafe::objectFieldOffset has been called by org.openjdk.jmh.util.Utils (file:/opt/bench/branch/jmh-core-1.37.jar)
WARNING: Please consider reporting this to the maintainers of class org.openjdk.jmh.util.Utils
WARNING: sun.misc.Unsafe::objectFieldOffset will be removed in a future release
# Warmup Iteration   1: Sep 30, 2026 1:08:38 AM org.apache.lucene.internal.vectorization.VectorizationProvider lookup
WARNING: Java vector incubator module is not readable. For optimal vector performance, pass '--add-modules jdk.incubator.vector' to enable Vector API.
22.347 ops/ms
# Warmup Iteration   2: 27.575 ops/ms
Iteration   1: 27.570 ops/ms
Iteration   2: 27.580 ops/ms
Iteration   3: 27.677 ops/ms


Result "org.apache.lucene.benchmark.jmh.StoredFieldsPrefetchBenchmark.retrieveNoPrefetch_T01":
  27.607 ±(99.9%) 0.327 ops/ms [Average]
  (min, avg, max) = (27.478, 27.607, 27.804), stdev = 0.117
  CI (99.9%): [27.280, 27.934] (assumes normal distribution)


# JMH version: 1.37
# VM version: JDK 25.0.4.1, OpenJDK 64-Bit Server VM, 25.0.4.1+1-LTS
# VM invoker: /opt/jdk-25/bin/java
# VM options: --enable-native-access=ALL-UNNAMED -Xms2g -Xmx2g -Dbench.indexPath=/data/sf-index-1000000 -Dbench.numDocs=1000000 -Dbench.docSizeBytes=4096 -Dbench.readAdvice=RANDOM -Dbench.prefetchWindow=16 -Dbench.dropPageCache=false
# Blackhole mode: compiler (auto-detected, use -Djmh.blackhole.autoDetect=false to disable)
# Warmup: 2 iterations, 2 s each
# Measurement: 3 iterations, 3 s each
# Timeout: 10 min per iteration
# Threads: 1 thread, will synchronize iterations
# Benchmark mode: Throughput, ops/time
# Benchmark: org.apache.lucene.benchmark.jmh.StoredFieldsPrefetchBenchmark.retrieveNoPrefetch_T01
# Parameters: (topK = 100)

# Run progress: 41.67% complete, ETA 00:03:07
# Fork: 1 of 2
WARNING: A terminally deprecated method in sun.misc.Unsafe has been called
WARNING: sun.misc.Unsafe::objectFieldOffset has been called by org.openjdk.jmh.util.Utils (file:/opt/bench/branch/jmh-core-1.37.jar)
WARNING: Please consider reporting this to the maintainers of class org.openjdk.jmh.util.Utils
WARNING: sun.misc.Unsafe::objectFieldOffset will be removed in a future release
# Warmup Iteration   1: Sep 30, 2026 1:08:52 AM org.apache.lucene.internal.vectorization.VectorizationProvider lookup
WARNING: Java vector incubator module is not readable. For optimal vector performance, pass '--add-modules jdk.incubator.vector' to enable Vector API.
2.186 ops/ms
# Warmup Iteration   2: 2.743 ops/ms
Iteration   1: 2.779 ops/ms
Iteration   2: 2.795 ops/ms
Iteration   3: 2.780 ops/ms

# Run progress: 45.83% complete, ETA 00:02:54
# Fork: 2 of 2
WARNING: A terminally deprecated method in sun.misc.Unsafe has been called
WARNING: sun.misc.Unsafe::objectFieldOffset has been called by org.openjdk.jmh.util.Utils (file:/opt/bench/branch/jmh-core-1.37.jar)
WARNING: Please consider reporting this to the maintainers of class org.openjdk.jmh.util.Utils
WARNING: sun.misc.Unsafe::objectFieldOffset will be removed in a future release
# Warmup Iteration   1: Sep 30, 2026 1:09:05 AM org.apache.lucene.internal.vectorization.VectorizationProvider lookup
WARNING: Java vector incubator module is not readable. For optimal vector performance, pass '--add-modules jdk.incubator.vector' to enable Vector API.
2.201 ops/ms
# Warmup Iteration   2: 2.745 ops/ms
Iteration   1: 2.753 ops/ms
Iteration   2: 2.763 ops/ms
Iteration   3: 2.796 ops/ms


Result "org.apache.lucene.benchmark.jmh.StoredFieldsPrefetchBenchmark.retrieveNoPrefetch_T01":
  2.778 ±(99.9%) 0.047 ops/ms [Average]
  (min, avg, max) = (2.753, 2.778, 2.796), stdev = 0.017
  CI (99.9%): [2.730, 2.825] (assumes normal distribution)


# JMH version: 1.37
# VM version: JDK 25.0.4.1, OpenJDK 64-Bit Server VM, 25.0.4.1+1-LTS
# VM invoker: /opt/jdk-25/bin/java
# VM options: --enable-native-access=ALL-UNNAMED -Xms2g -Xmx2g -Dbench.indexPath=/data/sf-index-1000000 -Dbench.numDocs=1000000 -Dbench.docSizeBytes=4096 -Dbench.readAdvice=RANDOM -Dbench.prefetchWindow=16 -Dbench.dropPageCache=false
# Blackhole mode: compiler (auto-detected, use -Djmh.blackhole.autoDetect=false to disable)
# Warmup: 2 iterations, 2 s each
# Measurement: 3 iterations, 3 s each
# Timeout: 10 min per iteration
# Threads: 8 threads, will synchronize iterations
# Benchmark mode: Throughput, ops/time
# Benchmark: org.apache.lucene.benchmark.jmh.StoredFieldsPrefetchBenchmark.retrieveNoPrefetch_T08
# Parameters: (topK = 10)

# Run progress: 50.00% complete, ETA 00:02:41
# Fork: 1 of 2
WARNING: A terminally deprecated method in sun.misc.Unsafe has been called
WARNING: sun.misc.Unsafe::objectFieldOffset has been called by org.openjdk.jmh.util.Utils (file:/opt/bench/branch/jmh-core-1.37.jar)
WARNING: Please consider reporting this to the maintainers of class org.openjdk.jmh.util.Utils
WARNING: sun.misc.Unsafe::objectFieldOffset will be removed in a future release
# Warmup Iteration   1: Sep 30, 2026 1:09:19 AM org.apache.lucene.internal.vectorization.VectorizationProvider lookup
WARNING: Java vector incubator module is not readable. For optimal vector performance, pass '--add-modules jdk.incubator.vector' to enable Vector API.
149.041 ops/ms
# Warmup Iteration   2: 171.454 ops/ms
Iteration   1: 171.626 ops/ms
Iteration   2: 171.760 ops/ms
Iteration   3: 171.707 ops/ms

# Run progress: 54.17% complete, ETA 00:02:28
# Fork: 2 of 2
WARNING: A terminally deprecated method in sun.misc.Unsafe has been called
WARNING: sun.misc.Unsafe::objectFieldOffset has been called by org.openjdk.jmh.util.Utils (file:/opt/bench/branch/jmh-core-1.37.jar)
WARNING: Please consider reporting this to the maintainers of class org.openjdk.jmh.util.Utils
WARNING: sun.misc.Unsafe::objectFieldOffset will be removed in a future release
# Warmup Iteration   1: Sep 30, 2026 1:09:33 AM org.apache.lucene.internal.vectorization.VectorizationProvider lookup
WARNING: Java vector incubator module is not readable. For optimal vector performance, pass '--add-modules jdk.incubator.vector' to enable Vector API.
148.683 ops/ms
# Warmup Iteration   2: 173.647 ops/ms
Iteration   1: 173.610 ops/ms
Iteration   2: 173.158 ops/ms
Iteration   3: 173.180 ops/ms


Result "org.apache.lucene.benchmark.jmh.StoredFieldsPrefetchBenchmark.retrieveNoPrefetch_T08":
  172.507 ±(99.9%) 2.529 ops/ms [Average]
  (min, avg, max) = (171.626, 172.507, 173.610), stdev = 0.902
  CI (99.9%): [169.978, 175.036] (assumes normal distribution)


# JMH version: 1.37
# VM version: JDK 25.0.4.1, OpenJDK 64-Bit Server VM, 25.0.4.1+1-LTS
# VM invoker: /opt/jdk-25/bin/java
# VM options: --enable-native-access=ALL-UNNAMED -Xms2g -Xmx2g -Dbench.indexPath=/data/sf-index-1000000 -Dbench.numDocs=1000000 -Dbench.docSizeBytes=4096 -Dbench.readAdvice=RANDOM -Dbench.prefetchWindow=16 -Dbench.dropPageCache=false
# Blackhole mode: compiler (auto-detected, use -Djmh.blackhole.autoDetect=false to disable)
# Warmup: 2 iterations, 2 s each
# Measurement: 3 iterations, 3 s each
# Timeout: 10 min per iteration
# Threads: 8 threads, will synchronize iterations
# Benchmark mode: Throughput, ops/time
# Benchmark: org.apache.lucene.benchmark.jmh.StoredFieldsPrefetchBenchmark.retrieveNoPrefetch_T08
# Parameters: (topK = 100)

# Run progress: 58.33% complete, ETA 00:02:15
# Fork: 1 of 2
WARNING: A terminally deprecated method in sun.misc.Unsafe has been called
WARNING: sun.misc.Unsafe::objectFieldOffset has been called by org.openjdk.jmh.util.Utils (file:/opt/bench/branch/jmh-core-1.37.jar)
WARNING: Please consider reporting this to the maintainers of class org.openjdk.jmh.util.Utils
WARNING: sun.misc.Unsafe::objectFieldOffset will be removed in a future release
# Warmup Iteration   1: Sep 30, 2026 1:09:47 AM org.apache.lucene.internal.vectorization.VectorizationProvider lookup
WARNING: Java vector incubator module is not readable. For optimal vector performance, pass '--add-modules jdk.incubator.vector' to enable Vector API.
15.094 ops/ms
# Warmup Iteration   2: 17.121 ops/ms
Iteration   1: 17.192 ops/ms
Iteration   2: 17.069 ops/ms
Iteration   3: 17.191 ops/ms

# Run progress: 62.50% complete, ETA 00:02:02
# Fork: 2 of 2
WARNING: A terminally deprecated method in sun.misc.Unsafe has been called
WARNING: sun.misc.Unsafe::objectFieldOffset has been called by org.openjdk.jmh.util.Utils (file:/opt/bench/branch/jmh-core-1.37.jar)
WARNING: Please consider reporting this to the maintainers of class org.openjdk.jmh.util.Utils
WARNING: sun.misc.Unsafe::objectFieldOffset will be removed in a future release
# Warmup Iteration   1: Sep 30, 2026 1:10:02 AM org.apache.lucene.internal.vectorization.VectorizationProvider lookup
WARNING: Java vector incubator module is not readable. For optimal vector performance, pass '--add-modules jdk.incubator.vector' to enable Vector API.
15.085 ops/ms
# Warmup Iteration   2: 17.205 ops/ms
Iteration   1: 17.229 ops/ms
Iteration   2: 17.139 ops/ms
Iteration   3: 17.321 ops/ms


Result "org.apache.lucene.benchmark.jmh.StoredFieldsPrefetchBenchmark.retrieveNoPrefetch_T08":
  17.190 ±(99.9%) 0.238 ops/ms [Average]
  (min, avg, max) = (17.069, 17.190, 17.321), stdev = 0.085
  CI (99.9%): [16.952, 17.427] (assumes normal distribution)


# JMH version: 1.37
# VM version: JDK 25.0.4.1, OpenJDK 64-Bit Server VM, 25.0.4.1+1-LTS
# VM invoker: /opt/jdk-25/bin/java
# VM options: --enable-native-access=ALL-UNNAMED -Xms2g -Xmx2g -Dbench.indexPath=/data/sf-index-1000000 -Dbench.numDocs=1000000 -Dbench.docSizeBytes=4096 -Dbench.readAdvice=RANDOM -Dbench.prefetchWindow=16 -Dbench.dropPageCache=false
# Blackhole mode: compiler (auto-detected, use -Djmh.blackhole.autoDetect=false to disable)
# Warmup: 2 iterations, 2 s each
# Measurement: 3 iterations, 3 s each
# Timeout: 10 min per iteration
# Threads: 1 thread, will synchronize iterations
# Benchmark mode: Throughput, ops/time
# Benchmark: org.apache.lucene.benchmark.jmh.StoredFieldsPrefetchBenchmark.retrievePrefetchThenRead_T01
# Parameters: (topK = 10)

# Run progress: 66.67% complete, ETA 00:01:49
# Fork: 1 of 2
WARNING: A terminally deprecated method in sun.misc.Unsafe has been called
WARNING: sun.misc.Unsafe::objectFieldOffset has been called by org.openjdk.jmh.util.Utils (file:/opt/bench/branch/jmh-core-1.37.jar)
WARNING: Please consider reporting this to the maintainers of class org.openjdk.jmh.util.Utils
WARNING: sun.misc.Unsafe::objectFieldOffset will be removed in a future release
# Warmup Iteration   1: Sep 30, 2026 1:10:16 AM org.apache.lucene.internal.vectorization.VectorizationProvider lookup
WARNING: Java vector incubator module is not readable. For optimal vector performance, pass '--add-modules jdk.incubator.vector' to enable Vector API.
20.610 ops/ms
# Warmup Iteration   2: 25.879 ops/ms
Iteration   1: 25.777 ops/ms
Iteration   2: 26.021 ops/ms
Iteration   3: 25.858 ops/ms

# Run progress: 70.83% complete, ETA 00:01:35
# Fork: 2 of 2
WARNING: A terminally deprecated method in sun.misc.Unsafe has been called
WARNING: sun.misc.Unsafe::objectFieldOffset has been called by org.openjdk.jmh.util.Utils (file:/opt/bench/branch/jmh-core-1.37.jar)
WARNING: Please consider reporting this to the maintainers of class org.openjdk.jmh.util.Utils
WARNING: sun.misc.Unsafe::objectFieldOffset will be removed in a future release
# Warmup Iteration   1: Sep 30, 2026 1:10:30 AM org.apache.lucene.internal.vectorization.VectorizationProvider lookup
WARNING: Java vector incubator module is not readable. For optimal vector performance, pass '--add-modules jdk.incubator.vector' to enable Vector API.
20.123 ops/ms
# Warmup Iteration   2: 25.607 ops/ms
Iteration   1: 25.571 ops/ms
Iteration   2: 25.902 ops/ms
Iteration   3: 25.516 ops/ms


Result "org.apache.lucene.benchmark.jmh.StoredFieldsPrefetchBenchmark.retrievePrefetchThenRead_T01":
  25.774 ±(99.9%) 0.549 ops/ms [Average]
  (min, avg, max) = (25.516, 25.774, 26.021), stdev = 0.196
  CI (99.9%): [25.225, 26.323] (assumes normal distribution)


# JMH version: 1.37
# VM version: JDK 25.0.4.1, OpenJDK 64-Bit Server VM, 25.0.4.1+1-LTS
# VM invoker: /opt/jdk-25/bin/java
# VM options: --enable-native-access=ALL-UNNAMED -Xms2g -Xmx2g -Dbench.indexPath=/data/sf-index-1000000 -Dbench.numDocs=1000000 -Dbench.docSizeBytes=4096 -Dbench.readAdvice=RANDOM -Dbench.prefetchWindow=16 -Dbench.dropPageCache=false
# Blackhole mode: compiler (auto-detected, use -Djmh.blackhole.autoDetect=false to disable)
# Warmup: 2 iterations, 2 s each
# Measurement: 3 iterations, 3 s each
# Timeout: 10 min per iteration
# Threads: 1 thread, will synchronize iterations
# Benchmark mode: Throughput, ops/time
# Benchmark: org.apache.lucene.benchmark.jmh.StoredFieldsPrefetchBenchmark.retrievePrefetchThenRead_T01
# Parameters: (topK = 100)

# Run progress: 75.00% complete, ETA 00:01:21
# Fork: 1 of 2
WARNING: A terminally deprecated method in sun.misc.Unsafe has been called
WARNING: sun.misc.Unsafe::objectFieldOffset has been called by org.openjdk.jmh.util.Utils (file:/opt/bench/branch/jmh-core-1.37.jar)
WARNING: Please consider reporting this to the maintainers of class org.openjdk.jmh.util.Utils
WARNING: sun.misc.Unsafe::objectFieldOffset will be removed in a future release
# Warmup Iteration   1: Sep 30, 2026 1:10:43 AM org.apache.lucene.internal.vectorization.VectorizationProvider lookup
WARNING: Java vector incubator module is not readable. For optimal vector performance, pass '--add-modules jdk.incubator.vector' to enable Vector API.
2.058 ops/ms
# Warmup Iteration   2: 2.524 ops/ms
Iteration   1: 2.553 ops/ms
Iteration   2: 2.568 ops/ms
Iteration   3: 2.588 ops/ms

# Run progress: 79.17% complete, ETA 00:01:08
# Fork: 2 of 2
WARNING: A terminally deprecated method in sun.misc.Unsafe has been called
WARNING: sun.misc.Unsafe::objectFieldOffset has been called by org.openjdk.jmh.util.Utils (file:/opt/bench/branch/jmh-core-1.37.jar)
WARNING: Please consider reporting this to the maintainers of class org.openjdk.jmh.util.Utils
WARNING: sun.misc.Unsafe::objectFieldOffset will be removed in a future release
# Warmup Iteration   1: Sep 30, 2026 1:10:57 AM org.apache.lucene.internal.vectorization.VectorizationProvider lookup
WARNING: Java vector incubator module is not readable. For optimal vector performance, pass '--add-modules jdk.incubator.vector' to enable Vector API.
2.027 ops/ms
# Warmup Iteration   2: 2.583 ops/ms
Iteration   1: 2.564 ops/ms
Iteration   2: 2.627 ops/ms
Iteration   3: 2.625 ops/ms


Result "org.apache.lucene.benchmark.jmh.StoredFieldsPrefetchBenchmark.retrievePrefetchThenRead_T01":
  2.587 ±(99.9%) 0.089 ops/ms [Average]
  (min, avg, max) = (2.553, 2.587, 2.627), stdev = 0.032
  CI (99.9%): [2.498, 2.677] (assumes normal distribution)


# JMH version: 1.37
# VM version: JDK 25.0.4.1, OpenJDK 64-Bit Server VM, 25.0.4.1+1-LTS
# VM invoker: /opt/jdk-25/bin/java
# VM options: --enable-native-access=ALL-UNNAMED -Xms2g -Xmx2g -Dbench.indexPath=/data/sf-index-1000000 -Dbench.numDocs=1000000 -Dbench.docSizeBytes=4096 -Dbench.readAdvice=RANDOM -Dbench.prefetchWindow=16 -Dbench.dropPageCache=false
# Blackhole mode: compiler (auto-detected, use -Djmh.blackhole.autoDetect=false to disable)
# Warmup: 2 iterations, 2 s each
# Measurement: 3 iterations, 3 s each
# Timeout: 10 min per iteration
# Threads: 8 threads, will synchronize iterations
# Benchmark mode: Throughput, ops/time
# Benchmark: org.apache.lucene.benchmark.jmh.StoredFieldsPrefetchBenchmark.retrievePrefetchThenRead_T08
# Parameters: (topK = 10)

# Run progress: 83.33% complete, ETA 00:00:54
# Fork: 1 of 2
WARNING: A terminally deprecated method in sun.misc.Unsafe has been called
WARNING: sun.misc.Unsafe::objectFieldOffset has been called by org.openjdk.jmh.util.Utils (file:/opt/bench/branch/jmh-core-1.37.jar)
WARNING: Please consider reporting this to the maintainers of class org.openjdk.jmh.util.Utils
WARNING: sun.misc.Unsafe::objectFieldOffset will be removed in a future release
# Warmup Iteration   1: Sep 30, 2026 1:11:10 AM org.apache.lucene.internal.vectorization.VectorizationProvider lookup
WARNING: Java vector incubator module is not readable. For optimal vector performance, pass '--add-modules jdk.incubator.vector' to enable Vector API.
142.154 ops/ms
# Warmup Iteration   2: 163.852 ops/ms
Iteration   1: 165.783 ops/ms
Iteration   2: 166.470 ops/ms
Iteration   3: 165.224 ops/ms

# Run progress: 87.50% complete, ETA 00:00:40
# Fork: 2 of 2
WARNING: A terminally deprecated method in sun.misc.Unsafe has been called
WARNING: sun.misc.Unsafe::objectFieldOffset has been called by org.openjdk.jmh.util.Utils (file:/opt/bench/branch/jmh-core-1.37.jar)
WARNING: Please consider reporting this to the maintainers of class org.openjdk.jmh.util.Utils
WARNING: sun.misc.Unsafe::objectFieldOffset will be removed in a future release
# Warmup Iteration   1: Sep 30, 2026 1:11:24 AM org.apache.lucene.internal.vectorization.VectorizationProvider lookup
WARNING: Java vector incubator module is not readable. For optimal vector performance, pass '--add-modules jdk.incubator.vector' to enable Vector API.
141.109 ops/ms
# Warmup Iteration   2: 165.147 ops/ms
Iteration   1: 165.086 ops/ms
Iteration   2: 165.210 ops/ms
Iteration   3: 164.942 ops/ms


Result "org.apache.lucene.benchmark.jmh.StoredFieldsPrefetchBenchmark.retrievePrefetchThenRead_T08":
  165.453 ±(99.9%) 1.611 ops/ms [Average]
  (min, avg, max) = (164.942, 165.453, 166.470), stdev = 0.574
  CI (99.9%): [163.842, 167.063] (assumes normal distribution)


# JMH version: 1.37
# VM version: JDK 25.0.4.1, OpenJDK 64-Bit Server VM, 25.0.4.1+1-LTS
# VM invoker: /opt/jdk-25/bin/java
# VM options: --enable-native-access=ALL-UNNAMED -Xms2g -Xmx2g -Dbench.indexPath=/data/sf-index-1000000 -Dbench.numDocs=1000000 -Dbench.docSizeBytes=4096 -Dbench.readAdvice=RANDOM -Dbench.prefetchWindow=16 -Dbench.dropPageCache=false
# Blackhole mode: compiler (auto-detected, use -Djmh.blackhole.autoDetect=false to disable)
# Warmup: 2 iterations, 2 s each
# Measurement: 3 iterations, 3 s each
# Timeout: 10 min per iteration
# Threads: 8 threads, will synchronize iterations
# Benchmark mode: Throughput, ops/time
# Benchmark: org.apache.lucene.benchmark.jmh.StoredFieldsPrefetchBenchmark.retrievePrefetchThenRead_T08
# Parameters: (topK = 100)

# Run progress: 91.67% complete, ETA 00:00:27
# Fork: 1 of 2
WARNING: A terminally deprecated method in sun.misc.Unsafe has been called
WARNING: sun.misc.Unsafe::objectFieldOffset has been called by org.openjdk.jmh.util.Utils (file:/opt/bench/branch/jmh-core-1.37.jar)
WARNING: Please consider reporting this to the maintainers of class org.openjdk.jmh.util.Utils
WARNING: sun.misc.Unsafe::objectFieldOffset will be removed in a future release
# Warmup Iteration   1: Sep 30, 2026 1:11:39 AM org.apache.lucene.internal.vectorization.VectorizationProvider lookup
WARNING: Java vector incubator module is not readable. For optimal vector performance, pass '--add-modules jdk.incubator.vector' to enable Vector API.
14.120 ops/ms
# Warmup Iteration   2: 16.501 ops/ms
Iteration   1: 16.682 ops/ms
Iteration   2: 16.737 ops/ms
Iteration   3: 16.519 ops/ms

# Run progress: 95.83% complete, ETA 00:00:13
# Fork: 2 of 2
WARNING: A terminally deprecated method in sun.misc.Unsafe has been called
WARNING: sun.misc.Unsafe::objectFieldOffset has been called by org.openjdk.jmh.util.Utils (file:/opt/bench/branch/jmh-core-1.37.jar)
WARNING: Please consider reporting this to the maintainers of class org.openjdk.jmh.util.Utils
WARNING: sun.misc.Unsafe::objectFieldOffset will be removed in a future release
# Warmup Iteration   1: Sep 30, 2026 1:11:53 AM org.apache.lucene.internal.vectorization.VectorizationProvider lookup
WARNING: Java vector incubator module is not readable. For optimal vector performance, pass '--add-modules jdk.incubator.vector' to enable Vector API.
14.470 ops/ms
# Warmup Iteration   2: 16.689 ops/ms
Iteration   1: 16.777 ops/ms
Iteration   2: 16.694 ops/ms
Iteration   3: 16.702 ops/ms


Result "org.apache.lucene.benchmark.jmh.StoredFieldsPrefetchBenchmark.retrievePrefetchThenRead_T08":
  16.685 ±(99.9%) 0.248 ops/ms [Average]
  (min, avg, max) = (16.519, 16.685, 16.777), stdev = 0.088
  CI (99.9%): [16.437, 16.933] (assumes normal distribution)


# Run complete. Total time: 00:05:30

REMEMBER: The numbers below are just data. To gain reusable insights, you need to follow up on
why the numbers are the way they are. Use profilers (see -prof, -lprof), design factorial
experiments, perform baseline and negative tests that provide experimental control, make sure
the benchmarking environment is safe on JVM/OS/HW level, ask for reviews from the domain experts.
Do not assume the numbers tell you what you want them to tell.

NOTE: Current JVM experimentally supports Compiler Blackholes, and they are in use. Please exercise
extra caution when trusting the results, look into the generated code to check the benchmark still
works, and factor in a small probability of new VM bugs. Additionally, while comparisons between
different JVMs are already problematic, the performance difference caused by different Blackhole
modes can be very significant. Please make sure you use the consistent Blackhole mode for comparisons.

Benchmark                                                   (topK)   Mode  Cnt     Score     Error   Units
StoredFieldsPrefetchBenchmark.prefetchOnly_T01                  10  thrpt    6   379.950 ±  16.604  ops/ms
StoredFieldsPrefetchBenchmark.prefetchOnly_T01                 100  thrpt    6    38.826 ±   0.112  ops/ms
StoredFieldsPrefetchBenchmark.prefetchOnly_T08                  10  thrpt    6  3045.326 ± 116.682  ops/ms
StoredFieldsPrefetchBenchmark.prefetchOnly_T08                 100  thrpt    6   309.173 ±   0.341  ops/ms
StoredFieldsPrefetchBenchmark.retrieveNoPrefetch_T01            10  thrpt    6    27.607 ±   0.327  ops/ms
StoredFieldsPrefetchBenchmark.retrieveNoPrefetch_T01           100  thrpt    6     2.778 ±   0.047  ops/ms
StoredFieldsPrefetchBenchmark.retrieveNoPrefetch_T08            10  thrpt    6   172.507 ±   2.529  ops/ms
StoredFieldsPrefetchBenchmark.retrieveNoPrefetch_T08           100  thrpt    6    17.190 ±   0.238  ops/ms
StoredFieldsPrefetchBenchmark.retrievePrefetchThenRead_T01      10  thrpt    6    25.774 ±   0.549  ops/ms
StoredFieldsPrefetchBenchmark.retrievePrefetchThenRead_T01     100  thrpt    6     2.587 ±   0.089  ops/ms
StoredFieldsPrefetchBenchmark.retrievePrefetchThenRead_T08      10  thrpt    6   165.453 ±   1.611  ops/ms
StoredFieldsPrefetchBenchmark.retrievePrefetchThenRead_T08     100  thrpt    6    16.685 ±   0.248  ops/ms

Benchmark result is saved to /opt/bench/results-hot2/branch-hot-storedfields.json
== done branch / hot  2026-09-30T01:12:07Z
== ALL DONE 2026-09-30T01:12:07Z
